lat,lng,label,source
35.1381204,126.9114119,0,simulation
35.1411735,126.9181615,0,simulation
35.1384912,126.9159415,0,simulation
35.1391193,126.9144057,0,simulation
35.1378065,126.9116063,0,simulation
35.1378327,126.9160467,0,simulation
35.1387487,126.9144334,0,simulation
35.1390928,126.9106213,0,simulation
35.1382627,126.915275,0,simulation
35.138486,126.9154943,0,simulation
35.1404027,126.9174724,0,simulation
35.1382857,126.9156562,0,simulation
35.139456,126.9120428,0,simulation
35.1512943,126.9488838,1,simulation
35.1383922,126.915654,0,simulation
35.1402293,126.9144431,0,simulation
35.140928,126.9141449,0,simulation
35.1402395,126.9140845,0,simulation
35.1382601,126.9166927,0,simulation
35.1408546,126.9175811,0,simulation
35.1388638,126.9141358,0,simulation
35.1380166,126.9159086,0,simulation
35.1383696,126.9158043,0,simulation
35.1384033,126.9160117,0,simulation
35.1380017,126.9118812,0,simulation
35.140666,126.9142461,0,simulation
35.1379659,126.9155527,0,simulation
35.1395638,126.9112488,0,simulation
35.139627,126.9109799,0,simulation
35.1381632,126.9115528,0,simulation
35.1375732,126.915691,0,simulation
35.1393724,126.914675,0,simulation
35.1390633,126.9144313,0,simulation
35.1381753,126.9158156,0,simulation
35.140253,126.9145886,0,simulation
35.1384501,126.9120726,0,synthetic
35.1387063,126.9152203,0,simulation
35.1405965,126.9172277,0,simulation
35.1370126,126.9199313,1,simulation
35.1413936,126.9139746,0,simulation
35.1412807,126.9139914,0,simulation
35.1378267,126.9116694,0,simulation
35.1405394,126.9174316,0,simulation
35.1406711,126.9180528,0,simulation
35.1406725,126.9178606,0,simulation
35.1391046,126.9115834,0,simulation
35.137404,126.9121547,0,simulation
35.1388014,126.9118939,0,simulation
35.1386526,126.914778,0,simulation
35.1377715,126.9123325,0,simulation
35.1383814,126.9156051,0,simulation
35.1388952,126.9117444,0,simulation
35.1384656,126.9161379,0,simulation
35.1378859,126.9161352,0,simulation
35.1416421,126.914505,0,simulation
35.1383077,126.9119181,0,simulation
35.1386816,126.9117758,0,simulation
35.1408383,126.9148422,0,simulation
35.1412575,126.9138904,0,simulation
35.1403865,126.9139173,0,simulation
35.1384051,126.9156476,0,simulation
35.1425418,126.9120726,0,synthetic
35.1403499,126.9166999,0,simulation
35.138364,126.9157266,0,simulation
35.1413794,126.9142152,0,simulation
35.1388522,126.9144916,0,simulation
35.1412617,126.9139545,0,simulation
35.1403643,126.9141539,0,simulation
35.1386994,126.9158412,0,synthetic
35.1393874,126.9142864,0,simulation
35.1384719,126.9154581,0,simulation
35.1392262,126.9116381,0,synthetic
35.1376967,126.9114187,0,simulation
35.1385465,126.9116996,0,simulation
35.1381839,126.9155092,0,synthetic
35.1395148,126.9110243,0,synthetic
35.1400132,126.9170764,0,simulation
35.1408422,126.9175872,0,simulation
35.1395347,126.9111952,0,simulation
35.1389314,126.9143191,0,simulation
35.1375552,126.9122266,0,simulation
35.1403796,126.9140803,0,simulation
35.1393562,126.9110468,0,simulation
35.1383438,126.9155226,0,simulation
35.1393383,126.9113925,0,simulation
35.1392537,126.911513,0,simulation
35.1382577,126.9159064,0,simulation
35.1379377,126.9116931,0,simulation
35.1378009,126.9121689,0,simulation
35.1395962,126.9108433,0,simulation
35.1404588,126.9177899,0,synthetic
35.1408795,126.9140634,0,simulation
35.140906,126.9147896,0,simulation
35.1399509,126.9174803,0,simulation
35.1389702,126.9138004,0,simulation
35.1410178,126.9141745,0,simulation
35.1406619,126.9143976,0,simulation
35.1412742,126.9140393,0,synthetic
35.1386386,126.9143408,0,simulation
35.137838,126.9115061,0,simulation
35.1403307,126.914312,0,simulation
35.1375015,126.9117416,0,simulation
35.1415927,126.9112431,0,synthetic
35.1410212,126.9138001,0,simulation
35.1404304,126.9177466,0,simulation
35.1387715,126.9121886,0,simulation
35.1418791,126.9133605,0,simulation
35.1390801,126.9148393,0,simulation
35.14045,126.9146645,0,simulation
35.138419,126.9148963,0,simulation
35.1394553,126.911585,0,simulation
35.1385037,126.9112977,0,simulation
35.1380614,126.9155021,0,simulation
35.1407926,126.9175113,0,simulation
35.1370101,126.9122344,0,simulation
35.139763,126.9116292,0,simulation
35.1383394,126.9161126,0,simulation
35.1406226,126.9145431,0,simulation
35.1380686,126.9118068,0,simulation
35.1394478,126.9111411,0,simulation
35.1382574,126.9157105,0,simulation
35.1404444,126.9175517,0,simulation
35.1378026,126.9160458,0,simulation
35.1378589,126.9118964,0,simulation
35.13851,126.9160836,0,simulation
35.1404395,126.9175663,0,simulation
35.1406727,126.9146212,0,simulation
35.1395845,126.9114428,0,simulation
35.1393002,126.911249,0,simulation
35.1403707,126.9171115,0,simulation
35.1381002,126.91556,0,simulation
35.1381266,126.9154016,0,simulation
35.1382817,126.9158046,0,simulation
35.1394166,126.9110034,0,simulation
35.1400497,126.9176706,0,simulation
35.1381493,126.9116723,0,simulation
35.1383191,126.9119346,0,simulation
35.1411658,126.9139851,0,simulation
35.1405561,126.9175557,0,simulation
35.1411104,126.9139433,0,simulation
35.1385691,126.912077,0,simulation
35.1384611,126.9157082,0,simulation
35.140262,126.9175955,0,simulation
35.1404677,126.9174266,0,simulation
35.1392153,126.9144286,0,simulation
35.1398304,126.9113709,0,simulation
35.1383931,126.9161524,0,simulation
35.138325,126.9161348,0,simulation
35.1382625,126.9159853,0,simulation
35.1409215,126.9147696,0,simulation
35.1380421,126.9114865,0,simulation
35.1377957,126.9152181,0,simulation
35.1384445,126.9159721,0,simulation
35.141606,126.9140499,0,simulation
35.1408748,126.9138045,0,simulation
35.1383799,126.9154935,0,simulation
35.1400575,126.914587,0,simulation
35.1377823,126.9116329,0,simulation
35.1388157,126.9161429,0,simulation
35.1408612,126.9175869,0,simulation
35.1381727,126.915496,0,simulation
35.140239,126.9178104,0,simulation
35.1898785,126.9088526,1,simulation
35.1382029,126.911882,0,simulation
35.1823396,126.9229788,1,simulation
35.1380778,126.9159018,0,simulation
35.1385085,126.9160258,0,simulation
35.1382026,126.9116386,0,simulation
35.1413383,126.9133596,0,simulation
35.1404259,126.9178261,0,simulation
35.1387513,126.9119575,0,synthetic
35.1374999,126.9159401,0,simulation
35.1382646,126.9160113,0,simulation
35.1403412,126.9176108,0,simulation
35.2156396,126.9795876,1,synthetic
35.1178015,126.881981,1,synthetic
35.1383841,126.9118604,0,simulation
35.1376234,126.9154266,0,simulation
35.139669,126.9109696,0,simulation
35.1400161,126.9112285,0,simulation
35.1407669,126.9180604,0,simulation
35.1399425,126.9146261,0,synthetic
35.1380006,126.9118288,0,synthetic
35.1404066,126.9139665,0,simulation
35.1381156,126.9160757,0,simulation
35.1388159,126.9142439,0,simulation
35.1388005,126.9157304,0,simulation
35.1405893,126.9136914,0,simulation
35.1394679,126.9111343,0,simulation
35.1384653,126.9158764,0,synthetic
35.1394507,126.9109752,0,simulation
35.1417396,126.9139981,0,simulation
35.1385932,126.9155442,0,simulation
35.1384481,126.9159437,0,simulation
35.1037688,126.936049,1,simulation
35.1388338,126.9145732,0,synthetic
35.141035,126.9139693,0,simulation
35.1378921,126.9117079,0,simulation
35.1377229,126.9159887,0,simulation
35.1410565,126.9138292,0,simulation
35.1380145,126.9118431,0,simulation
35.1404951,126.9173497,0,simulation
35.1379228,126.9153696,0,simulation
35.1383901,126.9156646,0,simulation
35.138381,126.9145015,0,simulation
35.1391594,126.9143748,0,simulation
35.1403775,126.9134915,0,simulation
35.1570815,126.9015265,1,simulation
35.1377414,126.9121868,0,synthetic
35.1417847,126.9139182,0,simulation
35.1383077,126.9153032,0,simulation
35.1396051,126.9110093,0,simulation
35.1392556,126.9144549,0,simulation
35.1410734,126.9179487,0,simulation
35.1390306,126.9147133,0,simulation
35.1415732,126.9144546,0,simulation
35.140627,126.9141861,0,simulation
35.1390754,126.9138207,0,simulation
35.1387994,126.9118251,0,simulation
35.1122538,126.9208159,1,simulation
35.1395072,126.9105774,0,simulation
35.1384407,126.9144749,0,simulation
35.1378849,126.9116618,0,simulation
35.140481,126.9141933,0,simulation
35.1413122,126.9142885,0,simulation
35.1384372,126.9124629,0,simulation
35.138007,126.9157013,0,simulation
35.1385503,126.9144805,0,simulation
35.1386504,126.9145035,0,simulation
35.1401366,126.9139634,0,simulation
35.1412752,126.9137124,0,simulation
35.1416013,126.9137935,0,simulation
35.1405759,126.9145374,0,simulation
35.1387264,126.9120816,0,simulation
35.1392766,126.9114061,0,simulation
35.1391737,126.9138046,0,simulation
35.1413712,126.9133196,0,simulation
35.1416154,126.9140521,0,simulation
35.2432405,126.930495,1,synthetic
35.1391632,126.9105825,0,simulation
35.141185,126.9137694,0,synthetic
35.1402928,126.9142811,0,simulation
35.1406555,126.9174847,0,simulation
35.1382458,126.9162961,0,simulation
35.1381498,126.9113034,0,simulation
35.138776,126.9144903,0,simulation
35.1388413,126.9144399,0,simulation
35.1391371,126.9112202,0,simulation
35.1415271,126.9138264,0,simulation
35.1397738,126.9112537,0,simulation
35.1384308,126.9123157,0,simulation
35.1390476,126.9109173,0,simulation
35.1375898,126.9157231,0,simulation
35.1389656,126.9144248,0,simulation
35.1386969,126.9151646,0,simulation
35.1395968,126.9111406,0,simulation
35.1380789,126.9159485,0,simulation
35.1403716,126.9176507,0,simulation
35.1407711,126.9139784,0,simulation
35.1416867,126.9143184,0,simulation
35.1410411,126.9140224,0,simulation
35.1381839,126.9156462,0,synthetic
35.1385186,126.9158885,0,synthetic
35.1385062,126.9160873,0,simulation
35.1415476,126.9144263,0,simulation
35.1437017,126.9326766,1,simulation
35.1385854,126.9145065,0,simulation
35.1419433,126.9138968,0,simulation
35.1383314,126.9160413,0,simulation
35.1400458,126.9174916,0,simulation
35.1384129,126.9144158,0,simulation
35.137901,126.9119279,0,simulation
35.1260153,126.9114448,1,simulation
35.1407666,126.9179902,0,simulation
35.1381543,126.9156355,0,simulation
35.1174686,126.9333128,1,simulation
35.1378638,126.9160186,0,simulation
35.1306571,126.8986411,1,simulation
35.1389726,126.9137339,0,simulation
35.1406246,126.9174169,0,simulation
35.1378021,126.9117766,0,simulation
35.1391347,126.914563,0,simulation
35.1414593,126.9136896,0,simulation
35.1397076,126.9107273,0,simulation
35.1404644,126.9177848,0,simulation
35.1383346,126.9160736,0,synthetic
35.1384643,126.9158695,0,simulation
35.1383716,126.9119145,0,simulation
35.1404412,126.9177201,0,simulation
35.1386453,126.9116793,0,simulation
35.1385169,126.9159569,0,synthetic
35.137758,126.9155796,0,synthetic
35.1409314,126.9176086,0,simulation
35.1352488,126.9988814,1,synthetic
35.1381215,126.9154683,0,simulation
35.1388318,126.9147295,0,simulation
35.1384061,126.9150495,0,simulation
35.1381571,126.9113882,0,simulation
35.1410138,126.9173478,0,simulation
35.137689,126.9161959,0,simulation
35.1392693,126.9114677,0,simulation
35.1415996,126.9138779,0,simulation
35.1379571,126.9160648,0,simulation
35.1406926,126.9178764,0,simulation
35.138735,126.9160251,0,simulation
35.1405765,126.9178753,0,simulation
35.1387439,126.9141738,0,simulation
35.1411285,126.9137246,0,simulation
35.1405562,126.9175987,0,simulation
35.1410538,126.9138274,0,simulation
35.1386585,126.9161191,0,simulation
35.1403776,126.9175403,0,simulation
35.1389587,126.9145149,0,simulation
35.1375071,126.9117661,0,simulation
35.1382403,126.9125907,0,simulation
35.1388498,126.9144965,0,simulation
35.1389146,126.9107562,0,synthetic
35.1405076,126.9090311,0,synthetic
35.1389674,126.9103546,0,simulation
35.1404428,126.91391,0,simulation
35.1406545,126.9173646,0,simulation
35.140801,126.9116239,0,synthetic
35.1383713,126.9160588,0,synthetic
35.1383529,126.9145656,0,simulation
35.14163,126.9135865,0,synthetic
35.139113,126.9144477,0,simulation
35.1381776,126.9157594,0,synthetic
35.1380924,126.9117472,0,simulation
35.1388022,126.9155102,0,simulation
35.1387682,126.9159882,0,simulation
35.1373512,126.9122049,0,simulation
35.1387994,126.9116822,0,simulation
35.1395757,126.9110457,0,simulation
35.1360462,126.9130309,0,synthetic
35.1394184,126.9107429,0,simulation
35.1403061,126.9173474,0,simulation
35.1398753,126.9176261,0,simulation
35.1409055,126.9142316,0,simulation
35.1379039,126.9152544,0,simulation
35.1402841,126.9177756,0,simulation
35.1378825,126.9119502,0,simulation
35.1418944,126.9142705,0,simulation
35.141507,126.913595,0,simulation
35.1383044,126.9160177,0,simulation
35.1382381,126.9155181,0,simulation
35.139303,126.9104719,0,simulation
35.1405658,126.9142049,0,simulation
35.1380768,126.91543,0,simulation
35.1372629,126.9119464,0,simulation
35.1404101,126.9173154,0,simulation
35.1384073,126.9122439,0,simulation
35.1386702,126.9150944,0,simulation
35.1406669,126.916821,0,simulation
35.138824,126.9143829,0,simulation
35.1404204,126.9144886,0,simulation
35.1413239,126.9138688,0,simulation
35.1387409,126.9146713,0,simulation
35.1381531,126.9115019,0,simulation
35.1381139,126.9115048,0,simulation
35.140978,126.9142976,0,simulation
35.1399285,126.9176993,0,simulation
35.1389135,126.9142586,0,simulation
35.1382015,126.9163229,0,simulation
35.1382242,126.9157887,0,simulation
35.1387199,126.9113194,0,simulation
35.1378939,126.9113491,0,simulation
35.1383097,126.9117378,0,simulation
35.1411861,126.9142003,0,simulation
35.1380615,126.9158162,0,synthetic
35.1385319,126.9155145,0,simulation
35.1415638,126.9142109,0,simulation
35.1388873,126.9145269,0,simulation
35.1394476,126.9112537,0,simulation
35.1378467,126.9117729,0,simulation
35.1385769,126.915689,0,simulation
35.1378659,126.9156276,0,simulation
35.1401745,126.9142673,0,simulation
35.1414248,126.9141483,0,simulation
35.1401148,126.9179749,0,simulation
35.1392964,126.9109672,0,simulation
35.1403865,126.9142835,0,simulation
35.1384503,126.912174,0,simulation
35.1385093,126.9143325,0,simulation
35.1386122,126.9119578,0,simulation
35.1404366,126.9144228,0,simulation
35.1385362,126.9145893,0,simulation
35.1417579,126.9140477,0,simulation
35.1395696,126.9109686,0,simulation
35.1399488,126.9172429,0,simulation
35.1377208,126.9157132,0,simulation
35.1378144,126.9119843,0,simulation
35.1404669,126.9142757,0,simulation
35.1383713,126.911861,0,synthetic
35.1418963,126.9143567,0,simulation
35.1389582,126.9116065,0,simulation
35.1402404,126.9173427,0,simulation
35.1404757,126.9136436,0,simulation
35.1375899,126.9118236,0,simulation
35.1383935,126.9157213,0,simulation
35.1383793,126.9121144,0,simulation
35.1386371,126.916205,0,simulation
35.1376359,126.9161838,0,simulation
35.1385659,126.9144123,0,simulation
35.141229,126.913482,0,simulation
35.1380881,126.9153607,0,synthetic
35.1386273,126.915868,0,synthetic
35.137799,126.9123144,0,simulation
35.1415503,126.9140904,0,simulation
35.1385304,126.9147433,0,simulation
35.1385995,126.9117897,0,simulation
35.1403018,126.9147539,0,simulation
35.1380377,126.915586,0,simulation
35.1416509,126.9140183,0,simulation
35.1412228,126.9140708,0,simulation
35.1398205,126.9139259,0,synthetic
35.1379334,126.9116427,0,simulation
35.1371918,126.9113555,0,simulation
35.1029149,126.8098901,1,synthetic
35.1414124,126.9139459,0,simulation
35.1404493,126.9140555,0,simulation
35.1413524,126.9137646,0,simulation
35.1385024,126.9122784,0,synthetic
35.1397896,126.9111137,0,simulation
35.1383938,126.9159693,0,simulation
35.1407605,126.9179632,0,synthetic
35.1410218,126.9172419,0,simulation
35.1383287,126.915328,0,simulation
35.1402282,126.9143962,0,simulation
35.141051,126.9142428,0,simulation
35.1415894,126.913914,0,simulation
35.1382572,126.9118414,0,simulation
35.1419882,126.9139827,0,simulation
35.1406776,126.9180422,0,simulation
35.1379098,126.9119121,0,simulation
35.1388546,126.9145887,0,simulation
35.1407143,126.9176902,0,simulation
35.1403793,126.9139085,0,simulation
35.1386723,126.9120585,0,simulation
35.1382414,126.9121462,0,simulation
35.141297,126.91387,0,simulation
35.1380106,126.9116574,0,simulation
35.1390413,126.9109723,0,simulation
35.1384747,126.9162828,0,simulation
35.1376778,126.9119765,0,simulation
35.1384937,126.9157384,0,simulation
35.1380084,126.9158242,0,simulation
35.12942,126.9011123,1,simulation
35.1392995,126.9116258,0,simulation
35.1404772,126.9144585,0,simulation
35.1396068,126.9110821,0,simulation
35.1389457,126.9137316,0,simulation
35.1402218,126.9174401,0,simulation
35.1385235,126.9147304,0,simulation
35.1402378,126.9137718,0,simulation
35.1391303,126.9120834,0,simulation
35.1404916,126.9177589,0,simulation
35.1382652,126.9157581,0,simulation
35.1385643,126.9155093,0,simulation
35.1417644,126.9137277,0,simulation
35.1398215,126.9114988,0,simulation
35.1385923,126.9116169,0,simulation
35.1415369,126.9141595,0,simulation
35.1559388,126.8710293,1,simulation
35.1383268,126.9143292,0,simulation
35.1390519,126.911192,0,simulation
35.137373,126.9119485,0,simulation
35.1382922,126.9159194,0,simulation
35.1385124,126.916139,0,simulation
35.1402026,126.9177253,0,simulation
35.139425,126.9110332,0,simulation
35.1377666,126.9117458,0,simulation
0.0,0.0,1,synthetic
35.138973,126.9145606,0,simulation
35.138354,126.9162408,0,synthetic
35.1390772,126.9108837,0,simulation
35.1219727,126.9086887,1,simulation
35.1409539,126.9141812,0,simulation
35.1595965,126.9437757,1,simulation
35.1392476,126.9107435,0,simulation
35.1383241,126.9156877,0,simulation
35.1387124,126.9158461,0,simulation
35.1383524,126.9160507,0,simulation
35.1440944,126.916748,0,synthetic
35.1413932,126.9141765,0,simulation
35.1412356,126.9143285,0,simulation
35.1377685,126.9155703,0,simulation
35.1407541,126.9174841,0,simulation
35.1381528,126.9121509,0,simulation
35.1381489,126.9154399,0,simulation
35.1384718,126.9165873,0,simulation
35.1385028,126.9142483,0,simulation
35.1381544,126.9120221,0,simulation
35.1387082,126.9115378,0,simulation
35.1404355,126.9182648,0,simulation
35.1379577,126.9120299,0,simulation
35.1386808,126.9155267,0,simulation
35.1380603,126.9158273,0,simulation
35.1387807,126.9164117,0,simulation
35.1415309,126.9142863,0,simulation
35.1390619,126.9113444,0,simulation
35.1382145,126.9121845,0,simulation
35.1407561,126.9144798,0,simulation
35.1406618,126.9144119,0,simulation
35.1414241,126.9142395,0,simulation
35.1382033,126.915455,0,simulation
35.1355191,126.9130518,0,synthetic
35.140995,126.918048,0,simulation
35.1411467,126.9142896,0,simulation
35.1412194,126.9139086,0,simulation
35.1394002,126.9111058,0,simulation
35.1616156,126.9315636,1,simulation
35.1383482,126.9157075,0,simulation
35.1387745,126.9139131,0,simulation
35.1393549,126.9113484,0,simulation
35.1382159,126.9156253,0,simulation
35.1405112,126.9142837,0,simulation
35.1403458,126.9139456,0,simulation
35.1388231,126.9121066,0,simulation
35.1490166,126.9421292,1,simulation
35.1385899,126.9119746,0,synthetic
35.1403148,126.9140755,0,simulation
35.1402835,126.9145989,0,simulation
35.1373705,126.9115342,0,simulation
35.1380077,126.9156938,0,simulation
35.0598148,126.9010691,1,synthetic
35.1408325,126.9179919,0,simulation
35.1387173,126.9151129,0,simulation
35.1411554,126.9172227,0,simulation
35.1409767,126.9128717,0,synthetic
35.141084,126.9182092,0,simulation
35.1381437,126.9163015,0,simulation
35.1397893,126.9138464,0,simulation
35.1383513,126.9157736,0,simulation
35.1414553,126.9142127,0,simulation
35.1409344,126.9175036,0,simulation
35.1388367,126.9142005,0,simulation
35.1382135,126.9143949,0,simulation
35.1381331,126.9116918,0,simulation
35.1400016,126.9143495,0,synthetic
35.140515,126.9180262,0,simulation
35.1385078,126.9159902,0,synthetic
35.1384557,126.9114,0,simulation
35.1389333,126.9139201,0,simulation
35.1414658,126.914435,0,simulation
35.1406475,126.9180023,0,simulation
35.1405017,126.9174706,0,simulation
35.1386131,126.9118287,0,simulation
35.1391792,126.911019,0,simulation
35.1377088,126.9115935,0,simulation
35.140245,126.9141533,0,simulation
35.1410816,126.9135285,0,simulation
35.1549166,126.9265337,1,simulation
35.1403797,126.9143162,0,simulation
35.1262333,126.9487395,1,simulation
35.138204,126.9118032,0,simulation
35.1382928,126.9121994,0,simulation
35.1385755,126.915519,0,simulation
35.1392747,126.9112195,0,simulation
35.1404395,126.9139117,0,simulation
35.1414236,126.9139885,0,synthetic
35.1392466,126.9108444,0,simulation
35.1404323,126.9174733,0,simulation
35.1407416,126.9140581,0,synthetic
35.1234105,126.946312,1,simulation
35.1417924,126.9139617,0,synthetic
35.1407241,126.9140561,0,simulation
35.1383154,126.9151881,0,simulation
35.1402235,126.9140994,0,simulation
35.1403446,126.9175672,0,simulation
35.1381236,126.9119839,0,simulation
35.1406468,126.9174591,0,simulation
35.1403415,126.9141147,0,simulation
35.1391507,126.9109611,0,simulation
35.1391924,126.9112614,0,simulation
35.1377802,126.9122018,0,simulation
35.1437228,126.9029824,1,simulation
35.138204,126.9116884,0,simulation
35.1394794,126.9110263,0,simulation
35.1403563,126.9142784,0,simulation
35.1404597,126.9176041,0,simulation
35.1389911,126.9143443,0,simulation
35.1391222,126.915007,0,simulation
35.138477,126.9118176,0,simulation
35.1376192,126.9118308,0,simulation
35.1397578,126.9107891,0,simulation
35.1386524,126.9119708,0,synthetic
35.1387222,126.9140136,0,simulation
35.1404912,126.9145948,0,simulation
35.1405386,126.91748,0,simulation
35.1404207,126.9175469,0,simulation
35.1381038,126.9122165,0,simulation
35.1401599,126.9145259,0,simulation
35.1404421,126.914279,0,simulation
35.1384886,126.9147448,0,simulation
35.1385878,126.916201,0,simulation
35.1406456,126.9138765,0,simulation
35.1395425,126.9108683,0,simulation
35.1411584,126.9139976,0,simulation
35.1384646,126.9139931,0,simulation
35.1393555,126.910939,0,simulation
35.1385022,126.9156548,0,simulation
35.1401116,126.9141237,0,simulation
35.1407701,126.9177733,0,simulation
35.132767,126.8879144,1,simulation
35.1050337,126.9082815,1,simulation
35.1380173,126.916232,0,simulation
35.1381055,126.9118954,0,simulation
35.1405338,126.9174888,0,simulation
35.1386493,126.9118158,0,simulation
35.1382505,126.9112571,0,simulation
35.1390559,126.9140964,0,simulation
35.1403953,126.9135902,0,simulation
35.1403329,126.912842,0,synthetic
35.1405848,126.9143016,0,simulation
35.1403605,126.917635,0,simulation
35.1409031,126.9174934,0,simulation
35.1381454,126.9117588,0,simulation
35.1406139,126.9139502,0,simulation
35.1400893,126.914306,0,simulation
35.1379794,126.9157161,0,simulation
35.1395038,126.9145488,0,simulation
35.1401625,126.9140596,0,simulation
35.1413067,126.9134952,0,simulation
35.1380215,126.9153895,0,simulation
35.1417598,126.9143929,0,simulation
35.1378843,126.9114748,0,simulation
35.1384258,126.915527,0,simulation
35.1403217,126.9137308,0,synthetic
35.1394953,126.9144808,0,simulation
35.1390772,126.9108993,0,synthetic
35.1386121,126.9116806,0,simulation
35.1390122,126.9117751,0,simulation
35.1410628,126.9174971,0,simulation
35.1404286,126.9144193,0,simulation
35.1386263,126.9147726,0,simulation
35.1381677,126.9156005,0,simulation
35.1379769,126.9126366,0,simulation
35.1404034,126.9141784,0,simulation
35.1381484,126.915486,0,simulation
35.1404202,126.9138284,0,simulation
35.1403174,126.9175404,0,simulation
35.1379964,126.9157433,0,simulation
35.139354,126.9113198,0,simulation
35.1391922,126.9144994,0,simulation
35.1416633,126.9141913,0,simulation
35.1415868,126.9139227,0,simulation
35.138817,126.9114564,0,simulation
35.1257485,126.8976411,1,simulation
35.1379294,126.9162316,0,simulation
35.1406671,126.9142561,0,simulation
35.1393538,126.9113749,0,simulation
35.1386949,126.9140646,0,simulation
35.139106,126.9145749,0,simulation
35.1416451,126.9136163,0,simulation
35.1381744,126.9157174,0,simulation
35.1381922,126.9114944,0,simulation
35.1383712,126.9121676,0,simulation
35.1721044,126.8769071,1,synthetic
35.1418079,126.9144604,0,simulation
35.1394584,126.911906,0,synthetic
35.1380629,126.9155239,0,simulation
35.1358002,126.9099903,0,synthetic
35.137465,126.9120538,0,simulation
35.140852,126.9138052,0,simulation
35.1407895,126.9174944,0,simulation
35.1405127,126.9142137,0,simulation
0.0,0.0,1,synthetic
35.1381677,126.9145746,0,simulation
35.138478,126.9114249,0,synthetic
35.1388723,126.9142578,0,simulation
35.1377207,126.9116296,0,simulation
35.1386939,126.914813,0,simulation
35.1389202,126.9147339,0,simulation
35.1384848,126.9160368,0,synthetic
35.1388656,126.9156139,0,synthetic
35.141462,126.9116175,0,synthetic
35.1384171,126.9164682,0,simulation
35.1390716,126.911708,0,simulation
35.1376165,126.9159263,0,simulation
35.1401288,126.9140056,0,synthetic
35.1419342,126.9141352,0,simulation
35.1417916,126.9138579,0,simulation
35.1403063,126.9142585,0,simulation
35.1383942,126.9159819,0,simulation
35.1376317,126.9158625,0,simulation
35.1412476,126.9134736,0,simulation
35.1385549,126.9141723,0,simulation
35.1375286,126.9161637,0,simulation
35.1408981,126.9176785,0,simulation
35.1388325,126.9142255,0,simulation
35.117674,126.9160913,1,simulation
35.1407736,126.9145273,0,simulation
35.1220791,126.9156547,1,simulation
35.138157,126.915866,0,synthetic
35.1390752,126.9115966,0,simulation
35.1405838,126.9136005,0,simulation
35.1403087,126.9175889,0,simulation
35.1411021,126.9174332,0,simulation
35.1406802,126.9141755,0,simulation
35.1384167,126.9157673,0,simulation
35.139356,126.9144371,0,simulation
35.1389234,126.9145016,0,simulation
35.1381986,126.9160629,0,simulation
35.1418694,126.9144261,0,simulation
35.1379234,126.9158269,0,simulation
35.1388882,126.9159786,0,simulation
35.1387118,126.9146743,1,simulation
35.1417567,126.9137829,0,simulation
35.1381244,126.9117081,0,simulation
35.1389863,126.9108691,0,synthetic
35.1382532,126.9110938,0,simulation
35.1410184,126.913844,0,simulation
35.1411928,126.9138273,0,simulation
35.1381721,126.9156352,0,simulation
35.1386817,126.9156596,0,simulation
35.1392977,126.9147722,0,simulation
35.1401532,126.9178781,0,simulation
35.1393388,126.9108822,0,simulation
35.1380007,126.9123038,0,simulation
35.1385722,126.9120715,0,synthetic
35.1391914,126.9113232,0,simulation
35.1383858,126.9142788,0,simulation
35.1392538,126.9109469,0,simulation
35.1395164,126.9114418,0,simulation
35.1404717,126.913576,0,synthetic
35.1392902,126.9108645,0,simulation
35.1405212,126.9174698,0,simulation
35.1404759,126.9176092,0,simulation
35.1446893,126.9147546,1,simulation
35.1383376,126.9117031,0,simulation
35.1416125,126.9135961,0,simulation
35.138278,126.9162106,0,simulation
35.1409255,126.9170955,0,simulation
35.1379279,126.9117502,0,simulation
35.1385192,126.9157243,0,simulation
35.1377481,126.9152928,0,simulation
35.1390554,126.9108913,0,simulation
35.1386876,126.9149714,0,simulation
35.1377328,126.9165537,0,simulation
35.140571,126.9142961,0,simulation
35.1391256,126.9143724,0,simulation
35.1376644,126.9117622,0,synthetic
35.1398515,126.9112794,0,simulation
35.1382088,126.911753,0,simulation
35.1380944,126.911924,0,simulation
35.1387942,126.9093483,0,synthetic
35.1388665,126.9158547,0,simulation
35.138133,126.9117674,0,simulation
35.1391281,126.9147029,0,simulation
35.1402657,126.9169867,0,simulation
35.1381994,126.9116029,0,simulation
35.1390678,126.9110077,0,simulation
35.1406204,126.9145102,0,simulation
35.1380583,126.9157858,0,simulation
35.138427,126.9156776,0,simulation
35.1383909,126.9121611,0,simulation
35.138094,126.9162805,0,synthetic
35.1409183,126.9147321,0,simulation
35.1414437,126.9137429,0,simulation
35.1399126,126.9140335,0,simulation
35.141102,126.9137377,0,simulation
35.1401776,126.9179637,0,simulation
35.1382418,126.9160076,0,simulation
35.1388061,126.9145578,0,simulation
35.1382339,126.9118348,0,simulation
35.1376321,126.9119003,0,simulation
35.1381007,126.916429,0,simulation
35.13768,126.9118384,0,simulation
35.1390004,126.9143945,0,simulation
35.138358,126.9119743,0,simulation
35.1386205,126.9141235,0,simulation
35.1375472,126.9116365,0,simulation
35.1381682,126.9116322,0,simulation
35.1383365,126.9146589,0,simulation
35.1401804,126.9143681,0,simulation
35.1381708,126.9121387,0,simulation
35.1405,126.9143742,0,simulation
35.1391387,126.9148508,0,simulation
35.1406312,126.9143646,0,simulation
35.1392287,126.9111599,0,simulation
35.1394856,126.9107916,0,simulation
35.1233221,126.8971787,1,simulation
35.1408286,126.9173441,0,simulation
35.1407384,126.914212,0,simulation
35.137543,126.9153433,0,simulation
35.1382899,126.9116909,0,simulation
35.139275,126.9116196,0,simulation
35.1404034,126.9146541,0,simulation
35.1383084,126.912368,0,simulation
35.140461,126.9139034,0,simulation
35.1397962,126.9114438,0,simulation
35.1378954,126.9162239,0,simulation
35.1381755,126.9120709,0,simulation
35.1379944,126.9154653,0,simulation
35.1388006,126.9121325,0,simulation
35.1404931,126.9170637,0,simulation
35.1376665,126.9118203,0,simulation
35.1378809,126.9162978,0,simulation
35.1384592,126.914209,0,simulation
35.1400432,126.9139571,0,simulation
35.1404308,126.9139088,0,simulation
35.1384509,126.9121538,0,simulation
35.1379053,126.9118061,0,simulation
35.138707,126.9140127,0,simulation
35.137679,126.9119687,0,simulation
35.1383337,126.9121224,0,simulation
35.1384211,126.911891,0,simulation
35.1392621,126.9146884,0,simulation
35.1386564,126.9162659,0,simulation
35.1383415,126.9161424,0,simulation
35.1411568,126.9140458,0,simulation
35.142275,126.9126863,0,synthetic
35.1404023,126.9146211,0,simulation
35.1410615,126.9139686,0,simulation
35.1392996,126.9113529,0,simulation
35.1435226,126.9109196,0,synthetic
35.1378769,126.9115545,0,simulation
35.1415001,126.9140719,0,simulation
35.1392966,126.9158195,0,simulation
35.1386333,126.9118318,0,simulation
35.1381005,126.9155689,0,simulation
35.1389761,126.9112291,0,simulation
35.1412882,126.9141339,0,simulation
35.1378268,126.9155701,0,simulation
35.1393417,126.9116633,0,simulation
35.1386962,126.9160726,0,simulation
35.138242,126.9165196,0,simulation
35.1386906,126.9142905,0,simulation
35.1383731,126.9115671,0,simulation
35.1378061,126.911964,0,simulation
35.1380714,126.9121359,0,simulation
35.1376403,126.9123734,0,simulation
35.1382124,126.9118081,0,simulation
35.1379702,126.9159404,0,simulation
35.1386532,126.9143206,0,synthetic
35.1400219,126.9115194,0,simulation
35.1386427,126.9117725,0,simulation
35.1381838,126.915619,0,simulation
35.1405501,126.9142632,0,simulation
35.1387113,126.9123319,0,synthetic
35.1372815,126.9120878,0,simulation
35.1718432,126.9224664,1,simulation
35.1389206,126.9115816,0,simulation
35.1402998,126.9173826,0,simulation
35.1383527,126.9154538,0,simulation
35.1249342,126.9229133,1,simulation
35.1411532,126.913942,0,simulation
35.1380187,126.9119198,0,simulation
35.1389693,126.9113391,0,simulation
35.1413986,126.9143372,0,simulation
35.1378453,126.9120109,0,simulation
35.1406044,126.9143906,0,simulation
35.1388544,126.9150194,0,simulation
35.166799,126.9091044,1,simulation
35.1379484,126.9115437,0,simulation
35.1619891,126.8791923,1,simulation
35.1387237,126.9150549,0,simulation
35.1402677,126.9146361,0,simulation
35.1381896,126.9119761,0,simulation
35.1380271,126.9115984,0,simulation
35.1405851,126.9138654,0,simulation
35.1383366,126.9117877,0,simulation
35.137909,126.9117906,0,simulation
35.138728,126.9149611,0,simulation
35.1382262,126.9153311,0,simulation
35.1390341,126.9107878,0,simulation
35.1400679,126.9108654,0,simulation
35.1404014,126.9179601,0,simulation
35.1388583,126.9146318,0,simulation
35.1407917,126.9138186,0,simulation
35.1381499,126.9117424,0,simulation
35.1380243,126.915437,0,simulation
35.1385478,126.9155376,0,simulation
35.140815,126.9146175,0,simulation
35.1394178,126.9144944,0,simulation
35.1392251,126.9111557,0,simulation
35.1415183,126.9138518,0,simulation
35.1276028,126.9268209,1,simulation
35.1413094,126.9136755,0,simulation
35.1386815,126.9162533,0,simulation
35.1388981,126.9139692,0,simulation
35.1390749,126.9140655,0,simulation
35.1414161,126.9137169,0,simulation
35.137864,126.9163102,0,simulation
35.1412062,126.9134654,0,simulation
35.140735,126.9174344,0,simulation
35.1391762,126.9104577,0,simulation
35.1389843,126.9110903,0,simulation
35.1380565,126.9121518,0,simulation
35.1384422,126.91171,0,simulation
35.1385004,126.9160449,0,simulation
35.1418133,126.913901,0,synthetic
35.1379173,126.9160695,0,simulation
35.1402018,126.9141964,0,simulation
35.1420641,126.9166663,0,synthetic
35.139094,126.9108619,0,simulation
35.1412724,126.9143419,0,synthetic
35.1403244,126.9143357,0,simulation
35.1393814,126.9109503,0,simulation
35.1413611,126.914533,0,simulation
35.1391666,126.9113478,0,simulation
35.139284,126.9147039,0,simulation
35.1392326,126.9113315,0,simulation
0.0,0.0,1,synthetic
35.1383006,126.9116605,0,simulation
35.1378232,126.9119889,0,simulation
35.1380978,126.9117437,0,simulation
35.1392231,126.9110067,0,simulation
35.1413049,126.9143972,0,simulation
35.1402155,126.9178497,0,simulation
35.1404808,126.9141968,0,simulation
35.1382957,126.9160358,0,simulation
35.1384306,126.91573,0,simulation
35.139764,126.910745,0,simulation
35.1381773,126.9155641,0,simulation
35.1416033,126.9141908,0,simulation
35.1372023,126.9099077,0,synthetic
35.1397759,126.9110066,0,simulation
35.1379554,126.9113696,0,simulation
35.140922,126.9176505,0,simulation
35.1407616,126.9174048,0,simulation
35.1382169,126.9117887,0,simulation
35.1405096,126.9175524,0,simulation
35.1382607,126.9157895,0,simulation
35.1383421,126.9158072,0,simulation
35.1383031,126.9141826,0,simulation
35.1379977,126.9160861,0,simulation
35.1388401,126.9153548,0,simulation
35.1405769,126.9140464,0,simulation
35.140828,126.918087,0,simulation
35.1405408,126.9140816,0,synthetic
35.1377726,126.91182,0,simulation
35.1388313,126.9144551,0,simulation
35.1394558,126.9113254,0,simulation
35.1382526,126.9162762,0,simulation
35.1390228,126.9141191,0,simulation
35.137682,126.9120629,0,simulation
35.1404379,126.9175738,0,simulation
35.1383121,126.9155248,0,simulation
35.1385982,126.9152694,0,simulation
35.1437833,126.9154723,0,synthetic
35.1407588,126.9141717,0,simulation
35.1382129,126.9145506,0,simulation
35.1380385,126.9160769,0,simulation
35.1405348,126.917466,0,simulation
35.1403874,126.9171859,0,synthetic
35.137685,126.9153901,0,simulation
35.1381048,126.9120066,0,simulation
35.1406875,126.9174598,0,simulation
35.1376598,126.9118847,0,synthetic
35.1393906,126.9106619,0,simulation
35.1408849,126.9141857,0,simulation
35.1649909,126.9001986,1,simulation
35.1409437,126.9172234,0,simulation
35.1384928,126.9120017,0,simulation
35.1394891,126.9109607,0,simulation
35.1382087,126.9115591,0,simulation
35.138254,126.9110943,0,simulation
35.1391903,126.9112345,0,synthetic
35.1391762,126.9110844,0,simulation
35.1383177,126.9112481,0,synthetic
35.1386422,126.911968,0,simulation
35.1405537,126.9137809,0,simulation
35.1384146,126.9115433,0,simulation
35.1382153,126.9120644,0,synthetic
35.1379786,126.9156298,0,simulation
35.1379204,126.9159296,0,simulation
35.1391205,126.9144863,0,simulation
35.138317,126.9157686,0,synthetic
35.1383822,126.9150952,0,simulation
35.1414929,126.9138295,0,synthetic
35.1412851,126.9139111,0,simulation
35.1383855,126.9118877,0,simulation
35.1403992,126.9147101,0,simulation
35.1403201,126.9145557,0,synthetic
35.1356216,126.9114229,0,synthetic
35.1408517,126.9170561,0,simulation
35.138562,126.9144632,0,simulation
35.137912,126.9123729,0,simulation
35.1413871,126.9136557,0,simulation
35.1405968,126.917446,0,simulation
35.138472,126.9152888,0,simulation
35.1380246,126.9120263,0,simulation
35.2236473,126.8923929,1,synthetic
35.1408067,126.9176667,0,simulation
35.1413614,126.9140041,0,simulation
35.1410431,126.914027,0,simulation
35.1408469,126.9172354,0,simulation
35.1381419,126.9120239,0,simulation
35.1383801,126.9143705,0,simulation
35.1402552,126.9144941,0,simulation
35.138652,126.9123346,0,simulation
35.1390708,126.9117888,0,simulation
35.1405408,126.9140974,0,simulation
35.1384532,126.9120941,0,simulation
35.1455269,126.9069694,1,simulation
35.1390266,126.9144977,0,simulation
35.1401821,126.9176564,0,simulation
35.1385889,126.9159504,0,simulation
35.1407286,126.913559,0,synthetic
0.0,0.0,1,synthetic
35.1384329,126.9152438,0,simulation
35.1402872,126.9137574,0,simulation
35.1382254,126.9122832,0,simulation
35.1403664,126.9140275,0,simulation
35.1412042,126.9141789,0,simulation
35.13826,126.9120617,0,simulation
35.1384627,126.9155272,0,simulation
35.1390942,126.9143052,0,simulation
35.1395937,126.9111293,0,simulation
35.1612923,126.9061442,1,simulation
35.1381044,126.9122077,0,simulation
35.1381697,126.9160046,0,simulation
35.1402103,126.9169157,0,simulation
35.1618721,126.9276698,1,simulation
35.1419514,126.914298,0,simulation
35.1402369,126.9149732,0,simulation
35.1376336,126.9114493,0,simulation
35.1383045,126.9156586,0,simulation
35.1408305,126.9176059,0,simulation
35.1400219,126.91765,0,simulation
35.1397541,126.9115677,0,simulation
35.1409573,126.9175094,0,simulation
35.1383285,126.9153105,0,simulation
35.1385219,126.9156176,0,simulation
35.1416906,126.9135669,0,simulation
35.1379458,126.9166669,0,simulation
35.2113888,127.0342268,1,synthetic
35.1381219,126.9153293,0,simulation
35.1387733,126.9141229,0,simulation
35.1387807,126.9155656,0,simulation
35.1407738,126.917648,0,simulation
35.1381985,126.9157583,0,simulation
35.1414343,126.9141313,0,simulation
35.1385586,126.9145498,0,simulation
35.1380403,126.9115293,0,simulation
35.1389093,126.9108944,0,simulation
35.1407171,126.9142,0,simulation
35.1411026,126.9140347,0,simulation
35.1381565,126.9155152,0,simulation
35.138525,126.9114021,0,simulation
35.1393395,126.9112372,0,simulation
35.1381675,126.9118102,0,simulation
35.1377691,126.9115209,0,simulation
35.1408918,126.9143552,0,synthetic
35.1390226,126.9150786,0,synthetic
35.1772282,126.9266799,1,simulation
35.138689,126.911271,0,simulation
35.1403082,126.9144032,0,simulation
35.1386978,126.9157178,0,simulation
35.1380499,126.9120017,0,simulation
35.1406871,126.9141886,0,simulation
35.1381895,126.9117523,0,simulation
35.1377131,126.9162389,0,simulation
35.1381229,126.9161601,0,simulation
35.1381687,126.9123255,0,simulation
35.1416136,126.9139958,0,simulation
35.1408237,126.9179887,0,simulation
35.1410336,126.9176158,0,simulation
35.1407051,126.9144648,0,simulation
35.1409273,126.9136981,0,simulation
35.1388564,126.9142226,0,simulation
35.1385398,126.9151,0,simulation
35.1404867,126.9138829,0,simulation
35.140885,126.9141715,0,synthetic
35.1396357,126.9111466,0,simulation
35.1415018,126.9139054,0,simulation
35.1622981,126.9010023,1,simulation
35.1405646,126.9141896,0,simulation
35.138321,126.9120004,0,simulation
35.1404713,126.9181382,0,simulation
35.140152,126.9179507,0,simulation
35.1387187,126.9118377,0,simulation
35.1404335,126.9144704,0,simulation
35.1410092,126.9140949,0,simulation
35.138186,126.9149559,0,simulation
35.140713,126.9139842,0,simulation
35.1416171,126.9138264,0,simulation
35.1407612,126.9177705,0,simulation
35.139382,126.9118224,0,simulation
35.1382244,126.9115548,0,simulation
35.1381317,126.9161485,0,simulation
35.1397463,126.9110393,0,simulation
35.1394909,126.9111711,0,synthetic
35.1405008,126.9143008,0,simulation
35.1382984,126.9152796,0,simulation
35.1387621,126.9113452,0,synthetic
35.1405189,126.9173838,0,simulation
35.1415426,126.9144239,0,simulation
35.1376799,126.9152831,0,simulation
35.1391136,126.910787,0,simulation
35.139859,126.9178178,0,simulation
35.1384335,126.9115103,0,simulation
35.1391903,126.9151825,0,simulation
35.1595906,126.8984089,1,simulation
35.1420763,126.9076387,0,synthetic
35.138525,126.9147146,0,simulation
35.1397961,126.9109388,0,simulation
35.1385616,126.9117266,0,simulation
35.1390956,126.9153897,0,synthetic
35.1382372,126.9154749,0,simulation
35.1395636,126.9108973,0,synthetic
35.1383336,126.9152941,0,simulation
35.138627,126.9160046,0,simulation
35.1386938,126.9115795,0,simulation
35.1376751,126.9114697,0,simulation
35.1013866,126.9477434,1,simulation
35.1403988,126.9144547,0,simulation
35.1383581,126.9164046,0,simulation
35.1390025,126.915937,0,simulation
35.1393273,126.9105098,0,simulation
35.1383362,126.9116478,0,simulation
35.1385478,126.912014,0,simulation
35.1403231,126.9177224,0,synthetic
35.1417416,126.914333,0,simulation
35.1381417,126.9122252,0,simulation
35.1377501,126.9152977,0,simulation
35.1387199,126.9144379,0,synthetic
35.138991,126.9111718,0,simulation
35.138129,126.9155311,0,simulation
35.1233403,126.8817987,1,simulation
35.1566077,126.8887712,1,simulation
35.137431,126.9113946,0,simulation
35.1383372,126.9141322,0,simulation
35.1388956,126.9137866,0,synthetic
35.1381764,126.9158222,0,simulation
35.121903,126.9243156,1,simulation
35.1372951,126.9118386,0,simulation
35.1389542,126.9108155,0,simulation
35.1397123,126.9110725,0,simulation
35.2006147,127.0231354,1,synthetic
35.1383445,126.915793,0,simulation
35.1394074,126.911446,0,simulation
35.1382997,126.9123973,0,simulation
35.1383948,126.9161168,0,simulation
35.1411862,126.9139148,0,simulation
35.1384732,126.9155933,0,simulation
35.1385841,126.9158733,0,simulation
35.1383909,126.9150627,0,simulation
35.1409725,126.9116429,0,synthetic
35.1383571,126.9158324,0,simulation
35.1390393,126.9139817,0,simulation
35.1405313,126.9175439,0,simulation
35.140962,126.9142801,0,simulation
35.140561,126.9175991,0,simulation
35.1377441,126.9122628,0,simulation
35.1392464,126.9112753,0,simulation
35.1410776,126.91777,0,simulation
35.1400783,126.9140378,0,simulation
35.1383866,126.9159717,0,simulation
35.1414906,126.9139754,0,simulation
35.1647281,126.9244996,1,synthetic
35.1400409,126.9148319,0,simulation
35.1380817,126.9121292,0,simulation
35.1246436,126.9478991,1,simulation
35.1397948,126.9140787,0,simulation
35.1405605,126.9180971,0,simulation
35.1378689,126.9120236,0,simulation
35.138627,126.9143185,0,simulation
35.1381427,126.9160112,0,simulation
35.1384036,126.9161089,0,simulation
35.1398861,126.9109177,0,synthetic
35.1409334,126.9171279,0,simulation
35.1398138,126.9113492,0,simulation
35.1395948,126.9107964,0,simulation
35.1378605,126.9116356,0,simulation
35.1810124,126.9083033,1,simulation
35.1381908,126.9118329,0,simulation
35.1390817,126.910451,0,simulation
35.1409743,126.9138576,0,simulation
35.1402766,126.9176394,0,simulation
35.1578583,126.8922871,1,simulation
35.0679463,126.8063012,1,synthetic
35.1373974,126.9119183,0,simulation
35.1388489,126.9146314,0,simulation
35.1412873,126.9142692,0,simulation
35.1406594,126.9139635,0,simulation
35.1379979,126.9160919,0,simulation
35.1378751,126.9161225,0,simulation
35.1405217,126.9142628,0,simulation
35.1372851,126.9120514,0,simulation
35.1414389,126.9132063,0,simulation
35.1390617,126.9108583,0,simulation
35.1382261,126.9118707,0,simulation
35.1391822,126.9144518,0,synthetic
35.13832,126.914232,0,simulation
35.1384526,126.9148248,0,simulation
35.1378132,126.9117367,0,simulation
35.1385667,126.9117799,0,simulation
35.1379761,126.9154817,0,simulation
35.1386985,126.9145398,0,simulation
35.1400995,126.9174629,0,simulation
35.1415418,126.9143932,0,simulation
35.1588724,126.9374817,1,simulation
35.1382406,126.9117983,0,simulation
35.139805,126.9105505,0,simulation
35.1385491,126.9155533,0,simulation
35.1402836,126.9141746,0,simulation
35.1376652,126.9116275,0,simulation
35.1384432,126.9113382,0,simulation
35.1383287,126.9152921,0,simulation
35.140927,126.9140839,0,simulation
35.1386462,126.9114385,0,simulation
35.1479769,126.9121575,1,simulation
35.1387164,126.9113295,0,simulation
35.1374194,126.9114219,0,simulation
35.1391759,126.9140025,0,simulation
35.1306842,126.885498,1,simulation
35.1381403,126.9156971,0,simulation
35.1474441,126.9309206,1,simulation
35.1418576,126.9138116,0,simulation
35.137405,126.9120178,0,simulation
35.1416137,126.9133818,0,simulation
35.1379528,126.9156635,0,simulation
35.1263673,126.8822044,1,simulation
35.138282,126.9118886,0,simulation
35.1407659,126.9147206,0,simulation
35.1402417,126.9170836,0,simulation
35.1382026,126.9127341,0,synthetic
35.1379156,126.9117259,0,synthetic
35.138272,126.915012,0,simulation
35.1373583,126.9095039,0,synthetic
35.1421402,126.9143626,0,simulation
35.1403643,126.9143997,0,simulation
35.1393617,126.911002,0,synthetic
35.1386666,126.9144654,0,simulation
35.1383854,126.9122585,0,simulation
35.140681,126.9174871,0,simulation
35.1382065,126.91589,0,simulation
35.1390012,126.9143978,0,simulation
35.169289,126.9980677,1,synthetic
35.1394019,126.9108619,0,simulation
35.138608,126.9115964,0,synthetic
35.1390611,126.9110505,0,simulation
35.1384869,126.9143707,0,simulation
35.1368768,126.9172127,0,synthetic
35.1418177,126.9142599,0,simulation
35.1378903,126.9152395,0,simulation
35.1411879,126.9138833,0,simulation
35.140682,126.9140383,0,simulation
35.1385488,126.9117675,0,simulation
35.139298,126.9111836,0,synthetic
35.1384098,126.915644,0,simulation
35.1381122,126.9118827,0,simulation
35.1388936,126.9143474,0,simulation
35.1406986,126.9141559,0,simulation
35.1381458,126.9115462,0,simulation
35.1383756,126.9157113,0,simulation
35.1403724,126.917663,0,synthetic
35.1394602,126.9144434,0,simulation
35.1418776,126.9141807,0,synthetic
35.1416652,126.9140201,0,simulation
35.1383885,126.9119871,0,simulation
35.138682,126.914674,0,simulation
35.1381986,126.914357,0,simulation
35.1396431,126.9115934,0,simulation
35.1390331,126.9144617,0,simulation
35.32,127.47,1,synthetic
35.1388336,126.9158336,0,simulation
35.1376315,126.9118142,0,simulation
35.1377279,126.9119125,0,simulation
35.098409,126.882657,1,simulation
35.1392896,126.9111859,0,simulation
35.1396726,126.9176539,0,simulation
35.1381954,126.9143931,0,simulation
35.1385317,126.9146458,0,simulation
35.1387591,126.9117466,0,synthetic
35.1404966,126.9171968,0,simulation
35.137718,126.9114867,0,simulation
35.1381133,126.911814,0,simulation
35.1389822,126.9141141,0,simulation
35.138296,126.9121323,0,simulation
35.1381309,126.9154238,0,simulation
35.1380715,126.9155905,0,simulation
35.1374716,126.9118423,0,simulation
35.1374295,126.9122539,0,simulation
35.138648,126.9143899,0,simulation
35.1405818,126.9148738,0,simulation
35.1384314,126.9158809,0,synthetic
35.1412662,126.9140627,0,simulation
35.1406988,126.9142118,0,simulation
35.1382032,126.9122496,0,simulation
35.137785,126.9156897,0,simulation
35.140418,126.914055,0,simulation
35.1377653,126.9112176,0,simulation
35.1384681,126.9117979,0,simulation
35.1381869,126.9155954,0,simulation
35.1392288,126.9115439,0,simulation
35.1389956,126.9147888,0,synthetic
35.1641499,126.9214266,1,simulation
35.1407287,126.9143068,0,simulation
35.1191377,126.9089184,1,simulation
35.1409454,126.9142117,0,simulation
35.1400395,126.8894878,1,simulation
35.1386417,126.9144641,0,simulation
35.138772,126.9143714,0,simulation
35.1382835,126.9161026,0,simulation
35.1393575,126.911555,0,simulation
35.1377769,126.9153176,0,simulation
35.1404575,126.918016,0,simulation
35.138419,126.9150211,0,synthetic
35.1385613,126.9159308,0,simulation
35.138524,126.9148787,0,simulation
35.140407,126.9143777,0,simulation
35.1384829,126.9159586,0,simulation
35.1409583,126.9179947,0,simulation
35.138289,126.9118787,0,simulation
35.1380614,126.915535,0,simulation
35.1545909,126.9241134,1,simulation
35.1383889,126.9118548,0,simulation
35.1384963,126.9159632,0,simulation
35.1381429,126.9158209,0,simulation
35.1363344,126.910227,0,synthetic
35.1408023,126.9171543,0,simulation
35.1401688,126.9089142,0,synthetic
35.1407737,126.9146874,0,simulation
35.1385491,126.9120433,0,simulation
35.1403438,126.9139808,0,simulation
35.1407337,126.9176422,0,synthetic
35.1403663,126.9143143,0,simulation
35.1404982,126.9181046,0,simulation
35.1379571,126.9155719,0,simulation
35.1382231,126.9116136,0,simulation
35.1404304,126.9178678,0,simulation
35.1409503,126.9143697,0,simulation
35.1386953,126.9190856,1,simulation
35.140643,126.9143299,0,simulation
35.1549051,126.8946067,1,simulation
35.1407472,126.914071,0,simulation
35.1401895,126.9142134,0,simulation
35.1403401,126.9146296,0,simulation
35.1379547,126.9114965,0,simulation
35.1385081,126.911255,0,simulation
35.1386535,126.9125023,0,simulation
35.1393689,126.9113894,0,simulation
35.1406164,126.9174755,0,simulation
35.1407751,126.9138441,0,simulation
35.1377952,126.9116318,0,simulation
35.1380604,126.9155721,0,simulation
35.1403767,126.9176577,0,simulation
35.1409806,126.9140862,0,simulation
35.1392216,126.9069769,0,synthetic
35.1377446,126.9119355,0,simulation
35.1383951,126.9155318,0,simulation
35.1378026,126.9117489,0,simulation
35.1393554,126.9116315,0,simulation
35.1387604,126.9110826,0,simulation
35.1405768,126.9121906,0,synthetic
35.138045,126.9157352,0,simulation
35.1385711,126.9147034,0,simulation
35.1406761,126.914157,0,simulation
35.1374947,126.9117405,0,simulation
35.1379848,126.9159909,0,simulation
35.1400523,126.9143181,0,simulation
35.1383662,126.9115569,0,synthetic
35.1387141,126.9155832,0,simulation
35.1387951,126.9116698,0,simulation
35.1408493,126.9180107,0,simulation
35.1391007,126.9110014,0,simulation
35.1413715,126.9137159,0,synthetic
35.138145,126.9156109,0,simulation
35.1413881,126.913217,0,simulation
35.1384548,126.9120656,0,simulation
35.1400595,126.9180428,0,simulation
35.1385975,126.9151492,0,simulation
35.1407562,126.9176606,0,simulation
35.1411825,126.9139711,0,simulation
35.1387675,126.9119927,0,simulation
35.1332323,126.8475113,1,synthetic
35.1405413,126.9171801,0,simulation
35.1390206,126.9142572,0,simulation
35.1413817,126.9139401,0,simulation
35.1388004,126.914484,0,synthetic
35.1404141,126.9144284,0,simulation
35.1378613,126.9149761,0,simulation
35.138684,126.9144482,0,simulation
35.1411567,126.9138926,0,simulation
35.138437,126.9142406,0,simulation
35.1389355,126.91441,0,simulation
35.1411314,126.9145736,0,simulation
35.1397425,126.9106585,0,simulation
35.1374256,126.9890302,1,synthetic
35.1408267,126.9138078,0,simulation
35.1373569,126.9122209,0,simulation
35.1404523,126.9172489,0,simulation
35.1377681,126.9125357,0,simulation
35.1385117,126.9125579,0,simulation
35.1398552,126.9181047,0,simulation
35.1407447,126.9142078,0,simulation
35.1410456,126.9137126,0,simulation
35.1382312,126.9155175,0,simulation
35.1384099,126.9158341,0,simulation
35.1416658,126.9141979,0,simulation
35.1386725,126.9141972,0,simulation
35.1416753,126.8231964,1,synthetic
35.1381816,126.9147741,0,simulation
35.138399,126.9121265,0,simulation
35.1210752,126.9191558,1,simulation
35.1403981,126.9173297,0,simulation
35.1380467,126.9154425,0,simulation
35.1267749,126.9219344,1,simulation
35.1405935,126.9143507,0,simulation
35.138293,126.9155986,0,synthetic
35.138308,126.9155617,0,simulation
35.1402589,126.9179496,0,simulation
35.1376212,126.9120533,0,simulation
35.1383796,126.9157269,0,simulation
35.1387827,126.9147122,0,simulation
35.1389381,126.9107664,0,simulation
35.1391799,126.9108308,0,simulation
35.137844,126.9117387,0,simulation
35.1402307,126.9141299,0,simulation
35.1399608,126.9137586,0,simulation
35.1401174,126.9142773,0,synthetic
35.1389284,126.9112123,0,simulation
35.1422748,126.9119626,0,synthetic
35.1400958,126.9175699,0,simulation
35.1388473,126.9154413,0,simulation
35.1408876,126.9140396,0,simulation
35.1392628,126.9110477,0,simulation
35.1380142,126.9121718,0,simulation
35.1410346,126.9177219,0,simulation
35.1403538,126.9144261,0,simulation
35.1402646,126.9171403,0,simulation
35.1381256,126.9157459,0,synthetic
35.1384715,126.9117188,0,simulation
35.1501268,126.908577,1,simulation
35.1394609,126.9144381,0,simulation
35.1510761,126.9298424,1,simulation
35.1469242,126.928789,1,simulation
35.1403055,126.9180973,0,simulation
35.1404683,126.9148693,0,simulation
35.1386487,126.9118134,0,simulation
35.141583,126.9141536,0,simulation
35.1417627,126.9143081,0,simulation
35.1416404,126.9133282,0,synthetic
35.1404105,126.9178684,0,simulation
35.137879,126.9113921,0,simulation
35.1411095,126.9141098,0,simulation
35.1484003,126.8904895,1,simulation
35.1381869,126.9115587,0,simulation
35.1403233,126.91406,0,simulation
35.1377448,126.9159268,0,simulation
35.1412707,126.9138264,0,simulation
35.1386648,126.9156038,0,synthetic
35.1381359,126.9123458,0,simulation
35.1382322,126.9142522,0,simulation
35.1386728,126.9117938,0,simulation
35.140777,126.9176936,0,simulation
35.1432083,126.911428,0,synthetic
35.140503,126.9139153,0,simulation
35.1385091,126.9115715,0,simulation
35.1386858,126.9161843,0,simulation
35.1403377,126.9142706,0,simulation
35.1405337,126.9144841,0,simulation
35.1380636,126.9117566,0,simulation
35.1394982,126.911257,0,simulation
35.1381114,126.9116368,0,simulation
35.0984196,126.8922134,1,simulation
35.1404825,126.9145145,0,simulation
35.1406779,126.9174592,0,simulation
35.1378461,126.9121643,0,simulation
35.138549,126.9117029,0,simulation
35.138834,126.9122186,0,simulation
35.1402784,126.9180013,0,simulation
35.1403772,126.9176258,0,simulation
35.1383406,126.9120047,0,simulation
35.1409461,126.9139233,0,simulation
35.1249237,126.9062746,1,simulation
35.1381185,126.9118843,0,simulation
35.140333,126.9175782,0,simulation
35.1399704,126.9139407,0,simulation
35.138297,126.9117743,0,simulation
35.1387915,126.9146372,0,simulation
35.1383241,126.9156506,0,simulation
35.139528,126.9112672,0,simulation
35.1383171,126.9159443,0,simulation
35.1402614,126.9146034,0,simulation
35.1403324,126.9174939,0,simulation
35.1383064,126.9114964,0,simulation
35.1407195,126.9145263,0,simulation
35.1418988,126.9141569,0,simulation
35.1420813,126.9140279,0,simulation
35.1381825,126.9116662,0,simulation
35.1390807,126.9113421,0,simulation
35.1389905,126.9109791,0,simulation
35.1389259,126.9115883,0,simulation
35.1383497,126.9155546,0,simulation
35.1384909,126.9116135,0,simulation
35.1407466,126.9173155,0,simulation
35.141714,126.9141159,0,simulation
35.1405722,126.9178889,0,simulation
35.1418593,126.9141095,0,simulation
35.137566,126.9122904,0,simulation
35.1392692,126.9106283,0,simulation
35.1401997,126.9143746,0,simulation
35.138411,126.9151861,0,simulation
35.1379574,126.9115481,0,synthetic
35.1401641,126.917019,0,simulation
35.138781,126.9117568,0,simulation
35.141468,126.9144005,0,simulation
35.1384927,126.9161958,0,simulation
35.1388812,126.9119927,0,simulation
35.1415847,126.9142683,0,simulation
35.1414255,126.9139197,0,simulation
35.137913,126.9123321,0,simulation
35.138778,126.9141296,0,simulation
35.138223,126.9160518,0,simulation
35.1394277,126.9110631,0,simulation
35.1385108,126.9140238,0,simulation
35.1405905,126.9140104,0,simulation
35.1381218,126.9154495,0,simulation
35.1398207,126.9109404,0,simulation
35.1405568,126.9140785,0,simulation
35.1377069,126.9115211,0,simulation
35.1400095,126.9141939,0,simulation
35.1460481,126.9094585,1,simulation
35.1394119,126.9107474,0,simulation
35.1380957,126.9159165,0,simulation
35.1379813,126.9111457,0,simulation
35.1387485,126.914903,0,simulation
35.1388396,126.914151,0,simulation
35.1375443,126.9113447,0,simulation
35.1386791,126.9116818,0,simulation
35.1416142,126.9144599,0,simulation
35.1389007,126.9147191,0,synthetic
35.1382001,126.9116103,0,simulation
35.1412339,126.9171486,0,simulation
35.1382673,126.9119784,0,simulation
35.1381051,126.9119911,0,simulation
35.1397489,126.9111088,0,simulation
35.1377848,126.9119088,0,simulation
35.1401645,126.9146166,0,simulation
35.1416181,126.9137443,0,simulation
35.1410506,126.913949,0,simulation
35.1381361,126.9118662,0,simulation
35.1406728,126.9144353,0,simulation
35.142058,126.9135456,0,simulation
35.1410739,126.9143111,0,simulation
35.1391221,126.9113159,0,simulation
35.1379708,126.9122245,0,simulation
35.1391267,126.9145609,0,simulation
35.1377827,126.9120132,0,simulation
35.1383265,126.9114016,0,simulation
35.1417704,126.9140188,0,simulation
35.1390722,126.9145907,0,simulation
35.1408273,126.9178063,0,simulation
35.1405376,126.9182054,0,synthetic
35.1382789,126.9160925,0,simulation
35.1381349,126.9117508,0,simulation
35.1375328,126.9118133,0,simulation
35.1381792,126.911968,0,simulation
35.140152,126.9144751,0,simulation
35.140394,126.9143117,0,simulation
35.1379629,126.9156003,0,simulation
35.1389547,126.9147932,0,simulation
35.1383955,126.9158164,0,simulation
35.1405853,126.9174015,0,simulation
35.1380394,126.9118204,0,simulation
35.1374275,126.9116292,0,simulation
35.1387604,126.9139855,0,simulation
35.1395067,126.9113393,0,simulation
35.1376495,126.9117624,0,simulation
35.1093737,126.8151577,1,synthetic
35.1378935,126.9117786,0,simulation
35.1384421,126.9124352,0,simulation
35.1382162,126.9113914,0,simulation
35.1402859,126.9182752,0,simulation
35.1470984,126.9192455,1,simulation
35.1413936,126.9139692,0,simulation
35.139121,126.9111992,0,simulation
35.1378444,126.9117282,0,simulation
35.1385029,126.9115828,0,simulation
35.1385129,126.9157126,0,simulation
35.1402623,126.9141763,0,simulation
35.1404655,126.9176266,0,simulation
35.1375496,126.9163792,0,simulation
35.1395518,126.9113616,0,simulation
35.1405336,126.9174452,0,simulation
35.1390435,126.9143506,0,simulation
35.1410016,126.9176162,0,simulation
35.1381346,126.9119095,0,simulation
35.1385191,126.9121576,0,simulation
35.1396264,126.9114689,0,simulation
35.1382403,126.9117443,0,simulation
35.1380279,126.9115527,0,simulation
35.1380019,126.9158471,0,simulation
35.1383994,126.9125018,0,simulation
35.1404034,126.9178291,0,simulation
35.1404209,126.9142451,0,simulation
35.1388368,126.9146769,0,simulation
35.1382838,126.9156185,0,simulation
35.1387552,126.9141841,0,simulation
35.1378138,126.9150802,0,simulation
35.1383455,126.9154534,0,simulation
35.1392767,126.9106925,0,simulation
35.1383882,126.9120658,0,simulation
35.1408495,126.917406,0,simulation
35.1393002,126.9141152,0,simulation
35.1378312,126.9164357,0,simulation
35.1419474,126.9139966,0,simulation
35.1407873,126.913871,0,simulation
35.1218536,126.8790753,1,simulation
35.1411546,126.9139053,0,simulation
35.1405524,126.9142931,0,simulation
35.1404695,126.9143402,0,simulation
35.1386118,126.9147198,0,simulation
35.1405411,126.9173373,0,simulation
35.1403815,126.9167042,0,simulation
35.1387579,126.9140674,0,simulation
35.1377543,126.9121709,0,simulation
35.1407935,126.9177888,0,simulation
35.1390548,126.9157459,0,simulation
35.1410126,126.9171235,0,simulation
35.1031436,126.9031419,1,simulation
35.1393143,126.9108641,0,synthetic
35.1383407,126.9154053,0,simulation
35.138072,126.9114964,0,simulation
35.1405232,126.9138953,0,simulation
35.1391246,126.914273,0,simulation
35.138277,126.9119677,0,simulation
35.1414737,126.9136011,0,synthetic
35.1382921,126.9154829,0,simulation
35.1394932,126.9111092,0,simulation
35.1392102,126.9143893,0,simulation
35.1410043,126.9143372,0,simulation
35.1409365,126.9123786,0,synthetic
35.1390997,126.9108489,0,simulation
35.138574,126.9117789,0,synthetic
35.13919,126.9149046,0,simulation
35.1401931,126.9144636,0,simulation
35.1357256,126.8953396,1,simulation
35.1384014,126.9157822,0,simulation
35.1381389,126.9120606,0,simulation
35.1413156,126.9147704,0,simulation
35.1414793,126.9141101,0,simulation
35.1390232,126.9139118,0,simulation
35.1384307,126.9141395,0,simulation
35.1398389,126.9143105,0,simulation
35.1377346,126.9165164,0,simulation
35.138968,126.9114448,0,simulation
35.1380627,126.9115158,0,simulation
35.137963,126.9158888,0,simulation
35.1404907,126.9172323,0,simulation
35.1381904,126.914237,0,simulation
35.1390702,126.9114685,0,simulation
35.138647,126.9143817,0,simulation
35.1381675,126.9149741,0,simulation
35.1386122,126.9143127,0,simulation
35.1406819,126.9174819,0,simulation
35.1392176,126.9111337,0,simulation
35.1383813,126.915842,0,simulation
35.1413278,126.9146093,0,simulation
35.1381005,126.9157586,0,simulation
35.141542,126.9141345,0,simulation
35.1411723,126.9136325,0,simulation
35.1379956,126.9119514,0,simulation
35.1397826,126.911586,0,simulation
35.1042162,126.8808454,1,simulation
35.1386366,126.9144431,0,simulation
35.1404624,126.9178452,0,simulation
35.1417975,126.9170556,0,synthetic
35.1383542,126.9152607,0,simulation
35.1407162,126.9141949,0,simulation
35.1384592,126.9155227,0,synthetic
35.1383182,126.9116309,0,simulation
35.1402308,126.9141616,0,simulation
35.1381932,126.9158811,0,synthetic
35.137938,126.912324,0,simulation
35.138183,126.9154964,0,simulation
35.1382053,126.9154076,0,simulation
35.140938,126.9142412,0,simulation
35.1376787,126.915975,0,simulation
35.1385584,126.9153287,0,simulation
35.1414446,126.9140628,0,simulation
35.1403272,126.9143948,0,simulation
35.1405835,126.9140683,0,simulation
35.1376553,126.9121754,0,simulation
35.1380035,126.9158771,0,simulation
35.140516,126.9141819,0,simulation
35.1380655,126.916025,0,simulation
35.1414623,126.913667,0,simulation
35.1374564,126.9155867,0,simulation
35.1389806,126.911174,0,simulation
35.1376056,126.9113289,0,simulation
35.1415947,126.9139402,0,simulation
35.1411267,126.9137579,0,simulation
35.1379201,126.9116928,0,simulation
35.1378177,126.9117891,0,simulation
35.1383452,126.9156234,0,simulation
35.1404191,126.917479,0,simulation
35.140607,126.9172928,0,simulation
0.0,0.0,1,synthetic
35.1406938,126.9173425,0,simulation
35.1412821,126.9145436,0,simulation
0.0,0.0,1,synthetic
35.1376296,126.9123414,0,simulation
35.1403236,126.9172835,0,simulation
35.1379928,126.9123031,0,simulation
35.1392711,126.9108968,0,simulation
35.1405372,126.9172197,0,simulation
35.1418545,126.9120605,0,synthetic
35.1399655,126.9108359,0,simulation
35.1380379,126.9113983,0,simulation
35.1384806,126.9155085,0,simulation
35.1400087,126.9175709,0,simulation
35.1370136,126.9175183,0,synthetic
35.1377182,126.9115547,0,simulation
35.1381821,126.9120235,0,simulation
35.1385822,126.9142681,0,simulation
35.1390176,126.9109087,0,simulation
35.1406933,126.9171752,0,simulation
35.138484,126.8628323,1,simulation
35.1392787,126.9145761,0,simulation
35.138338,126.9115907,0,simulation
35.1155615,126.925628,1,synthetic
35.1381189,126.9159458,0,simulation
35.137747,126.9118049,0,simulation
35.1379623,126.9120462,0,simulation
35.1204325,126.9088143,1,simulation
35.1386443,126.9152105,0,simulation
35.1400754,126.9143672,0,simulation
35.1402035,126.9142182,0,simulation
35.1377436,126.9158294,0,simulation
35.1407203,126.9140614,0,simulation
35.1410463,126.91382,0,simulation
35.137776,126.9150222,0,synthetic
35.1414765,126.9137026,0,simulation
35.1379136,126.911667,0,simulation
35.1382984,126.9155868,0,simulation
35.1409871,126.9144301,0,simulation
35.1388624,126.9143908,0,simulation
35.1383654,126.9162277,0,simulation
35.1412465,126.9142146,0,simulation
35.1383966,126.9159347,0,simulation
35.1377382,126.9153397,0,simulation
35.1382856,126.9161693,0,simulation
35.1379459,126.9121931,0,simulation
35.1391862,126.9111562,0,simulation
35.1402865,126.9143698,0,simulation
35.1381174,126.9154564,0,simulation
35.1372209,126.8899186,1,simulation
35.1387094,126.9122468,0,simulation
35.1387128,126.9146644,0,simulation
35.1373912,126.9117974,0,simulation
35.1383936,126.9159932,0,simulation
35.140381,126.9140917,0,simulation
35.1410333,126.9143338,0,simulation
35.1393936,126.9111494,0,simulation
35.1381493,126.9119515,0,simulation
35.1378998,126.9119546,0,simulation
35.1418245,126.9142375,0,simulation
35.1410202,126.917677,0,simulation
35.138214,126.9116915,0,simulation
35.1386318,126.9160861,0,simulation
35.1381656,126.9114289,0,simulation
35.1181148,126.947174,1,simulation
35.1401028,126.9180455,0,simulation
35.1405365,126.9177443,0,simulation
35.137838,126.9155429,0,simulation
35.1383974,126.9160842,0,simulation
35.1382989,126.9161119,0,simulation
35.1374535,126.9116714,0,simulation
35.1403694,126.9176975,0,simulation
35.1386697,126.9119645,0,simulation
35.1389097,126.9156144,0,simulation
35.1388943,126.9144827,0,simulation
35.1402614,126.9135904,0,simulation
35.1380914,126.9159418,0,simulation
35.1388906,126.9161323,0,simulation
35.1394022,126.9110204,0,simulation
35.1384168,126.9144554,0,simulation
35.1402883,126.9146973,0,simulation
35.1394732,126.9105731,0,simulation
35.139229,126.9149752,0,simulation
35.1389681,126.9118064,0,simulation
35.1408217,126.9173391,0,simulation
35.1388491,126.9145409,0,simulation
35.1382024,126.9117605,0,simulation
35.1411419,126.9133321,0,simulation
35.1408885,126.9139923,0,synthetic
35.1380697,126.9151897,0,simulation
35.1385677,126.915342,0,simulation
35.1391075,126.9145903,0,simulation
35.1409986,126.9140023,0,simulation
35.1412464,126.9141367,0,simulation
35.1392852,126.9109449,0,simulation
35.1395335,126.9105964,0,simulation
35.1381801,126.9117685,0,simulation
35.137642,126.9115039,0,simulation
35.1383076,126.9118562,0,simulation
35.1388033,126.914565,0,simulation
35.1383932,126.9155666,0,simulation
35.1383098,126.9118071,0,simulation
35.1417918,126.9138399,0,simulation
35.1377469,126.9119615,0,simulation
35.1383599,126.9157605,0,simulation
35.1379666,126.9159502,0,simulation
35.1394039,126.9110522,0,simulation
35.1409362,126.914258,0,synthetic
35.1392354,126.9110893,0,simulation
35.1378519,126.9116268,0,simulation
35.1379394,126.9161753,0,simulation
35.1399655,126.9140923,0,simulation
35.1379462,126.9160815,0,simulation
35.1388743,126.9144186,0,simulation
35.1377727,126.912248,0,simulation
35.1387772,126.91115,0,simulation
35.1388054,126.9150303,0,synthetic
35.1410073,126.9140166,0,simulation
35.1407083,126.9144026,0,simulation
35.1412516,126.9136467,0,simulation
35.1382007,126.9117158,0,simulation
35.1414786,126.9138458,0,simulation
35.1404812,126.9178859,0,simulation
35.1405868,126.9139943,0,simulation
35.137983,126.915805,0,simulation
35.1412716,126.9143314,0,simulation
35.1386291,126.9120955,0,simulation
35.1387799,126.9146684,0,simulation
35.1391789,126.9145033,0,simulation
35.1388342,126.8666393,1,simulation
35.13851,126.914335,0,simulation
35.1412586,126.9138703,0,simulation
35.1381773,126.9116977,0,simulation
35.1394045,126.9113551,0,simulation
35.1382232,126.9155631,0,simulation
35.1399503,126.9176846,0,simulation
35.1387589,126.9143299,0,simulation
35.1404578,126.9145078,0,simulation
35.1415703,126.9144244,0,simulation
35.1827991,126.9129489,1,simulation
35.1384181,126.9157445,0,simulation
35.1397657,126.9107224,0,simulation
35.140422,126.914219,0,simulation
35.1376015,126.9115912,0,simulation
35.1383721,126.9159601,0,simulation
35.1386701,126.9158635,0,simulation
35.1379571,126.9157612,0,simulation
35.1386749,126.9114989,0,simulation
35.1384406,126.9155666,0,simulation
35.1381391,126.9156694,0,synthetic
35.1381036,126.9139157,0,simulation
35.1383176,126.914599,0,simulation
35.1407888,126.9176144,0,simulation
35.138264,126.911863,0,simulation
35.1406038,126.9145132,0,simulation
35.1399875,126.9142061,0,simulation
35.1380513,126.9153907,0,simulation
35.1417625,126.9140321,0,simulation
35.1415986,126.913506,0,simulation
35.1419438,126.9142114,0,simulation
35.1388938,126.9140363,0,synthetic
35.1418399,126.9140406,0,simulation
35.1383091,126.9117742,0,simulation
35.1379594,126.9158291,0,simulation
35.1418873,126.9137764,0,simulation
35.13789,126.912125,0,simulation
35.1393179,126.9104125,0,simulation
35.1381935,126.9121206,0,simulation
35.1387297,126.9157581,0,simulation
35.1387468,126.9142747,0,simulation
35.1410645,126.917854,0,simulation
35.1404358,126.9140236,0,synthetic
35.1412457,126.9138254,0,simulation
35.1394649,126.9110552,0,simulation
35.1393212,126.9117273,0,simulation
35.1388215,126.9144888,0,simulation
35.1392665,126.9116034,0,simulation
35.1382073,126.9118927,0,simulation
35.1404932,126.9179858,0,simulation
35.1400397,126.917757,0,simulation
35.1405909,126.9177143,0,simulation
35.1406908,126.917644,0,simulation
35.1379202,126.9157901,0,simulation
35.1409894,126.9177765,0,simulation
35.1382434,126.9116815,0,simulation
35.1376399,126.9116846,0,simulation
35.1416009,126.9142744,0,synthetic
35.1403428,126.9144188,0,simulation
35.1375385,126.9114421,0,synthetic
35.140538,126.9146128,0,simulation
35.1388012,126.9140566,0,simulation
35.1415974,126.9141675,0,simulation
35.1463665,126.9313387,1,simulation
35.1385307,126.9123813,0,simulation
35.1406904,126.9140437,0,simulation
35.1402501,126.9141937,0,simulation
35.1395487,126.9111257,0,simulation
35.1386931,126.9159796,0,simulation
35.1387898,126.9114775,0,synthetic
35.1384848,126.9157321,0,simulation
35.138897,126.9151687,0,simulation
35.1381302,126.9115205,0,simulation
35.1382133,126.9157189,0,simulation
35.1402224,126.9174946,0,simulation
35.1378023,126.9157774,0,simulation
35.1386339,126.9116001,0,simulation
35.1379961,126.9118435,0,synthetic
35.1381593,126.9153485,0,simulation
35.1405176,126.9173576,0,simulation
35.1651179,126.9230787,1,simulation
35.1415634,126.9137413,0,simulation
35.1416897,126.9138546,0,simulation
35.1379293,126.9119111,0,simulation
35.1389101,126.9142362,0,simulation
35.1415798,126.9141839,0,simulation
35.1407332,126.9176424,0,simulation
35.1403013,126.914226,0,simulation
35.1397715,126.9106645,0,simulation
35.1413547,126.9136315,0,simulation
35.1385528,126.9141882,0,simulation
35.1382109,126.9156225,0,simulation
35.1381965,126.9119081,0,simulation
35.1408012,126.9176567,0,simulation
35.1408264,126.917436,0,simulation
35.139243,126.9159624,0,simulation
35.1386838,126.9115101,0,simulation
35.1389144,126.9145897,0,simulation
35.1391819,126.9117646,0,simulation
35.1382406,126.9154315,0,simulation
35.1388649,126.9139963,0,simulation
35.1395828,126.91469,0,simulation
35.1380983,126.9158271,0,simulation
35.1400875,126.9147439,0,simulation
35.1389934,126.9145504,0,simulation
35.1378432,126.9153695,0,simulation
35.1390151,126.9110829,0,simulation
35.1382317,126.9157909,0,simulation
35.1378385,126.9160561,0,simulation
35.1408824,126.9178123,0,simulation
35.140579,126.9177969,0,simulation
35.1375845,126.9117195,0,simulation
35.1403358,126.9137807,0,simulation
35.1407927,126.928161,1,simulation
35.1375304,126.9118771,0,simulation
35.1381608,126.916052,0,simulation
35.1408165,126.9174896,0,simulation
35.1380389,126.9153916,0,simulation
35.1391951,126.9141225,0,simulation
35.1384287,126.9148062,0,simulation
35.1404575,126.9178371,0,simulation
35.1407655,126.9109658,0,synthetic
35.1379995,126.9112746,0,simulation
35.139402,126.9110874,0,simulation
35.1383672,126.9153833,0,simulation
35.1388268,126.9157123,0,simulation
35.1621462,126.9071638,1,simulation
35.1399613,126.9141649,0,simulation
35.1380631,126.9119106,0,simulation
35.140083,126.9145523,0,simulation
35.1395185,126.9116372,0,simulation
35.1405958,126.9140744,0,simulation
35.1381434,126.9161514,0,simulation
35.1387264,126.9142245,0,simulation
35.1390312,126.9120966,0,simulation
35.1386247,126.9159992,0,simulation
35.1384838,126.9156625,0,simulation
35.1386986,126.9153472,0,simulation
35.1390658,126.9145292,0,simulation
35.1405073,126.9175773,0,simulation
35.1400316,126.9143744,0,synthetic
35.1403676,126.9144279,0,simulation
35.1376826,126.9113541,0,simulation
35.1380808,126.9158848,0,simulation
35.1385697,126.911566,0,simulation
35.1394588,126.9080014,0,synthetic
35.1407103,126.9177847,0,simulation
35.1377137,126.9115509,0,simulation
35.1405941,126.9136862,0,simulation
35.1381562,126.9161378,0,simulation
35.1378572,126.911553,0,simulation
35.1414944,126.9179969,0,simulation
35.1382976,126.9115394,0,simulation
35.137434,126.9116501,0,simulation
35.1384796,126.9117741,0,simulation
35.1382528,126.9157308,0,synthetic
35.1385647,126.9154905,0,simulation
35.1722858,126.907944,1,simulation
35.1408983,126.9135679,0,simulation
35.1385956,126.9116978,0,simulation
35.1377674,126.9154047,0,simulation
35.1420738,126.9106701,0,synthetic
35.1381836,126.9158771,0,simulation
35.1390396,126.911145,0,simulation
35.1392815,126.9114193,0,simulation
35.1410431,126.9146037,0,simulation
35.1407182,126.9174785,0,simulation
35.1394418,126.9139834,0,simulation
35.1390564,126.9143919,0,simulation
35.1378973,126.915584,0,simulation
35.1385641,126.9155392,0,simulation
35.1378962,126.9120141,0,simulation
35.1394451,126.9110306,0,simulation
35.140847,126.917691,0,simulation
35.1590528,126.9150018,1,simulation
35.1390886,126.9113179,0,simulation
35.1435924,126.905802,1,simulation
35.1384964,126.9157235,0,simulation
35.1387787,126.9145041,0,synthetic
35.1380823,126.9161659,0,simulation
35.1417152,126.9140099,0,simulation
35.1375419,126.911978,0,simulation
35.1403858,126.9140842,0,simulation
35.1380971,126.9115702,0,simulation
35.141703,126.9134543,0,simulation
35.1388922,126.914397,0,simulation
35.1373145,126.9116153,0,simulation
35.1406091,126.9173654,0,simulation
35.1413066,126.9143333,0,simulation
35.1377607,126.9148996,0,simulation
35.1383009,126.9139295,0,synthetic
35.1385232,126.911596,0,simulation
35.138988,126.9107933,0,simulation
35.109688,126.9250309,1,simulation
35.1380422,126.9158715,0,simulation
35.1408316,126.9139608,0,simulation
35.1416356,126.9367847,1,simulation
35.1388378,126.912187,0,simulation
35.1382602,126.9164817,0,simulation
35.1375196,126.9119722,0,simulation
35.1411674,126.9141089,0,simulation
35.1405683,126.9142364,0,simulation
35.1378383,126.9122409,0,simulation
35.1380478,126.9157227,0,simulation
35.1406815,126.9178175,0,simulation
35.1383794,126.9155804,0,simulation
35.1403424,126.9172282,0,simulation
35.139182,126.9115754,0,simulation
35.1389213,126.9145978,0,simulation
35.138078,126.91548,0,simulation
35.1407854,126.9147779,0,simulation
35.1388615,126.91142,0,simulation
35.1378072,126.9162681,0,simulation
35.1382802,126.9156329,0,simulation
35.1370332,126.8919826,1,simulation
35.1392033,126.9115533,0,simulation
35.1406544,126.9141483,0,simulation
35.1379722,126.9158428,0,simulation
35.1395618,126.9110988,0,simulation
35.1485111,126.9211846,1,simulation
35.1405497,126.914311,0,simulation
35.1415305,126.9138565,0,simulation
35.1385897,126.9145317,0,simulation
35.1406047,126.9175222,0,simulation
35.1405864,126.914877,0,simulation
35.1411231,126.9138061,0,simulation
35.1381032,126.9134477,0,simulation
35.1406068,126.9140771,0,simulation
35.1386932,126.9145586,0,simulation
35.1383651,126.9117017,0,simulation
35.1392476,126.9111895,0,simulation
35.1404421,126.9172612,0,simulation
35.138644,126.9140618,0,simulation
35.1415077,126.9137504,0,simulation
35.1380205,126.915197,0,simulation
35.1375846,126.9122632,0,simulation
35.1402119,126.9167056,0,simulation
35.1390549,126.9146872,0,simulation
35.1416251,126.9140811,0,simulation
35.1381908,126.9119903,0,simulation
35.1378542,126.911412,0,simulation
35.1387194,126.9119769,0,simulation
35.1385207,126.9159785,0,simulation
35.1380366,126.9147421,0,simulation
35.139012,126.9115357,0,synthetic
35.1379507,126.9160913,0,simulation
35.109825,126.8098809,1,synthetic
35.1382744,126.9158938,0,simulation
35.1416083,126.9146297,0,simulation
35.138219,126.9158858,0,simulation
35.1410253,126.9140552,0,simulation
35.1382135,126.9153971,0,simulation
35.139583,126.9107914,0,synthetic
35.1380285,126.9154956,0,simulation
35.1389526,126.9140053,0,simulation
35.1406016,126.9147143,0,synthetic
35.1380308,126.9157724,0,simulation
35.1403414,126.9172962,0,simulation
35.1406401,126.913927,0,simulation
35.1391818,126.9106899,0,simulation
35.1377182,126.9119301,0,simulation
35.1394218,126.9111337,0,simulation
35.1386739,126.9117097,0,simulation
35.1376301,126.9157176,0,simulation
35.1455922,126.9064423,1,simulation
35.1403551,126.9136023,0,simulation
35.1380492,126.9118937,0,simulation
35.1377983,126.9119656,0,simulation
35.1383151,126.9121196,0,simulation
35.1404834,126.9143169,0,simulation
35.1383821,126.9159926,0,simulation
35.141429,126.9140426,0,simulation
35.1407287,126.9142497,0,simulation
35.1409847,126.9024923,1,simulation
35.1382495,126.9154703,0,simulation
35.1398202,126.9143044,0,simulation
35.1390131,126.9146355,0,synthetic
35.1390168,126.9142676,0,simulation
35.140471,126.917835,0,simulation
35.140381,126.9146125,0,simulation
35.1392602,126.9112586,0,simulation
35.1384085,126.9161269,0,simulation
35.138344,126.9157007,0,simulation
35.1378965,126.9157915,0,simulation
35.14022,126.9145909,0,simulation
35.1385433,126.9140979,0,simulation
35.1415351,126.9140008,0,synthetic
35.1403558,126.9143648,0,simulation
35.1374845,126.9116456,0,simulation
35.137509,126.9116356,0,simulation
35.1414016,126.9142817,0,simulation
35.1380503,126.9153151,0,simulation
35.1415143,126.9139787,0,simulation
35.1392218,126.9112966,0,simulation
35.1415564,126.9140248,0,simulation
35.1381208,126.9157506,0,simulation
35.1401458,126.9174817,0,synthetic
35.1379568,126.9162111,0,simulation
35.1394323,126.9108654,0,simulation
35.1382909,126.9117926,0,simulation
35.1390761,126.9109522,0,simulation
35.1410546,126.9144511,0,simulation
35.1415812,126.9139262,0,simulation
35.1402381,126.9144177,0,simulation
35.1410116,126.9121254,0,synthetic
35.2418192,126.9005345,1,synthetic
35.1378723,126.9117101,0,simulation
35.1387719,126.9156641,0,simulation
35.1393867,126.9109564,0,simulation
35.1396718,126.9107184,0,simulation
35.1385685,126.915456,0,simulation
35.1407076,126.9142754,0,simulation
35.1378593,126.9160149,0,simulation
35.1383412,126.9121326,0,simulation
35.1389881,126.9141501,0,simulation
35.1380815,126.9074936,0,synthetic
35.1417284,126.9141966,0,simulation
35.1386267,126.9162722,0,simulation
35.1393205,126.9107793,0,synthetic
35.1385121,126.9161574,0,simulation
35.1388309,126.9146406,0,synthetic
35.1383179,126.9119469,0,simulation
35.1391151,126.9144856,0,simulation
35.1495747,126.8805187,1,simulation
35.1384439,126.9125991,0,simulation
35.1418283,126.9139035,0,simulation
35.138432,126.9160058,0,simulation
35.1405132,126.9179118,0,simulation
35.1377316,126.9116242,0,simulation
35.1222009,126.9506238,1,simulation
35.1376537,126.9151439,0,simulation
35.1383286,126.9117955,0,simulation
35.1347165,126.9134372,0,synthetic
35.138463,126.9140614,0,simulation
35.1401283,126.9174495,0,simulation
35.1383889,126.9120627,0,simulation
35.1413756,126.9140729,0,simulation
35.1377493,126.9115599,0,simulation
35.1526778,126.9009569,1,simulation
35.1382133,126.9121067,0,simulation
35.1378241,126.9155104,0,simulation
35.1404354,126.9142157,0,simulation
35.1378302,126.916007,0,simulation
35.1381372,126.9159686,0,simulation
35.1406224,126.9170257,0,simulation
35.138944,126.9110876,0,simulation
35.1387529,126.9144629,0,simulation
35.1392764,126.9113597,0,simulation
35.1383454,126.9116079,0,simulation
35.1382817,126.9160982,0,simulation
35.1378529,126.916063,0,simulation
35.1400751,126.9142605,0,simulation
35.1388503,126.9143301,0,synthetic
35.1412565,126.9176053,0,simulation
35.1428143,126.9119081,0,synthetic
35.1375957,126.9151933,0,simulation
35.1079256,126.9237136,1,simulation
35.1393188,126.9113412,0,simulation
35.140215,126.914083,0,simulation
35.1395536,126.9110778,0,simulation
35.1380872,126.9156528,0,simulation
35.1404932,126.9141331,0,simulation
35.1385356,126.9121163,0,simulation
35.1410729,126.9129362,0,synthetic
35.1388095,126.9133415,0,synthetic
35.1384934,126.9157428,0,synthetic
35.1416389,126.9140808,0,simulation
35.1385741,126.9142897,0,simulation
35.1411623,126.9139025,0,simulation
35.137595,126.9120866,0,simulation
35.1378575,126.9160084,0,simulation
35.1416957,126.9136089,0,simulation
35.1382222,126.9154793,0,simulation
35.1402292,126.9174864,0,simulation
35.1388391,126.9154442,0,simulation
35.14046,126.9138125,0,simulation
35.1400848,126.9145766,0,simulation
35.1385327,126.914722,0,simulation
35.1419031,126.9138938,0,synthetic
35.1372917,126.9126595,0,synthetic
35.1389847,126.9118024,0,simulation
35.1379397,126.9157256,0,simulation
35.1383901,126.9145589,0,simulation
35.1384768,126.9160993,0,synthetic
35.1397216,126.9108701,0,simulation
35.1381863,126.9122148,0,simulation
35.1408819,126.9141079,0,simulation
35.14068,126.9144675,0,simulation
35.1407756,126.9177185,0,simulation
35.1385281,126.9141586,0,synthetic
35.1378825,126.9155021,0,simulation
35.1380025,126.9152548,0,synthetic
35.1382853,126.9159812,0,simulation
35.1384488,126.9119568,0,simulation
35.1394057,126.9108156,0,simulation
35.1384249,126.914559,0,simulation
35.1391154,126.9110906,0,simulation
35.1411366,126.9136938,0,simulation
35.1387795,126.9145311,0,synthetic
35.1381163,126.9124448,0,simulation
35.1384676,126.914368,0,synthetic
35.1390493,126.9145868,0,simulation
35.1384892,126.9153624,0,simulation
35.138161,126.9160615,0,simulation
35.1414107,126.914376,0,simulation
35.1403658,126.9176209,0,simulation
35.1404485,126.9136717,0,simulation
35.1382955,126.9155664,0,simulation
35.1405488,126.9181429,0,simulation
35.1402077,126.9140511,0,simulation
35.1407617,126.9135313,0,simulation
35.1412992,126.9139485,0,simulation
35.1381176,126.9137791,0,synthetic
35.1388124,126.911825,0,simulation
35.1381213,126.9149837,0,simulation
35.137812,126.9120382,0,simulation
35.1387252,126.9145257,0,simulation
35.1405659,126.9139138,0,simulation
35.1392666,126.9108051,0,simulation
35.1383684,126.9117727,0,simulation
35.1392694,126.9107637,0,simulation
35.1389807,126.9143964,0,simulation
35.1461437,126.9332698,1,simulation
35.1381525,126.9116604,0,simulation
0.0,0.0,1,synthetic
35.1380092,126.9156734,0,simulation
35.1393509,126.9110664,0,simulation
35.138285,126.9117933,0,simulation
35.1382668,126.9156798,0,simulation
35.1412304,126.9142373,0,simulation
35.1398872,126.9142929,0,simulation
35.1384988,126.9128275,0,simulation
35.1610241,126.9544643,1,simulation
35.1380741,126.9115101,0,simulation
35.1291566,126.9201446,1,simulation
35.1394778,126.9114836,0,simulation
35.1379187,126.9158589,0,simulation
35.1381919,126.915813,0,synthetic
35.1414442,126.9136807,0,simulation
35.1380007,126.915816,0,simulation
35.1413148,126.9134586,0,simulation
35.1384691,126.9115397,0,simulation
35.1415307,126.9141113,0,simulation
35.1405503,126.9172322,0,simulation
35.1387795,126.9158292,0,simulation
35.1385789,126.9163539,0,simulation
35.1383602,126.9124016,0,simulation
35.1388733,126.9147259,0,simulation
35.1381122,126.9161768,0,simulation
35.1382103,126.9123873,0,simulation
35.1382576,126.9154888,0,simulation
35.1496216,126.9095398,1,simulation
35.1379074,126.9116067,0,simulation
35.1096927,126.9229437,1,simulation
35.1404987,126.9169414,0,simulation
35.140461,126.9167584,0,simulation
35.1409262,126.9142072,0,simulation
35.1384919,126.9152046,0,simulation
35.1383399,126.9146042,0,simulation
35.1391039,126.9142098,0,simulation
35.1407401,126.9175997,0,simulation
0.0,0.0,1,synthetic
35.1384185,126.9118601,0,simulation
35.1377823,126.9113989,0,simulation
35.1403886,126.914075,0,simulation
35.1383429,126.9159264,0,simulation
35.1387312,126.9160574,0,simulation
35.1398165,126.9141188,0,simulation
35.1404141,126.9146435,0,simulation
35.1382983,126.9116324,0,simulation
35.1385017,126.9151801,0,simulation
35.0567756,126.9707537,1,synthetic
35.1379083,126.91603,0,simulation
35.1386395,126.9117853,0,simulation
35.1414818,126.9140828,0,synthetic
35.1411025,126.9135391,0,simulation
35.1399896,126.9145187,0,simulation
35.137318,126.9121603,0,simulation
35.1378834,126.9119892,0,simulation
35.137761,126.9160987,0,synthetic
35.1379692,126.9125732,0,simulation
35.1392537,126.914806,0,simulation
35.1399033,126.9111945,0,simulation
35.1387807,126.9116109,0,simulation
35.1398174,126.9115145,0,simulation
35.1387521,126.9152499,0,simulation
35.1406681,126.91786,0,simulation
35.1392487,126.9115213,0,simulation
35.138407,126.9150514,0,simulation
35.141255,126.9138868,0,simulation
35.1392426,126.9107628,0,simulation
35.1393068,126.9111665,0,simulation
35.1390633,126.9143082,0,simulation
35.1412288,126.914036,0,synthetic
35.1384397,126.9156058,0,simulation
35.1391624,126.9106439,0,simulation
35.1384157,126.9143917,0,simulation
35.1376677,126.9114825,0,simulation
35.1311412,126.9047392,1,simulation
35.1452458,126.912797,0,synthetic
35.137182,126.9096204,0,synthetic
35.1404849,126.9141702,0,synthetic
35.1382273,126.9160646,0,simulation
35.138099,126.9115752,0,simulation
35.1407415,126.9144554,0,simulation
35.1404122,126.9172058,0,simulation
35.1380876,126.915141,0,simulation
35.1408825,126.9175205,0,simulation
35.1384774,126.9119937,0,simulation
35.1409907,126.9140561,0,simulation
35.1383996,126.9158179,0,simulation
35.1404145,126.9176769,0,simulation
35.1377399,126.9113994,0,simulation
35.1382594,126.9118426,0,simulation
35.1783094,126.9975608,1,synthetic
35.1385661,126.9117012,0,simulation
35.1383318,126.9157919,0,simulation
35.1386304,126.9157131,0,synthetic
35.1378064,126.9153065,0,simulation
35.1389985,126.9108335,0,simulation
35.1381691,126.9115897,0,simulation
35.1381155,126.9123499,0,simulation
35.1382063,126.9159833,0,simulation
35.1392321,126.9148362,0,simulation
35.1379117,126.915221,0,simulation
35.140262,126.9174145,0,simulation
35.1386741,126.9155587,0,simulation
35.14169,126.9137227,0,simulation
35.1379305,126.9117458,0,simulation
35.1410433,126.9142141,0,simulation
35.1377443,126.9114738,0,simulation
35.1405831,126.9177238,0,simulation
35.1381756,126.9159381,0,simulation
35.1391012,126.9143066,0,simulation
35.1374494,126.9119025,0,simulation
35.1372476,126.9117589,0,simulation
35.1401175,126.9143469,0,simulation
35.1401027,126.9140599,0,simulation
35.1382618,126.9156517,0,simulation
35.1405465,126.9141248,0,simulation
35.1413644,126.9141161,0,simulation
35.141118,126.9137565,0,simulation
35.1387789,126.9141329,0,simulation
35.138534,126.9160912,0,simulation
35.1417786,126.9134652,0,simulation
35.1408386,126.91418,0,simulation
35.1384857,126.9117214,0,simulation
35.1411959,126.9135238,0,simulation
35.139691,126.9108736,0,simulation
35.1403667,126.9178678,0,simulation
35.1384284,126.9119692,0,simulation
35.1402097,126.9139699,0,simulation
35.1405235,126.9171465,0,simulation
35.1462473,126.9255267,1,simulation
35.1383925,126.9158075,0,simulation
35.1390407,126.9109116,0,simulation
35.140391,126.9174988,0,simulation
35.1405898,126.9137501,0,synthetic
35.1388525,126.9122488,0,simulation
35.1382955,126.9167496,0,simulation
35.1381033,126.9111966,0,simulation
35.1411374,126.9137872,0,simulation
35.1403695,126.9143242,0,simulation
35.1386441,126.9144347,0,simulation
35.1383079,126.9158758,0,simulation
35.1389353,126.9121993,0,simulation
35.1405081,126.9139255,0,simulation
35.1377223,126.9119886,0,simulation
35.1388468,126.9120918,0,simulation
35.1382466,126.9119162,0,simulation
35.1413473,126.9141056,0,simulation
35.1407667,126.9142915,0,simulation
35.1406065,126.9174666,0,simulation
35.1408569,126.9142441,0,simulation
35.1382776,126.9158232,0,simulation
35.1413043,126.913927,0,simulation
35.1390471,126.9110683,0,simulation
35.1397727,126.9145254,0,simulation
35.1381606,126.9113849,0,simulation
35.138567,126.9139494,0,simulation
35.1384096,126.9156133,0,simulation
35.1386889,126.9122161,0,simulation
35.1414284,126.9140309,0,simulation
35.1406795,126.9142948,0,simulation
35.1408965,126.9142348,0,simulation
35.140102,126.9139968,0,simulation
35.1390235,126.9147397,0,simulation
35.1379475,126.9157429,0,simulation
35.1404421,126.9140903,0,simulation
35.1404846,126.9173935,0,simulation
35.1407636,126.9175736,0,simulation
35.1400324,126.9112899,0,simulation
35.1375632,126.9123356,0,simulation
35.1390397,126.9145365,0,simulation
35.1392117,126.9146921,0,simulation
35.1410469,126.9143873,0,simulation
35.1384503,126.9162628,0,simulation
35.1396216,126.9109376,0,simulation
35.1399327,126.9181419,0,simulation
35.140178,126.9177609,0,simulation
35.1404656,126.9173134,0,simulation
35.1376186,126.912173,0,simulation
35.1406599,126.9145221,0,simulation
35.1393148,126.9111128,0,synthetic
35.139549,126.9112375,0,simulation
35.1398077,126.9112034,0,simulation
35.1386373,126.9119211,0,simulation
35.1384878,126.9115394,0,simulation
35.1375177,126.9154807,0,synthetic
35.1384666,126.9157136,0,simulation
35.1378701,126.9118242,0,simulation
35.1384505,126.915867,0,simulation
35.1382073,126.9156436,0,simulation
35.1412337,126.9143444,0,synthetic
35.1378845,126.9160725,0,simulation
35.137244,126.9115904,0,simulation
35.1377002,126.9116666,0,simulation
35.1409681,126.9141102,0,simulation
35.1378566,126.9117559,0,simulation
35.1389483,126.9141442,0,simulation
35.1390938,126.9156793,0,simulation
35.13855,126.9140911,0,simulation
35.1384364,126.9112285,0,simulation
35.1409755,126.9143325,0,simulation
35.138096,126.9162812,0,simulation
35.1387053,126.9151672,0,simulation
35.1406631,126.914628,0,simulation
35.1383858,126.9121431,0,simulation
35.1384393,126.9153704,0,simulation
35.1394167,126.9140581,0,simulation
35.1410277,126.91748,0,simulation
35.1403337,126.9090451,0,synthetic
35.1403702,126.9140774,0,simulation
35.1383854,126.9157796,0,simulation
35.1399029,126.9140159,0,simulation
35.1402724,126.9180172,0,simulation
35.1379982,126.9150512,0,simulation
35.0741818,126.9472256,1,simulation
35.1395672,126.9108529,0,simulation
35.1397427,126.9171878,0,simulation
35.1378167,126.9114533,0,simulation
35.1401928,126.9175253,0,simulation
35.1402458,126.9140033,0,simulation
35.1409801,126.9168208,0,synthetic
35.1379501,126.9123692,0,simulation
35.1407449,126.9138173,0,simulation
35.1165601,126.9100281,1,simulation
35.1403565,126.9145985,0,simulation
35.1404809,126.9172373,0,simulation
35.1407895,126.9144078,0,simulation
35.1384182,126.9117736,0,simulation
35.1406268,126.9138347,0,simulation
35.1382045,126.9123529,0,simulation
35.1389583,126.914371,0,simulation
35.1413365,126.9135565,0,simulation
35.1374259,126.9117947,0,simulation
35.1396678,126.9111326,0,simulation
35.1406824,126.9174222,0,simulation
35.1398985,126.9150192,0,synthetic
35.1402865,126.9177308,0,simulation
35.1404656,126.9138107,0,simulation
35.1385408,126.9159068,0,simulation
35.1381109,126.9157945,0,simulation
35.1377469,126.911801,0,simulation
35.138646,126.9144187,0,synthetic
35.1399305,126.9106823,0,simulation
35.1382485,126.9156366,0,simulation
35.1377149,126.9117513,0,simulation
35.1379222,126.915581,0,synthetic
35.1383267,126.9122314,0,synthetic
35.1382468,126.9122838,0,simulation
35.2069444,127.0418983,1,synthetic
35.1418066,126.9142381,0,simulation
35.1384767,126.9143092,0,simulation
35.1408891,126.9140644,0,simulation
35.1381417,126.9163314,0,simulation
35.1218787,126.883027,1,simulation
35.1385277,126.9156027,0,simulation
35.1389081,126.9140361,0,simulation
35.1405731,126.9140844,0,simulation
35.1414133,126.9143118,0,simulation
35.139478,126.9141955,0,simulation
35.1383338,126.9151755,0,simulation
35.1381232,126.9158527,0,simulation
35.1406147,126.917727,0,simulation
35.1387857,126.9155474,0,simulation
35.0509715,126.9823738,1,synthetic
35.1439643,126.9092252,0,synthetic
35.1393546,126.9108685,0,simulation
35.1403749,126.9142955,0,simulation
35.1402617,126.914199,0,simulation
35.1378759,126.9116711,0,simulation
35.1388616,126.9162746,0,simulation
35.1409234,126.9139747,0,simulation
35.1391748,126.91115,0,simulation
35.1389765,126.914763,0,simulation
35.138212,126.9161631,0,simulation
35.1391028,126.9105697,0,simulation
35.1415325,126.9135684,0,simulation
35.1383005,126.914205,0,simulation
35.1379425,126.9117924,0,simulation
35.140242,126.9175312,0,simulation
35.1380746,126.9161389,0,simulation
35.1382751,126.9118833,0,simulation
35.1412521,126.9135809,0,simulation
35.1407835,126.9178048,0,simulation
35.1380172,126.9119186,0,simulation
35.1400708,126.9141194,0,simulation
35.1408146,126.9176518,0,synthetic
35.1403691,126.914274,0,simulation
35.1449709,126.9313541,1,simulation
35.1385751,126.9156519,0,simulation
35.1390902,126.9139438,0,simulation
35.1405209,126.9141005,0,simulation
35.1407119,126.9178751,0,simulation
35.1402632,126.9141273,0,simulation
35.1197564,126.8915189,1,simulation
35.1392094,126.9144724,0,simulation
35.1386266,126.9143924,0,simulation
35.140034,126.9142962,0,simulation
35.140754,126.9141069,0,simulation
35.138083,126.9163098,0,simulation
35.1405593,126.918158,0,simulation
35.1385648,126.9156344,0,simulation
35.1404738,126.9172354,0,simulation
35.138629,126.9141469,0,simulation
35.140564,126.9142816,0,simulation
35.1379258,126.915119,0,synthetic
35.1026635,126.9046437,1,synthetic
35.140792,126.9145981,0,simulation
35.1387951,126.9109488,0,simulation
35.1396947,126.9109246,0,simulation
35.1402364,126.9174058,0,simulation
35.1378762,126.9121327,0,simulation
35.1411952,126.9137219,0,simulation
35.1412805,126.9140989,0,simulation
35.1380468,126.9154797,0,simulation
35.1383393,126.9160228,0,simulation
35.1492577,127.0298114,1,synthetic
35.1397078,126.9107497,0,simulation
35.1378802,126.9156904,0,simulation
35.1381742,126.9113937,0,simulation
35.1411719,126.9177647,0,simulation
35.1393882,126.9105839,0,simulation
35.1380009,126.9154649,0,simulation
35.1379283,126.911874,0,simulation
35.1380423,126.9116775,0,simulation
35.1401629,126.9136118,0,synthetic
35.1385839,126.9121392,0,simulation
35.1379415,126.9165099,0,simulation
35.1414006,126.9140905,0,simulation
35.1406986,126.917307,0,simulation
35.1382619,126.9122134,0,simulation
35.1404935,126.914163,0,simulation
35.1414234,126.9143737,0,synthetic
35.1416641,126.9136209,0,simulation
35.1404762,126.9175606,0,simulation
35.1405243,126.917604,0,simulation
35.1383201,126.9118855,0,simulation
35.1389265,126.914288,0,simulation
35.140564,126.9171232,0,simulation
35.1403266,126.9149382,0,simulation
35.1380056,126.9121128,0,simulation
35.1400136,126.9275571,1,simulation
35.1380549,126.9153972,0,simulation
35.1417968,126.9136514,0,simulation
35.1401448,126.9170773,0,simulation
35.1379353,126.9153739,0,simulation
35.1660877,126.8941838,1,synthetic
35.1386274,126.9150822,0,simulation
35.1434133,126.9081347,0,synthetic
35.1377133,126.9115638,0,simulation
35.1411581,126.9145727,0,simulation
35.1400798,126.9177427,0,simulation
35.1388426,126.9142982,0,simulation
35.1389009,126.9162442,0,simulation
35.1383982,126.9116223,0,simulation
35.138382,126.9126024,0,simulation
35.1328067,126.9229277,1,simulation
35.1601389,126.9286841,1,simulation
35.1409884,126.9168556,0,simulation
35.138091,126.9118552,0,simulation
35.1384954,126.9143173,0,simulation
35.1410896,126.9139814,0,simulation
35.1387767,126.915689,0,synthetic
35.1386346,126.9157899,0,simulation
35.1409124,126.9178168,0,simulation
35.138438,126.9162301,0,simulation
35.1409354,126.9143109,0,simulation
35.138015,126.9157794,0,simulation
35.13908,126.9143205,0,simulation
35.1406364,126.9174218,0,simulation
35.1379768,126.9120232,0,simulation
35.137753,126.911046,0,simulation
35.1406069,126.9178225,0,simulation
35.1411806,126.9141928,0,synthetic
35.1380411,126.9161068,0,simulation
35.1399776,126.9527502,1,simulation
35.1379684,126.9120287,0,simulation
35.1402488,126.9146307,0,simulation
35.1381001,126.9119037,0,simulation
35.1394378,126.9106797,0,simulation
35.1405402,126.9173654,0,simulation
35.1383764,126.9160952,0,simulation
35.1380591,126.9154303,0,simulation
35.1382279,126.9120018,0,simulation
35.1375696,126.9158141,0,simulation
35.1380083,126.9163353,0,simulation
35.1395494,126.9107527,0,simulation
35.1384097,126.9145329,0,simulation
35.1378452,126.9119564,0,simulation
35.1392049,126.9190892,0,synthetic
35.1405769,126.9145912,0,simulation
35.1383863,126.911567,0,simulation
35.1380486,126.9112003,0,simulation
35.1406449,126.9143655,0,simulation
35.1373862,126.9116054,0,simulation
35.1378135,126.9112388,0,simulation
35.1410492,126.9138958,0,simulation
35.1378421,126.9159229,0,simulation
35.1404627,126.9180403,0,synthetic
35.1405932,126.914467,0,simulation
35.1386223,126.9117741,0,simulation
35.1381066,126.9118232,0,simulation
35.1382673,126.9119505,0,simulation
35.1412974,126.9141214,0,simulation
35.1389926,126.9143707,0,simulation
35.1388672,126.9139733,0,simulation
35.1397803,126.914396,0,simulation
35.1379441,126.9120259,0,simulation
35.1384201,126.9157901,0,simulation
35.1389997,126.9147807,0,simulation
35.1379035,126.9124478,0,simulation
35.1407465,126.9148194,0,simulation
35.138696,126.9156773,0,simulation
35.1383352,126.9158612,0,simulation
35.1407964,126.9177598,0,simulation
35.1380247,126.9156271,0,simulation
35.1381846,126.9126122,0,simulation
35.1403119,126.9173403,0,simulation
35.1384753,126.9152838,0,simulation
35.1414594,126.9142683,0,simulation
35.138174,126.9115167,0,simulation
35.1382524,126.915701,0,simulation
35.137739,126.9118301,0,synthetic
35.1380529,126.9144214,0,synthetic
35.1384361,126.9156452,0,simulation
35.1380719,126.9152796,0,simulation
35.1376502,126.9161277,0,simulation
35.1380737,126.9157898,0,simulation
35.1393643,126.9145458,0,simulation
35.1404647,126.9174541,0,simulation
35.1406736,126.9141627,0,simulation
35.1407208,126.9136926,0,simulation
35.1412819,126.9179785,0,synthetic
35.1402579,126.9138601,0,simulation
35.1407091,126.9172091,0,simulation
35.1382065,126.9159655,0,simulation
35.1379402,126.9116303,0,simulation
35.1376026,126.9120023,0,simulation
35.1377975,126.9161123,0,simulation
35.1379783,126.9115554,0,simulation
35.138549,126.9159842,0,simulation
35.1398502,126.9113857,0,simulation
35.1384764,126.9120536,0,simulation
35.1409643,126.9176367,0,simulation
35.1380937,126.915893,0,simulation
35.1382996,126.9150363,0,simulation
35.1375908,126.9069148,0,synthetic
35.137935,126.9158933,0,simulation
35.0716499,126.8600622,1,synthetic
35.1405,126.9177413,0,simulation
35.1405676,126.9184575,0,simulation
35.1401263,126.9232471,1,simulation
35.1387492,126.9142284,0,simulation
35.1409367,126.9140452,0,simulation
35.1381932,126.9156702,0,simulation
35.1381909,126.9156516,0,simulation
35.1388531,126.9122181,0,simulation
35.140157,126.9140621,0,simulation
35.1430508,126.9132907,0,synthetic
35.1404896,126.9173472,0,simulation
35.1388962,126.9113965,0,simulation
35.1417953,126.9142141,0,simulation
35.1404358,126.9178308,0,simulation
35.1387232,126.9114445,0,simulation
35.1405,126.917318,0,simulation
35.1328355,126.8106145,1,synthetic
35.1410443,126.917602,0,simulation
35.138698,126.9161637,0,simulation
35.138654,126.911972,0,simulation
35.1415542,126.9133987,0,simulation
35.1411917,126.9137898,0,simulation
35.1377415,126.9158263,0,simulation
35.1409038,126.9172655,0,simulation
35.1270265,126.8702814,1,simulation
35.1386672,126.9160828,0,simulation
35.1406961,126.9176078,0,simulation
35.1383107,126.911912,0,simulation
35.1410691,126.9102031,0,synthetic
35.1386378,126.9147016,0,simulation
35.1393862,126.9110931,0,simulation
35.1384297,126.9157671,0,simulation
35.1736843,126.934296,1,simulation
35.13854,126.9121956,0,simulation
35.1378399,126.9117884,0,simulation
35.1388876,126.9143475,0,simulation
35.1398079,126.9112225,0,simulation
35.1382875,126.9122245,0,simulation
35.1385505,126.9157779,0,simulation
35.1385464,126.9158947,0,simulation
35.1379462,126.9119173,0,simulation
35.1389624,126.9108619,0,simulation
35.1417082,126.9139559,0,simulation
35.1379399,126.9117668,0,simulation
35.1403268,126.9148777,0,simulation
35.138022,126.9160172,0,simulation
35.1403512,126.9138567,0,simulation
35.1393362,126.9143657,0,simulation
35.13784,126.9154482,0,simulation
35.1563373,126.9396699,1,simulation
35.1381118,126.9153761,0,simulation
35.137852,126.9155253,0,simulation
35.1406944,126.9143661,0,simulation
35.1382311,126.9163858,0,simulation
35.1377526,126.9121258,0,simulation
35.1566734,126.9059226,1,simulation
35.1404369,126.91798,0,simulation
35.138268,126.9149416,0,simulation
35.1387497,126.914278,0,simulation
35.1386655,126.9137697,0,simulation
35.1387468,126.9148457,0,simulation
35.1393783,126.9105551,0,simulation
35.0786923,126.9065298,1,simulation
35.1385559,126.9140489,0,simulation
35.138371,126.9118852,0,simulation
35.1383787,126.9155544,0,simulation
35.1385882,126.9140533,0,simulation
35.138405,126.9158792,0,simulation
35.1413563,126.9138954,0,simulation
35.138571,126.914354,0,simulation
35.139069,126.9142444,0,simulation
35.1394828,126.9114063,0,simulation
35.1402621,126.9141572,0,simulation
35.1375904,126.9117732,0,simulation
35.0737355,127.0342629,1,synthetic
35.1397432,126.9140709,0,simulation
35.13845,126.915658,0,simulation
35.1392266,126.9147477,0,synthetic
35.1395702,126.9113532,0,simulation
35.1376662,126.9118646,0,simulation
35.1389531,126.9142796,0,simulation
35.1382743,126.9121146,0,simulation
35.1375737,126.9118602,0,simulation
35.1379092,126.9153228,0,simulation
35.1408002,126.9174149,0,simulation
35.1404584,126.9141061,0,simulation
35.1381888,126.9156157,0,simulation
35.138768,126.9142719,0,simulation
35.1391422,126.9106188,0,simulation
35.1385774,126.9146353,0,simulation
35.1405133,126.9137038,0,simulation
35.1380933,126.9153284,0,synthetic
35.1500495,126.943372,1,simulation
35.1415304,126.9145688,0,simulation
35.1404155,126.9143127,0,simulation
35.1408928,126.9172152,0,simulation
35.1388656,126.9139513,0,simulation
35.1384744,126.9122639,0,simulation
35.1131678,126.9212525,1,simulation
35.1392265,126.9142218,0,simulation
35.1400383,126.9171822,0,synthetic
35.1697598,126.8965093,1,simulation
35.1390809,126.9144752,0,simulation
35.1412859,126.9144715,0,simulation
35.1383041,126.9151625,0,simulation
35.1375028,126.9126487,0,simulation
35.1404995,126.9138554,0,simulation
35.1382302,126.9162747,0,synthetic
35.0812583,126.8260379,1,synthetic
35.1378881,126.9119064,0,simulation
35.1404084,126.9141287,0,simulation
35.1387356,126.9142955,0,simulation
35.1392273,126.9116532,0,simulation
35.1384777,126.9153424,0,simulation
35.1389502,126.9134685,0,simulation
35.139265,126.911143,0,simulation
35.1381113,126.9119542,0,simulation
35.1384093,126.9115343,0,simulation
35.1392266,126.9109902,0,simulation
35.1408527,126.9171615,0,simulation
35.1417735,126.9142807,0,simulation
35.1382214,126.9153487,0,simulation
35.1385368,126.9144752,0,simulation
35.139076,126.9144914,0,simulation
35.1381833,126.9159525,0,simulation
35.1406445,126.9169887,0,simulation
35.1380406,126.9142923,0,simulation
35.1384186,126.9161771,0,simulation
35.1392806,126.9108957,0,simulation
35.1385176,126.9143283,0,simulation
35.1389892,126.9146197,0,simulation
35.1384001,126.9119501,0,simulation
35.1112761,126.9451586,1,simulation
35.1397498,126.9111802,0,simulation
35.1379054,126.915493,0,simulation
35.1371294,126.9136306,0,synthetic
35.1404424,126.9175618,0,simulation
35.1415613,126.9140467,0,simulation
35.1389083,126.9141993,0,simulation
35.1379918,126.9162855,0,simulation
35.1390684,126.9144668,0,simulation
35.1382752,126.915334,0,simulation
35.1382568,126.9116172,0,simulation
35.1399518,126.9143209,0,simulation
35.1381149,126.9155975,0,simulation
35.1409015,126.9176104,0,simulation
35.1403136,126.9139694,0,simulation
35.138275,126.9120465,0,simulation
35.1390773,126.9148892,0,simulation
35.1403376,126.914059,0,simulation
35.1376752,126.9126113,0,synthetic
35.1389427,126.9116917,0,simulation
35.141891,126.9091462,0,synthetic
35.1383803,126.9114383,0,simulation
35.1377936,126.9113066,0,simulation
35.1380634,126.9155372,0,simulation
35.1418198,126.9142612,0,simulation
35.138065,126.9156217,0,simulation
35.1390496,126.9145177,0,simulation
35.140466,126.9142532,0,simulation
35.1422872,126.914315,0,simulation
35.1406639,126.9174244,0,simulation
35.1380911,126.9159102,0,simulation
35.1389706,126.9149765,0,simulation
35.1377881,126.9118018,0,simulation
35.137636,126.9116169,0,simulation
35.1402449,126.917596,0,simulation
35.1405918,126.9179143,0,synthetic
35.1401855,126.9173046,0,simulation
35.140557,126.917273,0,simulation
35.1389753,126.9142241,0,simulation
35.1406419,126.9142148,0,simulation
35.1378742,126.9160614,0,simulation
35.1612381,126.8540673,1,synthetic
35.1385186,126.9118232,0,simulation
35.1377411,126.915875,0,simulation
35.1383653,126.9153238,0,simulation
35.1387066,126.9109903,0,simulation
35.1405414,126.9177169,0,simulation
35.1381863,126.9158761,0,simulation
35.1400506,126.9138203,0,simulation
35.1143301,126.8844989,1,simulation
35.1403616,126.9137916,0,simulation
35.1382709,126.9122902,0,simulation
35.1375052,126.9117509,0,simulation
35.1408058,126.9170213,0,simulation
35.1412357,126.9139949,0,simulation
35.1407401,126.9141873,0,simulation
35.1384523,126.9142397,0,simulation
35.138572,126.9124444,0,simulation
35.1390245,126.9142796,0,synthetic
35.1450344,126.9137985,0,synthetic
35.1382409,126.9115491,0,simulation
35.1389679,126.9156259,0,simulation
35.141607,126.9140034,0,simulation
35.1403489,126.9141084,0,simulation
35.1403961,126.9176723,0,synthetic
35.138326,126.914103,0,simulation
35.1415806,126.9137697,0,simulation
35.1383859,126.9116207,0,simulation
35.1400592,126.914066,0,simulation
35.138314,126.9154632,0,simulation
35.1387439,126.9153579,0,simulation
35.1387923,126.9145863,0,simulation
35.1405928,126.9140981,0,simulation
35.138022,126.9158058,0,simulation
35.1390486,126.9110926,0,simulation
35.1388562,126.911551,0,simulation
35.1382158,126.9112836,0,simulation
35.1379017,126.9158515,0,simulation
35.1375057,126.9154373,0,simulation
35.1377955,126.9121213,0,simulation
35.1385239,126.9146961,0,simulation
35.1647141,126.9162446,1,simulation
35.1437225,126.9296137,1,simulation
35.1385754,126.9157518,0,simulation
35.1375903,126.915241,0,simulation
35.1383368,126.911302,0,simulation
35.1414299,126.9135654,0,simulation
0.0,0.0,1,synthetic
35.1418067,126.9141323,0,simulation
35.1380592,126.9159276,0,simulation
35.1380026,126.9119237,0,simulation
35.1380249,126.9156638,0,simulation
35.1404649,126.9176023,0,synthetic
35.1213167,126.8875719,1,simulation
35.1403901,126.9172893,0,simulation
35.1414381,126.9140912,0,synthetic
35.1413276,126.9143042,0,simulation
35.1413562,126.9138783,0,simulation
35.1377215,126.9157744,0,simulation
0.0,0.0,1,synthetic
35.1403735,126.9141836,0,simulation
35.1385982,126.9118512,0,simulation
35.1400445,126.9115138,0,simulation
35.1384041,126.9157421,0,simulation
35.1389641,126.914138,0,simulation
35.1408269,126.9178868,0,simulation
35.1384266,126.9160511,0,simulation
35.1387667,126.9200771,1,simulation
35.138865,126.9147524,0,simulation
35.138575,126.9143214,0,simulation
35.1404909,126.9173571,0,simulation
35.1404329,126.9147636,0,simulation
35.2287486,126.9064927,1,synthetic
35.140299,126.9142447,0,simulation
35.1381307,126.9150216,0,simulation
35.1387365,126.9148895,0,synthetic
35.1384249,126.9118191,0,simulation
35.1395562,126.9111456,0,simulation
35.139884,126.9146239,0,simulation
35.141608,126.9138137,0,simulation
35.1414094,126.9143621,0,simulation
35.1387177,126.9141387,0,simulation
35.140024,126.9150696,0,simulation
35.1380717,126.9155356,0,simulation
35.1383651,126.9160527,0,simulation
35.1384893,126.9124512,0,simulation
35.140107,126.914755,0,simulation
35.1411754,126.9141023,0,simulation
35.137905,126.9156627,0,simulation
35.138366,126.9157432,0,synthetic
35.1411231,126.913633,0,simulation
35.1378966,126.9114158,0,simulation
35.1402593,126.9138103,0,simulation
35.1383601,126.9122663,0,simulation
35.1415151,126.9136334,0,simulation
35.1432261,126.9119409,0,synthetic
35.138177,126.9158369,0,simulation
35.1388253,126.9118069,0,simulation
35.0730372,126.9409656,1,synthetic
35.1379932,126.9123116,0,simulation
35.1383308,126.911818,0,simulation
35.1383688,126.9158512,0,simulation
35.1191028,126.9090431,1,simulation
35.1388079,126.9156938,0,simulation
35.1407215,126.9171174,0,simulation
35.1391511,126.9107653,0,simulation
35.1413663,126.9143841,0,simulation
35.1383934,126.9161427,0,simulation
35.1385547,126.9121847,0,simulation
35.1387871,126.91613,0,simulation
35.1401017,126.9141598,0,simulation
35.1542787,126.8620711,1,simulation
35.1395871,126.9107953,0,simulation
35.1387832,126.9106815,0,simulation
35.1385163,126.914454,0,simulation
35.1417188,126.9148019,0,simulation
35.1381441,126.9160982,0,simulation
35.140764,126.9179757,0,simulation
35.1408458,126.9137609,0,simulation
35.1378716,126.916058,0,simulation
35.1386001,126.9157501,0,simulation
35.1388262,126.9146048,0,simulation
35.1408884,126.9141422,0,simulation
35.1417138,126.9142643,0,simulation
35.1392159,126.9110349,0,simulation
35.1334475,126.9362557,1,simulation
35.1379085,126.915232,0,simulation
35.1382607,126.9160363,0,simulation
35.1386176,126.9141751,0,simulation
35.1684266,126.9890188,1,synthetic
35.1378345,126.9118508,0,simulation
35.1410216,126.9140009,0,simulation
35.1394647,126.9113351,0,simulation
35.1405555,126.9178168,0,simulation
35.1402072,126.9176285,0,simulation
35.1395991,126.910982,0,simulation
35.1383881,126.9143625,0,simulation
35.1379338,126.911846,0,simulation
35.1382804,126.916523,0,simulation
35.1416299,126.9141073,0,simulation
35.1391172,126.9440924,1,simulation
35.1391759,126.9147896,0,synthetic
35.1379668,126.9154901,0,simulation
35.1385023,126.9118164,0,simulation
35.1383777,126.9160088,0,simulation
35.1414356,126.9137815,0,simulation
35.1386268,126.915975,0,simulation
35.1385591,126.914632,0,simulation
35.1378949,126.9121678,0,simulation
35.1385747,126.9149912,0,simulation
35.1138961,126.9329353,1,simulation
35.1384057,126.9152406,0,simulation
35.138877,126.9156802,0,simulation
35.1391667,126.9111029,0,simulation
35.1381029,126.9115586,0,simulation
35.1388276,126.9148005,0,simulation
35.1412493,126.9141584,0,simulation
35.1417677,126.9083849,0,synthetic
35.1383777,126.9145539,0,simulation
35.1375931,126.9129989,0,synthetic
35.1392514,126.9109976,0,simulation
35.1124414,126.9121763,1,simulation
35.1390473,126.9142835,0,simulation
35.1406097,126.9141064,0,simulation
35.1696947,126.9246137,1,simulation
35.1411898,126.9139606,0,simulation
35.1385639,126.9145202,0,simulation
35.1386353,126.9117583,0,simulation
35.1382025,126.911578,0,simulation
35.1387836,126.9141595,0,simulation
35.1378406,126.9160029,0,simulation
35.1404271,126.9147814,0,simulation
35.2344715,126.8219398,1,synthetic
35.13852,126.9137579,0,simulation
35.140586,126.914395,0,simulation
35.1393497,126.9112217,0,simulation
35.1381326,126.9161185,0,simulation
35.1399666,126.9178856,0,simulation
35.1386028,126.9122805,0,simulation
35.1419168,126.9219427,1,simulation
35.1415209,126.9139827,0,simulation
35.14023,126.9139396,0,synthetic
35.141705,126.9141965,0,simulation
35.1387691,126.9140778,0,synthetic
35.1379796,126.9119324,0,synthetic
35.1376684,126.9121182,0,simulation
35.1405137,126.9174898,0,synthetic
35.1390289,126.9140038,0,simulation
35.1380548,126.9158491,0,simulation
35.2276058,126.9910526,1,synthetic
35.1389181,126.9146157,0,simulation
35.1379731,126.9156455,0,simulation
35.140752,126.9180564,0,simulation
35.1380654,126.9154614,0,simulation
35.1416651,126.9134424,0,simulation
35.1407603,126.9143141,0,simulation
35.1387342,126.9157759,0,simulation
35.1379392,126.9156878,0,simulation
35.1400728,126.9141267,0,simulation
35.1381499,126.9153566,0,simulation
35.141347,126.9140802,0,simulation
35.1394566,126.9110252,0,simulation
35.1384716,126.9122534,0,simulation
35.1389384,126.9140972,0,simulation
35.1274186,126.9167977,1,simulation
35.1410003,126.9173814,0,simulation
35.141191,126.9140767,0,simulation
35.1405661,126.9173465,0,simulation
35.1376426,126.912192,0,simulation
35.1386291,126.9116916,0,simulation
35.1405891,126.9177992,0,simulation
35.1383447,126.9154846,0,simulation
35.1393866,126.9113687,0,synthetic
35.1388172,126.9110823,0,synthetic
35.1384821,126.9153433,0,simulation
35.1414998,126.9135508,0,simulation
35.1376404,126.9117887,0,simulation
35.1378202,126.9117475,0,simulation
35.1382713,126.9118826,0,simulation
35.1403169,126.9146188,0,simulation
35.1390942,126.9144532,0,simulation
35.1401281,126.9141736,0,simulation
35.141181,126.9139278,0,simulation
35.1394071,126.91132,0,simulation
35.1382466,126.9116523,0,simulation
35.1413008,126.9134112,0,simulation
35.1383423,126.9142595,0,simulation
35.1404988,126.9178634,0,simulation
35.1381595,126.9123321,0,simulation
35.1406092,126.9141822,0,simulation
35.1386216,126.9149578,0,simulation
35.1385149,126.9152909,0,simulation
35.1380954,126.9116034,0,simulation
35.1401364,126.9174818,0,simulation
35.1414782,126.913928,0,simulation
35.1382875,126.9156777,0,simulation
35.1379026,126.9158331,0,simulation
35.1382,126.9115517,0,simulation
35.1380139,126.9153757,0,simulation
35.1381051,126.9111952,0,simulation
35.1379088,126.9116471,0,simulation
35.1380581,126.9156668,0,simulation
35.1563263,126.9111928,1,simulation
35.1380537,126.9149949,0,simulation
35.1410644,126.914224,0,simulation
35.1413095,126.9140637,0,simulation
35.1387696,126.9121919,0,simulation
35.1447191,126.8969433,1,simulation
35.1384325,126.9120643,0,simulation
35.1388085,126.9119137,0,simulation
35.1381356,126.9117177,0,simulation
35.1401357,126.9139226,0,simulation
35.1405438,126.9179323,0,simulation
35.137823,126.911975,0,simulation
35.140054,126.9141496,0,simulation
35.1386424,126.9146504,0,simulation
35.1392369,126.9113865,0,simulation
35.1404968,126.9141482,0,simulation
35.1415218,126.9139081,0,simulation
35.1385162,126.9153944,0,simulation
35.1383967,126.9155502,0,simulation
35.1385722,126.9168322,0,synthetic
35.1372904,126.9121195,0,simulation
35.1392264,126.9109765,0,simulation
35.1407977,126.9176165,0,simulation
35.1410053,126.9137103,0,simulation
35.1389697,126.9144493,0,synthetic
35.1384105,126.9113528,0,simulation
35.1387476,126.9140933,0,simulation
35.137447,126.9116885,0,simulation
35.1378634,126.9060162,1,simulation
35.1385558,126.9154439,0,simulation
35.1417351,126.9137373,0,simulation
35.1404471,126.9177114,0,simulation
0.0,0.0,1,synthetic
35.1392902,126.9142374,0,simulation
35.1390189,126.9111839,0,simulation
35.1391966,126.9139806,0,simulation
35.1387553,126.9120192,0,simulation
35.1376797,126.9115395,0,simulation
35.1380979,126.9156538,0,simulation
35.1388032,126.9153613,0,simulation
35.137637,126.9160023,0,simulation
35.1397703,126.9108935,0,simulation
35.1403666,126.9136171,0,simulation
35.139126,126.910738,0,simulation
35.1383864,126.9159999,0,simulation
35.1402497,126.9175743,0,simulation
35.1405471,126.9146688,0,simulation
35.1402771,126.9178973,0,simulation
35.1385365,126.9159453,0,simulation
35.1379902,126.9118178,0,simulation
35.1385561,126.9140901,0,simulation
35.1386834,126.9145611,0,simulation
35.138303,126.9124969,0,simulation
35.1244238,126.9173344,1,simulation
35.1392142,126.9110018,0,simulation
35.1385685,126.9160166,0,simulation
35.1417082,126.9141466,0,simulation
35.1414288,126.9138756,0,simulation
35.1382162,126.9162114,0,simulation
35.1384823,126.9164035,0,simulation
35.1387854,126.9142003,0,simulation
35.138933,126.9110114,0,simulation
35.1389361,126.9146574,0,simulation
35.1392977,126.9113614,0,simulation
35.1376851,126.9119071,0,simulation
35.1383753,126.9120593,0,simulation
35.140686,126.9145045,0,simulation
35.1391374,126.9143612,0,simulation
35.1383061,126.9157775,0,simulation
35.1395104,126.9111067,0,simulation
35.140721,126.9171959,0,simulation
35.1403755,126.9139367,0,synthetic
35.1407044,126.9176501,0,simulation
35.13797,126.9157032,0,simulation
35.1387138,126.9146326,0,simulation
35.1390008,126.9145402,0,simulation
35.138277,126.916147,0,simulation
35.1385997,126.9159317,0,simulation
35.1414722,126.914239,0,simulation
35.1386842,126.9119225,0,simulation
35.1407437,126.9141267,0,simulation
35.1380103,126.9120718,0,simulation
35.1379101,126.9158635,0,simulation
35.1405138,126.9175221,0,simulation
35.1382724,126.9152468,0,simulation
35.1403538,126.9141476,0,simulation
35.1384058,126.911686,0,simulation
35.137715,126.9153695,0,simulation
35.1380363,126.9114313,0,simulation
35.1387068,126.9158446,0,simulation
35.1374276,126.9123151,0,simulation
35.1378099,126.9149436,0,simulation
35.1388204,126.9144892,0,simulation
35.1368589,126.9121612,0,simulation
35.1386257,126.9120463,0,simulation
35.1409092,126.9170902,0,simulation
35.1387703,126.9155592,0,simulation
35.138438,126.9120797,0,simulation
35.1377897,126.9119086,0,simulation
35.1386654,126.9114925,0,simulation
35.1379141,126.9158069,0,simulation
35.1386277,126.9159444,0,simulation
35.1402884,126.9177545,0,simulation
35.1415606,126.9137043,0,simulation
35.1379244,126.9118315,0,simulation
35.1390065,126.9108443,0,simulation
35.1380163,126.9163263,0,simulation
35.1378226,126.9156716,0,simulation
35.1380164,126.9158051,0,simulation
35.139017,126.9139782,0,simulation
35.1412886,126.9134402,0,simulation
35.1392179,126.9105385,0,simulation
35.1377877,126.9158317,0,simulation
35.1406683,126.9176008,0,simulation
35.140441,126.9145091,0,simulation
35.1388327,126.9138949,0,simulation
35.1381809,126.9160574,0,simulation
35.138551,126.916206,0,simulation
35.1370655,126.9126845,0,synthetic
35.1402224,126.9175368,0,simulation
35.1387102,126.9148191,0,simulation
35.1400248,126.9123075,0,synthetic
35.1412753,126.9143829,0,simulation
35.1399072,126.9109183,0,simulation
35.1398369,126.9177126,0,simulation
35.1419161,126.9136179,0,simulation
35.1381587,126.9155036,0,simulation
35.1378924,126.9159479,0,simulation
35.142491,126.9064076,0,synthetic
35.1381511,126.9159711,0,simulation
35.1395459,126.9110327,0,simulation
35.140672,126.9140707,0,simulation
35.1382139,126.9126695,0,simulation
35.1390804,126.911214,0,simulation
35.1389133,126.9111056,0,simulation
35.1379751,126.915697,0,simulation
35.1380374,126.9124861,0,simulation
35.1406442,126.9138858,0,simulation
35.1410355,126.9139851,0,simulation
35.1416072,126.9137793,0,simulation
35.1426594,126.9102262,0,synthetic
35.1404169,126.917539,0,simulation
35.1387651,126.9143321,0,simulation
35.1381176,126.9156788,0,simulation
35.137899,126.916079,0,simulation
35.1407229,126.9176333,0,simulation
35.1558677,126.9108095,1,simulation
35.1379419,126.9157056,0,simulation
35.1414908,126.9141009,0,simulation
35.1379062,126.911914,0,simulation
35.1385396,126.9150612,0,simulation
35.1412629,126.9136667,0,simulation
35.139612,126.9107065,0,simulation
35.138617,126.9151068,0,simulation
35.138188,126.9161574,0,simulation
35.1413769,126.9140899,0,synthetic
35.1401015,126.914532,0,simulation
35.1380534,126.9154931,0,simulation
35.1385865,126.9142986,0,simulation
35.1405986,126.9173542,0,simulation
35.1392943,126.911253,0,simulation
35.1372395,126.9122708,0,simulation
35.1378263,126.9119521,0,simulation
35.138855,126.9116331,0,simulation
35.1405501,126.9178053,0,simulation
35.1381007,126.9156489,0,simulation
35.1406293,126.9136679,0,simulation
35.1376968,126.9117074,0,simulation
35.1386738,126.9142864,0,simulation
35.1302635,126.8996654,1,simulation
35.1382267,126.916217,0,simulation
35.1388415,126.9145443,0,simulation
35.1409563,126.9137378,0,simulation
35.1399252,126.9108927,0,simulation
35.1384191,126.9118647,0,simulation
35.1380957,126.9150715,0,simulation
35.1382705,126.9142957,0,simulation
35.1409028,126.9171415,0,simulation
35.140463,126.9171334,0,simulation
35.1384334,126.9121864,0,simulation
35.107479,126.8946672,1,simulation
35.1377739,126.9121111,0,synthetic
35.1385987,126.9118382,0,simulation
35.1385305,126.9119354,0,simulation
35.1400382,126.9137982,0,simulation
35.1411647,126.9140004,0,simulation
35.1383534,126.9155549,0,simulation
35.1377633,126.9157478,0,simulation
35.1412847,126.9135665,0,simulation
35.1408048,126.917428,0,simulation
35.1379738,126.9166917,0,simulation
35.1421566,126.9159265,0,synthetic
35.1382371,126.9161304,0,simulation
35.1391571,126.9107846,0,simulation
35.1379693,126.9117544,0,simulation
35.1384985,126.9123283,0,simulation
35.1395845,126.9113978,0,simulation
35.1014323,126.9012974,1,simulation
35.1414152,126.9138841,0,simulation
35.13819,126.9124164,0,simulation
35.1379955,126.9152824,0,simulation
35.1378917,126.911601,0,simulation
35.1383986,126.9115655,0,simulation
35.1388788,126.9152105,0,simulation
35.1379381,126.9153357,0,simulation
35.141283,126.9139947,0,simulation
35.1406575,126.9174418,0,simulation
35.1384622,126.9116438,0,simulation
35.1401247,126.9141767,0,simulation
35.1376829,126.9119692,0,simulation
35.1405034,126.9175971,0,simulation
35.1382525,126.9157136,0,simulation
35.1382322,126.9155665,0,simulation
35.141712,126.9136653,0,simulation
35.1388703,126.9156688,0,simulation
35.138744,126.914067,0,simulation
35.1015235,126.8473728,1,synthetic
35.1395245,126.9114156,0,simulation
35.1381619,126.9143862,0,synthetic
35.1410663,126.9136577,0,simulation
35.1410699,126.9138248,0,simulation
35.1216878,126.9214235,1,simulation
35.1381313,126.9155348,0,simulation
35.1404308,126.9140995,0,simulation
35.1401574,126.9173365,0,simulation
35.1405388,126.9169408,0,simulation
35.1413629,126.9141625,0,simulation
35.1416862,126.9138005,0,simulation
35.1380741,126.9155895,0,simulation
35.1381734,126.9159935,0,simulation
35.1385146,126.9118118,0,simulation
35.1378793,126.9155614,0,simulation
35.1387214,126.9142589,0,simulation
35.1379191,126.9115082,0,simulation
35.1400801,126.9176329,0,simulation
35.1386361,126.9161437,0,simulation
35.1426798,126.9124841,0,synthetic
35.1384118,126.9139276,0,simulation
35.1384832,126.9158824,0,simulation
35.140144,126.916953,0,simulation
35.138095,126.9119445,0,simulation
35.1394003,126.910543,0,simulation
35.1383427,126.9153974,0,simulation
35.1380898,126.9119442,0,simulation
35.1387805,126.9142156,0,simulation
35.1388715,126.9144859,0,simulation
35.1381925,126.9163475,0,simulation
35.1382896,126.9155122,0,simulation
35.1413598,126.9142285,0,simulation
35.1382684,126.9119011,0,simulation
35.1374578,126.9119743,0,simulation
35.1377,126.9124213,0,simulation
35.1399831,126.9176586,0,simulation
35.138577,126.9146371,0,simulation
35.1381721,126.9116554,0,synthetic
35.1410433,126.9172656,0,simulation
35.1388716,126.914577,0,synthetic
35.1416337,126.9142888,0,simulation
35.1395072,126.9110569,0,simulation
35.1402557,126.9143986,0,simulation
35.1386744,126.9145775,0,synthetic
35.1380576,126.9164246,0,simulation
35.1385498,126.9146084,0,simulation
35.1386237,126.9113788,0,simulation
35.13817,126.9154792,0,simulation
35.0601888,127.0308257,1,synthetic
35.1386117,126.9150479,0,simulation
35.1382664,126.912073,0,simulation
35.1404876,126.9146062,0,synthetic
35.1384406,126.9155372,0,simulation
35.1382882,126.9114777,0,simulation
35.1395261,126.9111516,0,simulation
35.1378251,126.9160421,0,simulation
35.1404983,126.9143128,0,simulation
35.1383355,126.9116258,0,simulation
35.1389293,126.9108699,0,simulation
35.13891,126.9114992,0,simulation
35.1393591,126.9144744,0,simulation
35.1381716,126.916424,0,simulation
35.1404738,126.9139629,0,synthetic
35.1383237,126.9118095,0,simulation
35.1397916,126.9144072,0,simulation
35.1388559,126.911504,0,simulation
35.1412848,126.9132951,0,simulation
35.1412541,126.9138833,0,simulation
35.1413774,126.9138594,0,simulation
35.1402903,126.9177617,0,simulation
35.1385607,126.9118873,0,simulation
35.1383346,126.9117129,0,simulation
35.1401794,126.9143884,0,simulation
35.1378521,126.9120561,0,simulation
35.1417404,126.9137313,0,simulation
35.1381869,126.9114706,0,simulation
35.1374577,126.9116971,0,simulation
35.139004,126.9162111,0,simulation
35.140767,126.914467,0,simulation
35.1405551,126.9177371,0,simulation
35.1409394,126.9140174,0,simulation
35.1382948,126.9156877,0,synthetic
35.1404278,126.9142539,0,simulation
35.1390538,126.9147822,0,simulation
35.1388758,126.9155885,0,simulation
35.1383737,126.9155225,0,simulation
35.1413447,126.9136858,0,simulation
35.1402756,126.9173839,0,simulation
35.1480309,126.8992946,1,simulation
35.1383434,126.9112111,0,simulation
35.1385385,126.9162085,0,simulation
35.1385123,126.9118375,0,simulation
35.1403615,126.9178933,0,simulation
35.1379739,126.9160861,0,simulation
35.1404717,126.9173259,0,simulation
35.1379239,126.9122257,0,simulation
35.1404359,126.9173119,0,simulation
35.1384071,126.915961,0,simulation
35.1350652,126.9040369,1,simulation
35.1381388,126.9158698,0,simulation
35.1300621,126.9251281,1,simulation
35.1496087,126.9226014,1,simulation
35.1389405,126.9139583,0,simulation
35.1387752,126.9146184,0,simulation
35.1388128,126.9146192,0,simulation
35.1375987,126.9155254,0,simulation
35.1377326,126.9122124,0,simulation
35.1384905,126.9157798,0,simulation
35.1395483,126.9104189,0,simulation
35.1384675,126.9159926,0,simulation
35.1383131,126.916437,0,simulation
35.1384982,126.9145076,0,simulation
35.1550828,126.9355324,1,simulation
35.1382705,126.9152065,0,simulation
35.1381335,126.9161571,0,simulation
35.1378019,126.9116545,0,simulation
35.1415817,126.9142249,0,simulation
35.1403304,126.9136319,0,simulation
35.1378899,126.9142397,0,simulation
35.1383428,126.9159043,0,simulation
35.1394575,126.9107709,0,simulation
35.1417293,126.9139055,0,simulation
35.1405487,126.9137069,0,simulation
35.1389979,126.9153619,0,simulation
35.1383829,126.9143206,0,simulation
35.1870709,126.9057909,1,simulation
35.137914,126.9119184,0,simulation
35.1375579,126.9120417,0,synthetic
35.140136,126.9134294,0,simulation
35.1389868,126.9142192,0,simulation
35.1386181,126.9157518,0,simulation
35.141369,126.9139797,0,simulation
35.138611,126.9144484,0,simulation
35.1383852,126.9149375,0,simulation
35.1372411,126.9111016,0,simulation
35.1383874,126.9117217,0,simulation
35.1582668,126.916142,1,simulation
35.1410101,126.9142623,0,simulation
35.1385038,126.9118994,0,simulation
35.1388414,126.9139639,0,simulation
35.1640023,126.9157939,1,simulation
35.1410426,126.9141195,0,simulation
35.1421202,126.9125722,0,synthetic
35.1377403,126.911827,0,simulation
35.1402883,126.914502,0,synthetic
35.1394709,126.9110556,0,simulation
35.1431531,126.8946453,1,simulation
35.1384379,126.9158704,0,simulation
35.1402788,126.9144871,0,simulation
35.1386291,126.9162025,0,simulation
35.1404955,126.9140003,0,simulation
35.139096,126.9142667,0,simulation
35.1381996,126.9156194,0,simulation
35.1411807,126.8900534,1,simulation
35.1384949,126.915861,0,simulation
35.1419423,126.9141922,0,simulation
35.1385323,126.9127587,0,simulation
35.1382351,126.9111354,0,simulation
35.1388329,126.9121258,0,simulation
35.1415771,126.9146326,0,simulation
35.1381692,126.9122278,0,simulation
35.1380797,126.9166504,0,simulation
35.1376856,126.9156731,0,simulation
35.1414239,126.9136872,0,simulation
35.1390336,126.9117083,0,simulation
35.1375428,126.9117284,0,simulation
35.1408059,126.9147765,0,simulation
35.139241,126.9112686,0,simulation
35.1401591,126.9142348,0,simulation
35.1382522,126.9115138,0,simulation
35.1403658,126.9177534,0,simulation
35.1398512,126.9139612,0,simulation
35.1383777,126.9119404,0,simulation
35.1388236,126.9158387,0,simulation
35.1409234,126.9136556,0,simulation
35.1382161,126.9155473,0,simulation
35.1384449,126.9120803,0,simulation
35.1537757,126.9188263,1,simulation
35.140341,126.9140956,0,simulation
35.1404502,126.9139738,0,simulation
35.1384513,126.9147813,0,simulation
35.141673,126.9142025,0,simulation
35.1377173,126.9117233,0,simulation
35.1407994,126.9138899,0,simulation
35.1404352,126.9125126,0,synthetic
35.1411033,126.9176635,0,simulation
35.1382686,126.9118535,0,simulation
35.1418028,126.9138011,0,simulation
35.122225,126.882091,1,simulation
35.141181,126.9136498,0,simulation
35.1406764,126.9176623,0,simulation
35.1406166,126.9174242,0,simulation
35.1409129,126.9179453,0,simulation
35.140714,126.9176895,0,simulation
35.1383897,126.9162306,0,simulation
35.139795,126.9117609,0,simulation
35.1416498,126.9141418,0,simulation
35.1381535,126.9157005,0,simulation
35.1387484,126.9158031,0,simulation
35.1405104,126.9138336,0,simulation
35.1376882,126.915724,0,simulation
35.1402824,126.9143673,0,simulation
35.1409889,126.9145177,0,simulation
35.1377189,126.9122213,0,simulation
35.1379246,126.9120558,0,simulation
35.1388833,126.9123,0,simulation
35.1387286,126.9119992,0,simulation
35.1419858,126.9143326,0,simulation
35.1401066,126.9141195,0,simulation
35.1408698,126.9141516,0,synthetic
35.1391325,126.9147932,0,simulation
35.1380717,126.9116315,0,simulation
35.1391794,126.910796,0,simulation
35.1388488,126.9149345,0,simulation
35.1388951,126.9155295,0,simulation
35.1414328,126.9139628,0,simulation
35.1377882,126.9088433,1,simulation
35.1383138,126.9156228,0,simulation
35.139955,126.9107084,0,simulation
35.1393596,126.911589,0,simulation
35.1389579,126.9140724,0,simulation
35.1398964,126.9176363,0,simulation
35.1399325,126.9136178,0,simulation
35.1386326,126.9143032,0,simulation
35.139048,126.9108413,0,simulation
35.136936,126.9123303,0,synthetic
35.1406544,126.9178893,0,simulation
35.138502,126.9156861,0,simulation
35.138286,126.9156008,0,simulation
35.1402754,126.9141092,0,simulation
35.140546,126.9175808,0,simulation
35.1523902,126.930955,1,simulation
35.0680816,126.9480687,1,synthetic
35.1393226,126.911294,0,simulation
35.140677,126.9175189,0,simulation
35.1405533,126.917596,0,synthetic
35.1946641,126.9299384,1,synthetic
35.1386648,126.9118239,0,simulation
35.1516378,126.9017686,1,simulation
35.1377297,126.9115725,0,simulation
35.1381642,126.9119694,0,simulation
35.1390396,126.9144555,0,simulation
35.2195333,126.8593839,1,synthetic
35.1399768,126.9149586,0,simulation
35.1382713,126.9157952,0,simulation
35.1413718,126.9139132,0,simulation
35.1383314,126.9156239,0,simulation
35.1388347,126.9157805,0,simulation
35.1407471,126.9145522,0,simulation
35.1378357,126.9118806,0,simulation
35.138409,126.9153407,0,simulation
35.1380005,126.9121435,0,simulation
35.141589,126.9138731,0,simulation
35.1370906,126.9177315,0,synthetic
35.1414698,126.9137561,0,simulation
35.1505359,126.8379504,1,synthetic
35.1406519,126.9176879,0,simulation
35.1403196,126.9145717,0,simulation
35.1380158,126.9113737,0,simulation
35.1416408,126.9142741,0,simulation
35.1525537,126.9038305,1,simulation
35.1392297,126.9112898,0,simulation
35.1375282,126.9121589,0,simulation
35.1386226,126.9144863,0,simulation
35.1407805,126.9143477,0,simulation
35.1381094,126.9120618,0,simulation
35.1391184,126.9131794,0,synthetic
35.1405598,126.9177361,0,simulation
35.1412566,126.9141872,0,simulation
35.1412031,126.9139677,0,simulation
35.1383079,126.9163984,0,simulation
35.1380334,126.9156771,0,simulation
35.1400651,126.9175676,0,simulation
35.1379054,126.9119086,0,simulation
35.1404438,126.9148051,0,simulation
35.1410065,126.9136181,0,simulation
35.1398803,126.9107216,0,simulation
35.1394592,126.9116796,0,simulation
35.14398,126.9362965,1,simulation
35.1407399,126.9132803,0,simulation
35.1389213,126.9147431,0,simulation
35.1382106,126.9089595,0,synthetic
35.1411936,126.9137372,0,simulation
35.1381805,126.9148357,0,simulation
35.1404524,126.9137637,0,simulation
35.1374566,126.9112703,0,simulation
35.1381153,126.9158142,0,simulation
35.1374059,126.9121676,0,simulation
35.1382703,126.9126528,0,simulation
35.1377581,126.9154198,0,simulation
35.1376661,126.9152483,0,simulation
35.1383973,126.9155968,0,simulation
35.1406825,126.9138739,0,simulation
35.1380481,126.9154661,0,simulation
35.1517907,126.9245805,1,simulation
35.1376936,126.9118519,0,simulation
35.1380432,126.9115967,0,simulation
35.1384648,126.9116567,0,simulation
35.1405232,126.9172268,0,simulation
35.1381682,126.9155641,0,synthetic
35.1381714,126.9114485,0,simulation
35.1396663,126.9115981,0,simulation
35.1395872,126.9115914,0,simulation
35.1380099,126.915977,0,simulation
35.1378463,126.911806,0,simulation
35.1386191,126.915635,0,simulation
35.1383602,126.9161796,0,simulation
35.1384496,126.914662,0,simulation
35.1408065,126.9146726,0,simulation
35.1408704,126.9139307,0,simulation
35.1383555,126.9124933,0,simulation
35.137781,126.9117411,0,simulation
35.1406451,126.9178729,0,simulation
35.1384193,126.9120846,0,simulation
35.1390038,126.9144622,0,simulation
35.1582315,126.9182271,1,simulation
35.1145027,126.8861204,1,simulation
35.1381958,126.9157058,0,simulation
35.1384574,126.9123766,0,simulation
35.1403487,126.9143902,0,simulation
35.1381915,126.9153348,0,simulation
35.137875,126.9116159,0,simulation
35.1381795,126.9117833,0,simulation
35.1382871,126.9115304,0,synthetic
35.1390804,126.9115754,0,simulation
35.1376363,126.9112849,0,simulation
35.1387032,126.9156169,0,simulation
35.1382388,126.9155518,0,simulation
35.1381133,126.9157277,0,simulation
35.1392258,126.9117215,0,simulation
35.1402233,126.9175264,0,simulation
35.1101263,126.9308259,1,simulation
35.1420269,126.9138016,0,simulation
35.1384321,126.9159924,0,synthetic
35.1507981,126.8960706,1,simulation
35.1380785,126.9115808,0,simulation
35.1398173,126.91806,0,simulation
35.1386446,126.9138542,0,simulation
35.1384358,126.9158308,0,simulation
35.1375821,126.9117426,0,simulation
35.1637926,126.8901096,1,simulation
35.1403509,126.9173444,0,simulation
35.1392316,126.9113483,0,simulation
35.1413797,126.9144154,0,simulation
35.1405282,126.9176057,0,simulation
35.1378089,126.9146268,0,simulation
35.1390119,126.9114632,0,simulation
35.137863,126.9117721,0,simulation
35.1395204,126.9108925,0,simulation
35.1306629,126.8839136,1,simulation
35.138262,126.9138973,0,simulation
35.1406647,126.9173043,0,simulation
35.1396215,126.9108649,0,simulation
35.1411111,126.9137751,0,simulation
35.1387068,126.9161498,0,simulation
35.1382072,126.915161,0,simulation
35.1416904,126.9138858,0,simulation
35.1386649,126.9155789,0,simulation
35.1400001,126.9141558,0,simulation
35.1404369,126.9148945,0,simulation
35.1389645,126.9116759,0,simulation
35.1382713,126.9155897,0,simulation
35.1387977,126.9113036,0,synthetic
35.1398484,126.9172569,0,simulation
35.1397986,126.9106021,0,simulation
35.1394832,126.9113708,0,simulation
35.1384319,126.9142283,0,simulation
35.1386409,126.914372,0,simulation
35.1379056,126.9155072,0,simulation
35.1409106,126.9179255,0,simulation
35.1381761,126.9120417,0,simulation
35.1380165,126.9116644,0,simulation
35.154605,126.8919144,1,simulation
35.1416949,126.9135148,0,synthetic
35.1405218,126.9175134,0,synthetic
35.1398361,126.911202,0,simulation
35.1388452,126.9142671,0,simulation
35.1405463,126.9176663,0,simulation
35.1389,126.9144926,0,simulation
35.1382046,126.9157004,0,simulation
35.138079,126.9121597,0,simulation
35.1388741,126.9119499,0,simulation
35.1381678,126.9116922,0,simulation
35.138676,126.9121854,0,simulation
35.1380114,126.9119209,0,simulation
35.1405485,126.9180645,0,simulation
0.0,0.0,1,synthetic
35.1404754,126.9145551,0,simulation
35.1397519,126.9142717,0,simulation
35.141197,126.9140629,0,synthetic
35.138285,126.9118351,0,synthetic
35.137891,126.9118502,0,simulation
35.1408707,126.9139018,0,simulation
35.1405953,126.913995,0,simulation
35.1398242,126.9107951,0,simulation
35.1415886,126.9137136,0,simulation
35.1395848,126.9111407,0,simulation
35.1415551,126.9141028,0,simulation
35.1392505,126.9114579,0,simulation
35.138632,126.9144094,0,simulation
35.1413768,126.9142092,0,simulation
35.1392653,126.9109487,0,simulation
35.1378478,126.9155682,0,simulation
35.1415554,126.9143832,0,simulation
35.1389354,126.911745,0,simulation
35.1402251,126.913768,0,simulation
35.1385926,126.9143043,0,simulation
35.1399128,126.9148164,0,simulation
35.1392688,126.9113275,0,simulation
35.1408643,126.9141192,0,simulation
35.1413612,126.9142706,0,simulation
35.1399273,126.9144488,0,simulation
35.1383726,126.9160917,0,simulation
35.1400861,126.9138163,0,simulation
35.138833,126.914846,0,simulation
35.1359751,126.8924364,1,simulation
35.1375852,126.9117528,0,simulation
35.1395314,126.9109319,0,simulation
35.140757,126.914527,0,synthetic
35.1407308,126.9132728,0,simulation
35.1379889,126.9160539,0,simulation
35.1421651,126.9138333,0,simulation
35.140666,126.9143277,0,simulation
35.1361161,126.9154052,1,simulation
35.1379342,126.9159575,0,simulation
35.1383394,126.9163784,0,simulation
35.1392738,126.9109471,0,simulation
35.1381231,126.9157049,0,simulation
35.1379027,126.9116621,0,simulation
35.1404804,126.9142209,0,simulation
35.1408267,126.914514,0,simulation
35.1956964,126.8107938,1,synthetic
35.1393843,126.9110305,0,simulation
35.1383609,126.9156671,0,simulation
35.2490019,126.8196858,1,synthetic
35.1411844,126.9148189,0,simulation
35.1401021,126.9143662,0,simulation
35.1386369,126.9142753,0,simulation
35.1376469,126.9111026,0,simulation
35.1392452,126.9147655,0,simulation
35.1381306,126.9157111,0,simulation
35.1389275,126.914567,0,simulation
35.1380741,126.911668,0,simulation
35.1401054,126.9141775,0,simulation
35.1378476,126.9123698,0,simulation
35.1385545,126.9121134,0,simulation
35.140279,126.9170702,0,simulation
35.1404282,126.9181317,0,simulation
35.1404625,126.9139583,0,simulation
35.1381472,126.9157697,0,simulation
35.1394309,126.9111403,0,simulation
35.1403758,126.9173155,0,simulation
35.1385552,126.9159994,0,simulation
35.1413606,126.9139897,0,simulation
35.1408704,126.9179159,0,simulation
35.1387506,126.9145072,0,synthetic
35.1415766,126.9137686,0,simulation
35.1379959,126.915829,0,simulation
35.1399255,126.9139339,0,simulation
35.1374936,126.9118551,0,simulation
35.1382769,126.9118245,0,simulation
35.1382401,126.9114248,0,simulation
35.1399607,126.9178106,0,simulation
35.1406236,126.9178247,0,simulation
35.1406513,126.9176113,0,simulation
35.1390736,126.9110699,0,simulation
35.1385366,126.9161447,0,simulation
35.1392357,126.911293,0,simulation
35.1386098,126.9147085,0,simulation
35.1406786,126.9182567,0,simulation
35.1386881,126.9160271,0,simulation
35.137744,126.9152205,0,simulation
35.1414671,126.9143239,0,simulation
35.1408509,126.914396,0,simulation
35.1409366,126.9114977,0,synthetic
35.1388451,126.9144527,0,simulation
35.1396533,126.9150412,0,simulation
35.1412458,126.9142632,0,simulation
35.1384039,126.91163,0,simulation
35.1384361,126.9157227,0,simulation
35.1390559,126.9146182,0,simulation
35.1391774,126.9109582,0,simulation
35.1382051,126.9155449,0,simulation
35.1404877,126.9142111,0,simulation
35.1418778,126.9141814,0,simulation
35.1383224,126.9161362,0,simulation
35.1385603,126.9117965,0,simulation
35.1384648,126.9163361,0,synthetic
35.1405054,126.913841,0,simulation
35.1894547,127.0392429,1,synthetic
35.1401603,126.9178981,0,simulation
35.1389934,126.914327,0,simulation
35.2300556,126.9814252,1,synthetic
35.1379683,126.9158479,0,simulation
35.1391702,126.9149431,0,simulation
35.138207,126.916233,0,simulation
35.1411602,126.913952,0,simulation
35.1375957,126.9156739,0,simulation
35.1406329,126.9142611,0,simulation
35.1402634,126.9050645,1,simulation
35.1377563,126.9158952,0,simulation
35.1413557,126.9137176,0,simulation
35.138611,126.9112265,0,simulation
35.1407202,126.9176428,0,simulation
35.1390538,126.9110849,0,simulation
35.1394975,126.9107767,0,simulation
35.1402659,126.9142525,0,simulation
35.1390346,126.9145323,0,simulation
35.1575636,126.9315547,1,simulation
35.1415509,126.9144951,0,simulation
35.1382723,126.9154254,0,simulation
35.1410156,126.91726,0,simulation
35.1296085,126.8825728,1,simulation
35.1388466,126.9111593,0,simulation
35.116387,126.9134389,1,simulation
35.1409799,126.9177241,0,simulation
35.1386784,126.9154369,0,simulation
35.1384269,126.9145018,0,synthetic
35.1403499,126.9178,0,simulation
35.1377374,126.9119611,0,simulation
35.139789,126.9108432,0,simulation
35.1383882,126.9141702,0,simulation
35.1380181,126.9116593,0,simulation
35.1377203,126.9127798,0,synthetic
35.1407062,126.9145343,0,simulation
35.1383586,126.9116568,0,simulation
35.1405364,126.9146105,0,synthetic
35.1381876,126.9166465,0,simulation
35.1386361,126.9140963,0,simulation
35.1389109,126.9121355,0,simulation
35.1377801,126.9159925,0,simulation
35.1413053,126.9141614,0,simulation
35.1388251,126.9159211,0,simulation
35.1389656,126.914522,0,simulation
35.1381554,126.9154601,0,simulation
35.141065,126.9138534,0,simulation
35.1405093,126.9173319,0,simulation
35.1377055,126.9113576,0,simulation
35.1388054,126.9144077,0,simulation
35.1381095,126.9155041,0,simulation
35.1385097,126.9117484,0,simulation
35.1379516,126.9119681,0,simulation
35.1384855,126.914862,0,simulation
35.1407429,126.9143155,0,simulation
35.1380051,126.9151895,0,simulation
35.1413209,126.9136739,0,synthetic
35.1386481,126.9130938,0,synthetic
35.1385191,126.9119717,0,simulation
35.1376783,126.9118816,0,simulation
35.1376914,126.9120632,0,simulation
35.1413741,126.9140643,0,simulation
35.1382106,126.9116977,0,simulation
35.1391235,126.9126161,0,synthetic
35.1409798,126.9136789,0,simulation
35.1380349,126.9160261,0,simulation
35.1393376,126.9108919,0,simulation
35.1382909,126.9142063,0,simulation
35.1406783,126.914349,0,simulation
35.1401801,126.9174479,0,simulation
35.1384202,126.9125236,0,simulation
35.138192,126.9123182,0,simulation
35.1409318,126.9176877,0,simulation
35.1386154,126.9120388,0,simulation
35.1393001,126.9112725,0,simulation
35.1390737,126.9141025,0,simulation
35.1385347,126.9158087,0,simulation
35.1381512,126.9116584,0,simulation
35.137884,126.9157568,0,simulation
35.1388452,126.9145879,0,simulation
35.1407325,126.9175308,0,simulation
35.1411635,126.9136018,0,simulation
35.1414005,126.9144183,0,simulation
35.138512,126.9118881,0,simulation
35.1413893,126.9141585,0,simulation
35.1405048,126.9136507,0,simulation
35.1375738,126.9117454,0,simulation
35.1408036,126.9174782,0,simulation
35.1415609,126.9136757,0,simulation
35.1402347,126.9175998,0,simulation
35.1380585,126.9121455,0,simulation
35.1380933,126.9117393,0,simulation
35.1404723,126.9173318,0,simulation
35.1391993,126.9113474,0,simulation
35.1407175,126.9138953,0,simulation
35.138585,126.9144682,0,simulation
35.1404887,126.9176382,0,synthetic
35.1405498,126.9139883,0,simulation
35.1375032,126.9119733,0,simulation
35.1386529,126.9145403,0,synthetic
35.1391129,126.9114987,0,simulation
35.138463,126.9118093,0,simulation
35.1387255,126.9158821,0,simulation
35.1386029,126.914586,0,simulation
35.138169,126.9120092,0,simulation
35.1377752,126.9116497,0,simulation
35.1380073,126.9156781,0,simulation
35.1383138,126.915486,0,simulation
35.1402872,126.9176198,0,simulation
35.1386584,126.9149435,0,simulation
35.1382459,126.9155678,0,simulation
35.1384361,126.9162928,0,simulation
35.1396994,126.9112325,0,simulation
35.1403757,126.9148674,0,simulation
35.1277946,126.9342083,1,simulation
35.1380974,126.9159994,0,simulation
35.1406544,126.9139652,0,simulation
35.1513849,126.9127216,1,simulation
35.1381947,126.9160186,0,simulation
35.1384082,126.9117787,0,simulation
35.105871,126.8482354,1,synthetic
35.1379382,126.9123181,0,simulation
35.1400953,126.9141275,0,simulation
35.1382268,126.9119683,0,simulation
35.1393761,126.9112294,0,simulation
35.1387797,126.9155831,0,simulation
35.1400722,126.9140428,0,simulation
35.1403271,126.9139372,0,simulation
35.1649004,126.9203643,1,simulation
35.1379419,126.9114397,0,simulation
35.1379802,126.9115243,0,simulation
35.138814,126.9144517,0,simulation
35.1391126,126.9109161,0,simulation
35.1386488,126.9144163,0,simulation
35.1377457,126.9117049,0,simulation
35.1398998,126.9142585,0,simulation
35.1384685,126.9162691,0,simulation
35.1412324,126.9133826,0,simulation
35.1549018,126.9247521,1,simulation
35.1378352,126.9161022,0,simulation
35.1380423,126.9120982,0,simulation
35.1379607,126.9153985,0,simulation
35.1409555,126.9172395,0,simulation
35.1407424,126.9145662,0,simulation
35.1408336,126.913846,0,simulation
35.140371,126.9148898,0,simulation
35.1394377,126.9111239,0,simulation
35.1380826,126.9115744,0,simulation
35.1377399,126.9116935,0,simulation
35.1382441,126.9115149,0,simulation
35.1391779,126.9146667,0,simulation
35.1386918,126.9117827,0,simulation
35.1379493,126.9154645,0,simulation
35.1374537,126.9115351,0,simulation
35.1383176,126.9159118,0,simulation
35.1380808,126.9156877,0,simulation
35.1381777,126.9157841,0,simulation
35.1405744,126.9140713,0,simulation
35.1389173,126.9145302,0,simulation
35.1382447,126.915451,0,simulation
35.1378038,126.9156188,0,simulation
35.1388783,126.911618,0,simulation
35.1388259,126.914305,0,simulation
35.1378307,126.9114298,0,synthetic
35.1397038,126.9141126,0,simulation
35.1396673,126.9107051,0,simulation
35.1380431,126.9155883,0,simulation
35.1384372,126.9143746,0,simulation
35.1363745,126.9137591,0,synthetic
35.1391605,126.9163666,0,simulation
35.1395893,126.911278,0,simulation
35.1386675,126.9120384,0,simulation
35.1406162,126.9180201,0,simulation
35.138613,126.9154396,0,simulation
35.1404031,126.9173917,0,simulation
35.1812459,126.8085449,1,synthetic
35.1385216,126.9154359,0,simulation
35.1382481,126.9159603,0,simulation
35.1560716,126.929658,1,simulation
35.1405577,126.9143028,0,simulation
35.138106,126.9117475,0,simulation
35.1399238,126.9110732,0,simulation
35.140647,126.9174658,0,simulation
35.1389036,126.9144784,0,simulation
35.1401487,126.9142244,0,simulation
35.1374993,126.9121933,0,simulation
35.1387037,126.9115105,0,simulation
35.1389512,126.9144704,0,simulation
35.1408722,126.9143018,0,simulation
35.1383231,126.9157047,0,simulation
35.1388363,126.9105262,0,synthetic
35.1385838,126.915948,0,simulation
35.1405159,126.9143412,0,simulation
35.1403827,126.91465,0,simulation
35.1393183,126.9144751,0,simulation
35.137549,126.9116294,0,synthetic
35.1403148,126.9117402,0,synthetic
35.1381681,126.9121815,0,simulation
35.1292089,126.9395246,1,simulation
35.1409884,126.9179532,0,simulation
35.1399274,126.9170913,0,simulation
35.1331203,126.9149307,1,simulation
35.1368312,126.9118313,0,synthetic
35.1381689,126.9121115,0,simulation
35.1384463,126.914548,0,simulation
35.1474231,126.8268218,1,synthetic
35.140995,126.9176007,0,simulation
35.1417699,126.9138266,0,simulation
35.1385694,126.9118063,0,simulation
35.1406763,126.9151129,0,simulation
35.1380279,126.9121718,0,simulation
35.1403232,126.9176373,0,simulation
35.1385598,126.9160852,0,simulation
35.1228376,126.9062405,1,simulation
35.1415786,126.9140336,0,simulation
35.1405896,126.9177263,0,simulation
35.1398357,126.9142383,0,simulation
35.1385793,126.9115809,0,simulation
35.1380209,126.9159681,0,simulation
35.140374,126.917884,0,simulation
35.1381347,126.9155352,0,simulation
35.1400995,126.9175214,0,simulation
35.1404982,126.9178045,0,simulation
35.1384346,126.9118737,0,simulation
35.1404422,126.9174127,0,simulation
35.1383605,126.9151105,0,simulation
35.1396814,126.9111812,0,simulation
35.1408239,126.9153024,0,synthetic
35.1404025,126.9141075,0,simulation
35.1416575,126.9133168,0,synthetic
35.1395105,126.9107229,0,simulation
35.1403086,126.9177516,0,simulation
35.1380453,126.9160009,0,simulation
35.1380716,126.9118369,0,simulation
35.1402611,126.9145135,0,simulation
35.138195,126.9117314,0,simulation
35.1402605,126.9143813,0,simulation
35.1389051,126.9143604,0,simulation
35.1377475,126.9121753,0,simulation
35.1386344,126.9115645,0,simulation
35.1380076,126.9159015,0,simulation
35.1379364,126.9119029,0,simulation
35.13797,126.9159743,0,simulation
35.1455298,127.0215837,1,synthetic
35.1382083,126.9111075,0,simulation
35.1381199,126.9154564,0,simulation
35.1382214,126.9118405,0,simulation
35.1390333,126.9137016,0,simulation
35.1405815,126.9174216,0,simulation
35.1400508,126.9144582,0,simulation
35.1385102,126.9159388,0,simulation
35.1378563,126.9151427,0,simulation
35.1271843,126.8492399,1,synthetic
35.1387369,126.9140536,0,simulation
35.1383556,126.9160201,0,simulation
35.1387705,126.9148695,0,simulation
35.1413848,126.913782,0,simulation
35.1382535,126.9143262,0,simulation
35.1408842,126.9139512,0,simulation
35.1384972,126.9113156,0,simulation
35.1388887,126.9146941,0,simulation
35.140535,126.9173031,0,simulation
35.1407883,126.9178888,0,simulation
35.1404889,126.9175302,0,simulation
35.1375228,126.9115817,0,simulation
35.138791,126.9143505,0,synthetic
35.1421315,126.9127859,0,synthetic
35.1070716,126.9083953,1,simulation
35.1402511,126.9146601,0,simulation
35.1411205,126.9138798,0,simulation
35.1376458,126.9119368,0,simulation
35.1379071,126.9120604,0,simulation
35.1400772,126.914091,0,simulation
35.1412309,126.9139755,0,simulation
35.1414416,126.9141477,0,simulation
35.1414104,126.9142219,0,synthetic
35.0973404,126.9319091,1,synthetic
35.1830428,126.9713037,1,synthetic
35.1411312,126.9177577,0,simulation
35.1385623,126.9151471,0,simulation
35.1382728,126.9121852,0,simulation
35.1404203,126.9175138,0,simulation
35.1403511,126.9139267,0,simulation
35.141336,126.9142986,0,simulation
35.1383185,126.9160966,0,simulation
35.137137,126.8862841,1,simulation
35.1387696,126.9153336,0,simulation
35.1380884,126.9119959,0,simulation
35.153536,126.9296788,1,simulation
35.1390629,126.9113255,0,simulation
35.138033,126.9120669,0,simulation
35.138104,126.9121608,0,simulation
35.1521221,126.9258095,1,simulation
35.134002,126.8802805,1,simulation
35.1410222,126.9145213,0,simulation
35.1376009,126.9153431,0,synthetic
35.1533918,126.9162269,1,simulation
35.1401488,126.9146805,0,simulation
35.1404534,126.9180428,0,simulation
35.1398756,126.911162,0,simulation
35.1403145,126.9146994,0,simulation
35.1394381,126.9139297,0,synthetic
35.1379515,126.9151511,0,simulation
35.1384107,126.914317,0,simulation
35.1383258,126.9121888,0,simulation
35.1386398,126.9141424,0,simulation
35.1397612,126.9176725,0,simulation
35.1384092,126.9119283,0,simulation
35.1383809,126.9145651,0,simulation
35.1393759,126.9110413,0,simulation
35.1391018,126.9111519,0,simulation
35.1405118,126.917907,0,simulation
35.141899,126.9123694,0,synthetic
35.1400078,126.9145874,0,simulation
35.1379665,126.9119311,0,simulation
35.141556,126.9141209,0,simulation
35.1382316,126.9156669,0,simulation
35.1405406,126.9141199,0,simulation
35.1403652,126.9177006,0,simulation
35.1403089,126.9178077,0,simulation
35.1393265,126.913984,0,simulation
35.1401809,126.9141402,0,simulation
35.1387695,126.9108959,0,simulation
35.1407461,126.917713,0,simulation
35.1406883,126.9142329,0,simulation
35.1388016,126.9142651,0,simulation
35.1392503,126.9147658,0,simulation
35.137718,126.9158563,0,simulation
35.1384475,126.9164745,0,simulation
35.138065,126.9117314,0,synthetic
35.1381934,126.9160607,0,simulation
35.1383284,126.9116054,0,simulation
35.1384046,126.9121293,0,simulation
35.1383326,126.9158883,0,simulation
35.1411544,126.914234,0,simulation
35.137907,126.9155717,0,simulation
35.1381333,126.9155915,0,simulation
35.1377822,126.915164,0,simulation
35.1387538,126.9145391,0,simulation
35.1401053,126.9145557,0,simulation
35.1383277,126.9121193,0,simulation
35.1378931,126.9157019,0,simulation
35.1383349,126.9160969,0,simulation
35.1385071,126.9153098,0,simulation
35.1395546,126.9107921,0,simulation
35.1382695,126.9114746,0,simulation
35.1409632,126.9139322,0,simulation
35.1379188,126.911943,0,synthetic
35.1377236,126.9117355,0,simulation
35.1402732,126.9175775,0,simulation
35.1377201,126.9118018,0,simulation
35.1389058,126.9142141,0,simulation
35.1384789,126.9148512,0,simulation
35.1394756,126.9145922,0,simulation
35.1382106,126.9120142,0,simulation
35.1392903,126.911259,0,simulation
35.1397161,126.9080741,0,synthetic
35.1408117,126.91403,0,simulation
35.1382865,126.915251,0,simulation
35.1406779,126.9171211,0,simulation
35.1378238,126.9154585,0,simulation
35.1383199,126.9119568,0,synthetic
35.1402031,126.91388,0,simulation
35.1385875,126.915848,0,simulation
35.1410758,126.9416968,1,simulation
35.1406402,126.9175147,0,simulation
35.1384864,126.9121809,0,simulation
35.1402715,126.9144618,0,simulation
35.1403937,126.9177787,0,simulation
35.1383662,126.9154006,0,simulation
35.141876,126.9138091,0,simulation
35.1408139,126.9143409,0,simulation
35.1413583,126.913833,0,simulation
35.1381693,126.9113135,0,simulation
35.1403543,126.9172552,0,simulation
35.1377468,126.9117914,0,simulation
35.1390192,126.9108215,0,simulation
35.1404762,126.914566,0,simulation
35.1393474,126.9115033,0,simulation
35.1390943,126.9108945,0,simulation
35.1375732,126.9118325,0,simulation
35.1407178,126.9172995,0,simulation
35.1380652,126.9118886,0,simulation
35.1416519,126.9138185,0,simulation
35.1411457,126.9138456,0,synthetic
35.138702,126.9156308,0,simulation
35.1381899,126.9168417,0,simulation
35.1387944,126.9141896,0,simulation
35.1383609,126.9121932,0,synthetic
35.141445,126.9141073,0,simulation
35.1385274,126.9143916,0,synthetic
35.1407124,126.9147579,0,simulation
35.1396449,126.9103931,0,simulation
35.1502658,126.9060512,1,simulation
35.1395225,126.9146984,0,simulation
35.1410635,126.9134558,0,synthetic
35.1402093,126.9178437,0,simulation
35.1403013,126.9174121,0,simulation
35.1385369,126.9157613,0,simulation
35.140082,126.9134457,0,simulation
35.138034,126.9159139,0,simulation
35.1391928,126.9105158,0,simulation
35.1377795,126.9121541,0,simulation
35.1405306,126.9144232,0,simulation
35.1378973,126.9156314,0,simulation
35.1383557,126.914203,0,simulation
35.1387887,126.9121828,0,simulation
35.1384036,126.915721,0,simulation
35.1413291,126.9141629,0,simulation
35.1387486,126.915567,0,simulation
35.1384717,126.9121318,0,simulation
35.1383093,126.91219,0,simulation
35.1407078,126.9173363,0,simulation
35.1377506,126.9151862,0,simulation
35.139842,126.9108878,0,simulation
35.1402134,126.9139363,0,simulation
35.1407585,126.9144612,0,simulation
35.1772235,126.9031126,1,simulation
35.1391599,126.9145786,0,simulation
35.1411456,126.9140885,0,simulation
35.1391786,126.9113546,0,simulation
35.1402836,126.9179778,0,simulation
35.1382896,126.9155864,0,simulation
35.1384128,126.916182,0,simulation
35.1392812,126.9106292,0,simulation
35.1388107,126.9146249,0,synthetic
35.1414402,126.9144016,0,simulation
35.1412232,126.9071206,0,synthetic
35.1378469,126.91511,0,simulation
35.1411916,126.9138875,0,simulation
35.1412214,126.9140402,0,simulation
35.1415433,126.9143776,0,simulation
35.1402377,126.9135705,0,simulation
35.1381485,126.9162528,0,simulation
35.133013,126.9363091,1,simulation
35.1436616,126.91169,0,synthetic
35.1407783,126.9174535,0,simulation
35.1389311,126.9155492,0,simulation
35.1378205,126.9162137,0,simulation
35.1389951,126.9109882,0,simulation
35.1382713,126.9116746,0,simulation
35.1297089,126.9171435,1,simulation
35.1405101,126.9176783,0,simulation
35.138862,126.9136864,0,synthetic
35.1410047,126.9143681,0,simulation
35.1406332,126.9177279,0,simulation
35.1381714,126.9117377,0,synthetic
35.1383476,126.9150644,0,simulation
35.1126854,126.927644,1,simulation
35.138319,126.9157015,0,simulation
35.1381253,126.9114292,0,simulation
35.1405028,126.9175409,0,simulation
35.137725,126.9119445,0,simulation
35.1413492,126.9145651,0,simulation
35.1942081,126.8147121,1,synthetic
35.1382494,126.9118515,0,simulation
35.1384843,126.9153131,0,simulation
35.1385322,126.9156492,0,simulation
35.1392779,126.9107283,0,simulation
35.1414377,126.9136697,0,simulation
35.1397131,126.9110781,0,simulation
35.1381903,126.9151596,0,simulation
35.1401069,126.9142214,0,simulation
35.1384653,126.9146536,0,simulation
35.139485,126.9109688,0,simulation
35.1408261,126.913922,0,simulation
35.1412302,126.9143156,0,simulation
35.140683,126.9140596,0,simulation
35.138789,126.9148194,0,simulation
35.1387389,126.9157906,0,simulation
35.1404363,126.9144391,0,simulation
35.1392687,126.9109085,0,simulation
35.139424,126.9114362,0,simulation
35.1395443,126.9111415,0,simulation
35.1411244,126.9138961,0,simulation
35.1384065,126.9158933,0,simulation
35.1387116,126.9157282,0,simulation
35.1382609,126.911727,0,simulation
35.1392258,126.9116499,0,simulation
35.1398826,126.9174186,0,simulation
35.1397026,126.9112996,0,simulation
35.1395472,126.9105079,0,simulation
35.1385934,126.9161193,0,simulation
35.1385532,126.9161352,0,simulation
35.137995,126.9117239,0,simulation
35.1406126,126.917698,0,simulation
35.1378838,126.9115687,0,simulation
35.1381592,126.9149094,0,simulation
35.1402261,126.9143653,0,simulation
35.1384261,126.9160188,0,simulation
35.1408281,126.9144018,0,simulation
35.1383217,126.9120196,0,simulation
35.1407484,126.9174614,0,simulation
35.1389158,126.9146296,0,simulation
35.138537,126.9158001,0,simulation
35.1373394,126.9116208,0,simulation
35.1379669,126.9119266,0,simulation
35.1412872,126.9144195,0,simulation
35.1402215,126.9140367,0,simulation
35.138814,126.9143474,0,simulation
35.1377881,126.9117646,0,simulation
35.1383456,126.9138178,0,simulation
35.1359541,126.9111892,0,synthetic
35.1377044,126.9153695,0,simulation
35.1375658,126.915479,0,simulation
35.1402428,126.9145959,0,simulation
35.1398054,126.9103176,0,synthetic
35.13816,126.9117995,0,simulation
35.1382084,126.9157623,0,simulation
35.1394227,126.9106718,0,simulation
35.1376236,126.9154751,0,simulation
35.140243,126.9173187,0,simulation
35.1380656,126.9158496,0,synthetic
35.1387705,126.9156499,0,simulation
35.1382068,126.9118348,0,simulation
35.1385388,126.9160414,0,simulation
35.1389898,126.9142117,0,simulation
35.1401029,126.9139855,0,simulation
35.1383744,126.9114816,0,simulation
35.1400778,126.9140612,0,simulation
35.79,127.11,1,synthetic
35.138214,126.9155602,0,simulation
35.1396405,126.9109673,0,simulation
35.1382004,126.915803,0,simulation
35.1383185,126.9117196,0,simulation
35.138041,126.9118354,0,simulation
35.140764,126.9180589,0,simulation
35.1390151,126.9110912,0,simulation
35.1316565,126.9248279,1,simulation
0.0,0.0,1,synthetic
35.1383021,126.9157599,0,simulation
35.1398756,126.9111678,0,simulation
35.1381103,126.9158506,0,simulation
35.1388238,126.9148604,0,simulation
35.1385137,126.9155272,0,simulation
35.1385803,126.9146109,0,simulation
35.1391096,126.9116813,0,simulation
35.1391943,126.9143979,0,simulation
35.1410926,126.917552,0,simulation
35.1386399,126.9160236,0,simulation
35.1377875,126.9118859,0,simulation
35.1392408,126.9147187,0,simulation
35.1390926,126.9115045,0,simulation
35.1387583,126.9149312,0,simulation
35.1378788,126.9154096,0,simulation
35.1387167,126.9141702,0,simulation
35.1389694,126.9117783,0,simulation
35.1378596,126.9119523,0,simulation
35.140017,126.9169892,0,simulation
35.1382198,126.9124815,0,simulation
35.1411661,126.9140843,0,synthetic
35.1413585,126.9136584,0,simulation
35.1380833,126.9159001,0,simulation
35.1391279,126.9139527,0,simulation
35.1408348,126.9175162,0,simulation
35.1379508,126.9121948,0,simulation
35.139002,126.9113535,0,simulation
35.1384375,126.9120503,0,simulation
35.1381335,126.9123071,0,simulation
35.1383958,126.9122027,0,simulation
35.1391392,126.9112901,0,simulation
35.1381885,126.9156301,0,simulation
35.140172,126.9145412,0,simulation
35.1378054,126.9118275,0,simulation
35.1418244,126.913877,0,simulation
35.1385229,126.9142476,0,simulation
35.1397379,126.9113257,0,simulation
35.1511396,126.9319772,1,simulation
35.1385002,126.9125168,0,simulation
35.1137992,126.9124983,1,simulation
35.1382009,126.9154995,0,simulation
35.1383362,126.9118867,0,simulation
35.1407376,126.9137857,0,simulation
35.1384619,126.9122179,0,simulation
35.1393947,126.9107783,0,simulation
35.1386073,126.9145506,0,simulation
35.1408302,126.914347,0,simulation
35.1382658,126.9164004,0,simulation
35.1383965,126.9156655,0,simulation
35.1405554,126.9135745,0,simulation
35.1390625,126.9110428,0,simulation
35.1375518,126.9160649,0,simulation
35.1383419,126.911514,0,simulation
35.1391412,126.914152,0,simulation
35.1385059,126.9154459,0,simulation
35.1403648,126.9175939,0,simulation
35.1385148,126.9156802,0,simulation
35.1417222,126.914,0,simulation
35.139451,126.910537,0,simulation
35.13809,126.912131,0,simulation
35.1443007,126.9220852,1,simulation
35.1379197,126.9115708,0,simulation
35.1376224,126.9120529,0,simulation
35.1395577,126.9115146,0,simulation
35.1393503,126.9108181,0,simulation
35.1411643,126.9141334,0,simulation
35.1391065,126.9146861,0,simulation
35.140251,126.9174543,0,simulation
35.1382431,126.9151718,0,simulation
35.1403831,126.9140518,0,synthetic
35.1404315,126.9177348,0,simulation
35.1402477,126.9140313,0,simulation
35.1414182,126.9141446,0,simulation
35.1405609,126.9175345,0,synthetic
35.1398094,126.9106317,0,simulation
35.1399071,126.9138702,1,simulation
35.1381009,126.9157019,0,simulation
35.2289457,126.8464936,1,synthetic
35.1390311,126.9149642,0,simulation
35.1384671,126.9157599,0,simulation
35.1144595,126.9541221,1,simulation
35.139014,126.915548,0,simulation
35.1386086,126.9154069,0,simulation
35.1386217,126.9157615,0,simulation
35.2225096,127.0088825,1,synthetic
35.1385923,126.9153392,0,simulation
35.1405444,126.9144842,0,simulation
35.1394017,126.9110644,0,simulation
35.1403371,126.9179901,0,simulation
35.1405999,126.9144613,0,simulation
35.1405476,126.9177272,0,simulation
35.1386107,126.9118482,0,simulation
35.139282,126.9112264,0,simulation
35.1379293,126.9153911,0,simulation
35.1596776,126.915002,1,simulation
35.1391477,126.9111686,0,simulation
35.1392411,126.9106161,0,simulation
35.1407776,126.9174469,0,simulation
35.1382783,126.915853,0,simulation
35.1386816,126.9144479,0,simulation
35.140372,126.9175366,0,simulation
35.1401153,126.9181402,0,simulation
35.1392124,126.9148843,0,simulation
35.1396171,126.911647,0,simulation
35.1392245,126.9142817,0,simulation
35.1379108,126.9119205,0,simulation
35.1377672,126.9158196,0,simulation
35.1391804,126.9144542,0,simulation
35.1379513,126.9153561,0,simulation
35.1418646,126.9139258,0,simulation
35.1381634,126.915868,0,simulation
35.1387365,126.9158118,0,simulation
35.1389881,126.9109753,0,synthetic
35.1377287,126.9119188,0,simulation
35.1385586,126.9160935,0,simulation
35.1391165,126.9117502,0,simulation
35.1381638,126.9115545,0,simulation
35.1406168,126.9123489,0,synthetic
35.138384,126.9157888,0,simulation
35.138337,126.9120406,0,simulation
35.1381961,126.9152583,0,synthetic
35.1415222,126.9129858,0,synthetic
35.1402724,126.9174326,0,simulation
35.1398621,126.9139764,0,simulation
35.1381953,126.9115903,0,simulation
35.1388107,126.9144338,0,simulation
35.1407114,126.9180662,0,simulation
35.136313,126.9104157,0,synthetic
35.13961,126.9110894,0,simulation
35.1415284,126.9141221,0,simulation
35.1395113,126.9110967,0,simulation
35.1403011,126.9139838,0,simulation
35.1398231,126.9077219,0,synthetic
35.1382424,126.9153665,0,simulation
35.1392931,126.9109038,0,simulation
35.1389044,126.9118982,0,simulation
35.1379964,126.9159099,0,simulation
35.139776,126.9114541,0,simulation
35.1306832,126.9086742,1,simulation
35.1405159,126.9171797,0,simulation
35.1376257,126.911436,0,simulation
35.1388129,126.9145572,0,simulation
35.1402501,126.9178763,0,simulation
35.1386297,126.914467,0,simulation
35.1376485,126.9118893,0,simulation
35.1387844,126.9156968,0,simulation
35.1406225,126.9139375,0,simulation
35.14028,126.9174485,0,simulation
35.1388121,126.9158118,0,simulation
35.1403995,126.91405,0,simulation
35.1405523,126.9140152,0,simulation
35.1379656,126.9116973,0,simulation
35.1382934,126.9163822,0,simulation
35.1477531,126.9150078,1,simulation
35.1390237,126.9117443,0,simulation
35.1392656,126.9060124,0,synthetic
35.1388798,126.9144609,0,simulation
35.1381012,126.9119315,0,simulation
35.1384157,126.9157952,0,simulation
35.1381199,126.9153023,0,simulation
35.1386427,126.9159722,0,simulation
35.1386257,126.9147987,0,simulation
35.1415602,126.9138098,0,simulation
35.1411721,126.9138058,0,simulation
35.1408805,126.917078,0,simulation
35.1380671,126.911999,0,simulation
35.1403576,126.9180119,0,simulation
35.1410035,126.9142282,0,simulation
35.1414277,126.9143177,0,simulation
35.1405432,126.9138126,0,simulation
35.138619,126.916056,0,simulation
35.1386403,126.9152433,0,simulation
35.1377979,126.9117327,0,simulation
35.1376799,126.9126075,0,simulation
35.1381981,126.9113882,0,simulation
35.1381341,126.9116612,0,simulation
35.1391232,126.9140385,0,simulation
35.1380504,126.9118562,0,simulation
35.1401415,126.9177778,0,simulation
35.140514,126.9176076,0,simulation
35.1382821,126.9159755,0,simulation
35.1748292,126.9243587,1,simulation
35.1378061,126.9118166,0,simulation
35.1410029,126.9180848,0,simulation
35.1385267,126.9119008,0,simulation
35.1384099,126.9158511,0,simulation
35.1388805,126.914573,0,synthetic
35.1393629,126.9106703,0,simulation
35.140547,126.9145954,0,simulation
35.1413045,126.9139276,0,simulation
35.1305848,126.8781131,1,simulation
35.137844,126.9117351,0,simulation
35.1402634,126.9146505,0,simulation
35.1404473,126.9144471,0,simulation
35.1374229,126.9122311,0,simulation
35.1415498,126.9141623,0,simulation
35.139681,126.9108666,0,simulation
35.1394885,126.9114573,0,synthetic
35.1378627,126.9154954,0,simulation
35.1386741,126.9117224,0,simulation
35.1385,126.9159731,0,simulation
35.1406998,126.9175191,0,simulation
35.1384525,126.9155548,0,simulation
35.1380766,126.9159762,0,simulation
35.1388519,126.9108703,0,simulation
35.1385548,126.915706,0,simulation
35.1386659,126.91643,0,simulation
35.1382583,126.9120882,0,simulation
35.13839,126.9159963,0,simulation
35.140395,126.9138439,0,simulation
35.1405885,126.914255,0,simulation
35.141171,126.9141206,0,simulation
35.1385877,126.9123071,0,simulation
35.1391242,126.9148424,0,simulation
35.1374226,126.9119858,0,simulation
35.1384135,126.9115545,0,simulation
35.1395588,126.9108556,0,simulation
35.140361,126.9172974,0,simulation
35.139038,126.9146113,0,simulation
35.138437,126.9115582,0,synthetic
35.1382558,126.911514,0,simulation
35.1402872,126.9144315,0,simulation
35.1378879,126.9125085,0,simulation
35.1410138,126.9138313,0,simulation
35.1407071,126.9179763,0,simulation
35.1415416,126.9140682,0,simulation
35.1394885,126.9104311,0,simulation
35.1388626,126.9145088,0,simulation
35.1378085,126.9157453,0,simulation
0.0,0.0,1,synthetic
35.1386998,126.9119165,0,simulation
35.1414303,126.9142178,0,simulation
35.1403454,126.9141434,0,synthetic
35.1420711,126.9233955,1,simulation
35.1378252,126.9120154,0,simulation
35.1397111,126.9112859,0,simulation
35.1383491,126.9165497,0,simulation
35.1588919,126.8923046,1,simulation
35.1382175,126.9158384,0,simulation
35.1404983,126.9177037,0,simulation
35.1411871,126.9140477,0,simulation
35.1354482,126.915787,0,synthetic
35.1385497,126.9145886,0,simulation
35.1382554,126.9142641,0,simulation
35.1408384,126.9142676,0,simulation
35.1381884,126.9156093,0,simulation
35.1379229,126.9116486,0,simulation
35.1378119,126.9114503,0,simulation
35.1393579,126.9106597,0,simulation
35.1377025,126.9120457,0,simulation
35.1385107,126.914863,0,simulation
35.1384009,126.9156316,0,simulation
35.1383029,126.9117464,0,simulation
35.1381305,126.9155045,0,simulation
35.1383416,126.9124656,0,simulation
35.1385138,126.9150379,0,simulation
35.1390538,126.9115795,0,simulation
35.1381895,126.9153936,0,simulation
35.1403971,126.9141193,0,simulation
35.138087,126.9155782,0,simulation
35.1383237,126.9150044,0,simulation
35.1404209,126.917372,0,simulation
35.1380427,126.9152554,0,simulation
35.138177,126.911869,0,simulation
35.1380835,126.9159655,0,simulation
35.1376148,126.9161636,0,simulation
35.1403641,126.9173758,0,simulation
35.1386143,126.9116767,0,simulation
35.140737,126.9140324,0,simulation
35.1400605,126.9178337,0,simulation
35.1396311,126.9119149,0,simulation
35.1383261,126.9159936,0,simulation
35.1403292,126.9141347,0,simulation
35.1399792,126.9171468,0,simulation
35.1569724,126.9003592,1,simulation
35.1381027,126.9122052,0,simulation
35.138518,126.9162877,0,simulation
35.1400818,126.9143594,0,simulation
35.1378022,126.9162638,0,simulation
35.1404139,126.9144567,0,simulation
35.1416073,126.9139884,0,simulation
35.161284,126.9272743,1,simulation
35.1389743,126.910811,0,simulation
35.1379995,126.9114022,0,simulation
35.1996142,126.8179655,1,synthetic
35.1383515,126.9158034,0,simulation
35.1413627,126.9133019,0,simulation
35.1381921,126.9118805,0,simulation
35.1382513,126.9155731,0,simulation
35.1412891,126.9143165,0,simulation
35.1377738,126.9125535,0,simulation
35.140252,126.9138483,0,simulation
35.1390697,126.9108187,0,simulation
35.1381682,126.9144245,0,simulation
35.1413457,126.9141147,0,simulation
35.1406816,126.917886,0,simulation
35.1211557,126.9054089,1,simulation
35.1385759,126.9118472,0,simulation
35.1382595,126.9155226,0,synthetic
35.13818,126.9112011,0,simulation
35.1386393,126.9157651,0,simulation
35.1388492,126.912337,0,simulation
35.1379133,126.9121525,0,simulation
35.1405208,126.9183472,0,simulation
35.1414761,126.9140684,0,simulation
35.1389623,126.9144249,0,simulation
35.1400255,126.9143491,0,simulation
35.1408313,126.9140067,0,simulation
35.1381307,126.9162212,0,simulation
35.1384298,126.9161314,0,simulation
35.1394052,126.9116089,0,simulation
35.1381506,126.9124743,0,simulation
35.1385222,126.9143327,0,simulation
35.1382889,126.9165235,0,simulation
35.1379704,126.9156379,0,simulation
35.1406493,126.9174653,0,simulation
35.1399266,126.9172584,0,simulation
35.1388852,126.914222,0,simulation
35.1413788,126.9135862,0,simulation
35.1409299,126.9172021,0,simulation
35.1401538,126.9148082,0,simulation
35.1387044,126.9124199,0,simulation
35.141701,126.9140242,0,simulation
35.1392869,126.9114681,0,simulation
35.1387018,126.9160539,0,simulation
35.1404079,126.9173612,0,simulation
35.1378408,126.9166594,0,simulation
35.1405888,126.9175577,0,simulation
35.1386563,126.9158157,0,simulation
35.1376179,126.9115685,0,simulation
35.1397921,126.9170326,0,simulation
35.1393927,126.9112047,0,simulation
35.1387179,126.9137577,0,simulation
35.13903,126.9111522,0,simulation
35.1383758,126.9160505,0,simulation
35.1392689,126.9163892,0,simulation
35.1403934,126.9172593,0,simulation
35.1387105,126.9311523,1,simulation
35.1406712,126.9142784,0,simulation
35.1383356,126.9119455,0,simulation
35.141105,126.9139378,0,simulation
35.1269367,126.8451765,1,synthetic
35.1382747,126.9156328,0,simulation
35.1382417,126.9154635,0,simulation
35.1412091,126.9138438,0,simulation
35.1385143,126.9157985,0,simulation
35.1383802,126.9158827,0,simulation
35.1409716,126.9171199,0,simulation
35.1401326,126.9146015,0,simulation
35.1410831,126.913941,0,simulation
35.1384972,126.9154296,0,simulation
35.1383545,126.9117512,0,simulation
35.1383596,126.9138888,0,simulation
35.1382048,126.9117804,0,simulation
35.1383567,126.9160832,0,simulation
35.1376581,126.9150353,0,simulation
35.1409228,126.9136293,0,simulation
35.137871,126.9157201,0,simulation
35.140661,126.9142724,0,simulation
35.1405043,126.9138037,0,simulation
35.1379184,126.9119249,0,simulation
35.1386251,126.9140988,0,simulation
35.1381,126.9162065,0,simulation
35.1377476,126.9141266,0,simulation
35.144232,126.8810045,1,simulation
35.1379572,126.9116231,0,simulation
35.1416654,126.9141082,0,simulation
35.1389195,126.914829,0,simulation
35.1386176,126.9115924,0,simulation
35.1377194,126.9156279,0,simulation
35.1401724,126.9142627,0,simulation
35.1545202,126.9030085,1,simulation
35.1401323,126.9174075,0,simulation
35.139761,126.91097,0,simulation
35.1399415,126.9141269,0,simulation
35.1390577,126.9107763,0,simulation
35.1379485,126.9117018,0,simulation
35.1504383,126.9499833,1,simulation
35.1380246,126.9112399,0,simulation
35.139231,126.9138545,0,simulation
35.1383539,126.9160094,0,simulation
35.1340445,126.8470261,1,synthetic
35.1397159,126.9112369,0,simulation
35.1407933,126.9178037,0,simulation
35.1387654,126.9151154,0,simulation
35.1406663,126.9174895,0,synthetic
35.1401869,126.9139231,0,simulation
35.1405616,126.9140182,0,simulation
35.1419909,126.9135751,0,simulation
35.1406475,126.9178282,0,simulation
35.1376796,126.9115224,0,simulation
35.1394291,126.9145633,0,simulation
35.1406718,126.913471,0,simulation
35.1398705,126.9107073,0,simulation
35.1408806,126.9175654,0,simulation
35.1379069,126.9126346,0,simulation
35.1377914,126.9119414,0,simulation
35.1385116,126.9141278,0,simulation
35.1417646,126.9138958,0,simulation
35.1388572,126.9104243,0,simulation
35.1408052,126.9174853,0,simulation
35.1380325,126.9149088,0,simulation
35.2176273,126.835526,1,synthetic
35.1409898,126.9178155,0,simulation
35.1399923,126.9110263,0,simulation
35.1379935,126.9119361,0,simulation
35.1406365,126.9142684,0,simulation
35.1389845,126.9103394,0,simulation
35.1381956,126.9155386,0,simulation
35.1625652,126.8971407,1,simulation
35.1047812,126.8082025,1,synthetic
35.1385904,126.9142006,0,simulation
35.1381142,126.9117716,0,simulation
35.1385516,126.9160448,0,simulation
35.1405962,126.9176233,0,simulation
35.1409853,126.9172958,0,simulation
35.1380615,126.9162538,0,simulation
35.1407831,126.9140275,0,simulation
35.1400059,126.9145038,0,simulation
35.1399595,126.9172784,0,simulation
35.1392847,126.9109163,0,simulation
35.1400398,126.9144994,0,simulation
35.1402185,126.9178957,0,simulation
0.0,0.0,1,synthetic
35.139382,126.9113663,0,simulation
35.1401064,126.9174047,0,simulation
35.140906,126.914696,0,simulation
35.1381491,126.9162886,0,simulation
35.1385298,126.9144311,0,simulation
35.1381508,126.9157142,0,simulation
35.1396615,126.9112596,0,simulation
35.1384324,126.9121142,0,simulation
35.244414,126.9770461,1,synthetic
35.1382343,126.9158139,0,simulation
35.1381193,126.9120831,0,simulation
35.1301518,126.9010611,1,simulation
35.1381685,126.915654,0,simulation
35.139899,126.9322734,1,simulation
35.1404687,126.913804,0,simulation
35.1403078,126.9182266,0,simulation
35.1406352,126.9172026,0,simulation
35.1383349,126.9159289,0,simulation
35.1410636,126.9142123,0,simulation
35.1411395,126.9138688,0,simulation
35.1672353,126.8806158,1,synthetic
35.1408905,126.914335,0,simulation
35.1379065,126.9114269,0,simulation
35.1396008,126.9110301,0,simulation
35.1408927,126.913936,0,simulation
35.1417987,126.91416,0,simulation
35.1384042,126.9159038,0,simulation
35.1431009,126.8865203,1,simulation
35.1393515,126.9111421,0,simulation
35.1398011,126.9138798,0,simulation
35.1380087,126.9120935,0,simulation
35.1377711,126.916186,0,simulation
35.138539,126.9157334,0,simulation
35.1382218,126.912078,0,simulation
35.1381536,126.9124433,0,simulation
35.1392573,126.91163,0,simulation
35.1383697,126.9145863,0,simulation
35.1387263,126.9114417,0,simulation
35.1382699,126.9154054,0,simulation
35.1411897,126.9156335,0,synthetic
35.1384105,126.911625,0,simulation
35.1243212,126.9029674,1,simulation
35.1402985,126.9139184,0,simulation
35.1405532,126.9174554,0,simulation
35.1412236,126.913994,0,simulation
35.1397949,126.9174201,0,synthetic
35.138236,126.9141759,0,simulation
35.1405668,126.9141829,0,simulation
35.1411973,126.9145359,0,simulation
35.1395793,126.911469,0,simulation
35.1403512,126.9152822,0,synthetic
35.1415321,126.9137869,0,simulation
35.1532293,126.8942947,1,simulation
35.1384922,126.916229,0,simulation
35.1390089,126.9143095,0,simulation
35.1383473,126.9121014,0,simulation
35.1389263,126.9144536,0,simulation
35.1405142,126.9141203,0,simulation
35.1412877,126.9142738,0,simulation
35.1381377,126.9118696,0,simulation
35.1381739,126.9161142,0,simulation
35.1385408,126.9142317,0,simulation
35.1403463,126.9171934,0,simulation
35.1388551,126.911624,0,simulation
35.1385391,126.9145284,0,synthetic
35.1402848,126.913991,0,simulation
35.1407957,126.9141428,0,simulation
35.1392856,126.9114282,0,simulation
35.1379136,126.9158629,0,simulation
35.1403033,126.913753,0,simulation
35.1401725,126.9177673,0,simulation
35.1386762,126.9120733,0,simulation
35.1381915,126.9156096,0,simulation
35.1376751,126.9121459,0,simulation
35.1394294,126.9107613,0,simulation
35.129894,126.92223,1,simulation
35.1387281,126.910902,0,simulation
35.1408268,126.9140902,0,simulation
35.1409407,126.9132892,0,simulation
35.1378783,126.9158173,0,synthetic
35.1377435,126.9114793,0,simulation
35.1408987,126.913787,0,simulation
35.1405721,126.9140474,0,simulation
35.1380618,126.9118729,0,simulation
35.140218,126.9144631,0,simulation
35.1381368,126.9158262,0,simulation
35.138238,126.9120434,0,simulation
35.1382392,126.9117283,0,simulation
35.1419301,126.910076,0,synthetic
35.1401342,126.9174012,0,simulation
35.1383372,126.9158652,0,simulation
35.1381949,126.9163004,0,simulation
35.1379979,126.911744,0,simulation
35.1399889,126.9112143,0,synthetic
35.1400463,126.9177627,0,simulation
35.1390256,126.9109432,0,simulation
35.1405479,126.9179193,0,simulation
35.1390946,126.9110646,0,simulation
35.1400298,126.9171219,0,simulation
35.1389249,126.9190425,0,synthetic
35.1405792,126.9175353,0,simulation
35.1109094,126.89758,1,simulation
35.1409313,126.9138067,0,simulation
35.1402272,126.9144733,0,simulation
35.1401453,126.9143834,0,simulation
35.1389347,126.9147036,0,simulation
35.1408738,126.9137676,0,simulation
35.1405754,126.9142364,0,simulation
35.1377689,126.9113084,0,simulation
35.1401507,126.9143579,0,simulation
35.138376,126.9119645,0,synthetic
35.1403529,126.9141948,0,simulation
35.139467,126.9109212,0,simulation
35.2009141,127.0106138,1,synthetic
35.1412077,126.9143578,0,simulation
35.1387052,126.9142264,0,simulation
35.1382559,126.9154664,0,simulation
35.1416385,126.9138696,0,simulation
35.1378644,126.9158336,0,simulation
35.1380254,126.9120109,0,simulation
35.1386611,126.9156104,0,simulation
35.1383064,126.9156569,0,simulation
35.1379872,126.9122877,0,simulation
35.140889,126.914049,0,simulation
35.1384872,126.9164774,0,simulation
35.1386436,126.9145546,0,synthetic
35.1381485,126.9159245,0,simulation
35.1387907,126.9142997,0,simulation
35.1387303,126.9145534,0,simulation
35.1390176,126.9118058,0,simulation
35.138331,126.9158219,0,synthetic
35.1379686,126.9114346,0,simulation
35.1383288,126.915788,0,simulation
35.1384575,126.9119961,0,simulation
35.1392609,126.9145293,0,simulation
35.1385773,126.911986,0,simulation
35.1384203,126.9144517,0,simulation
35.1381051,126.9159626,0,simulation
35.1381924,126.9156612,0,simulation
35.1381273,126.9153237,0,simulation
35.1382961,126.9159397,0,simulation
35.1403787,126.9140381,0,simulation
35.1391581,126.9142096,0,simulation
35.1374413,126.9115997,0,simulation
35.1380558,126.9158447,0,simulation
35.1405829,126.917265,0,simulation
35.1378136,126.9156526,0,simulation
35.1375381,126.9121563,0,simulation
35.1381062,126.9162026,0,simulation
35.1380754,126.9126094,0,simulation
35.144827,126.9251801,1,simulation
35.1377873,126.9158294,0,simulation
35.1377209,126.9117629,0,simulation
35.1393622,126.9112213,0,simulation
35.1383427,126.9157323,0,simulation
35.1411553,126.9140265,0,simulation
35.1391239,126.9112476,0,simulation
35.1407257,126.9150617,0,simulation
35.1382762,126.9119443,0,simulation
35.1380023,126.9121414,0,simulation
35.1404854,126.9172815,0,simulation
35.1375936,126.9117231,0,simulation
35.1405546,126.9175134,0,simulation
35.1396729,126.911678,0,simulation
35.1404911,126.9176052,0,synthetic
35.1410251,126.914623,0,simulation
35.1406489,126.9142507,0,simulation
35.1386207,126.9146601,0,simulation
35.1381516,126.9121321,0,simulation
35.140137,126.9178789,0,simulation
35.1379098,126.91497,0,simulation
35.139752,126.9111961,0,simulation
35.1403696,126.9176742,0,simulation
35.1409611,126.9174724,0,simulation
35.1394729,126.9102811,0,simulation
35.1415626,126.9137644,0,simulation
35.1385145,126.9156318,0,simulation
35.1414408,126.9131458,0,simulation
35.1416657,126.9179087,0,synthetic
35.1406701,126.914653,0,simulation
35.1383839,126.9158968,0,simulation
35.138978,126.9147157,0,simulation
35.1417335,126.9138867,0,simulation
35.1384146,126.9119405,0,simulation
35.139246,126.9111434,0,simulation
35.1387582,126.9155958,0,simulation
35.1387621,126.9156239,0,simulation
35.1383925,126.915579,0,simulation
35.1379656,126.9161152,0,simulation
35.1400901,126.9177164,0,simulation
35.1377487,126.9115157,0,simulation
35.1393488,126.9109937,0,simulation
35.1381046,126.9159344,0,simulation
35.1399382,126.9176354,0,simulation
35.138368,126.912568,0,simulation
35.1392407,126.9111437,0,simulation
35.1374345,126.9163859,0,synthetic
35.141482,126.9144316,0,simulation
35.1378224,126.9156489,0,simulation
35.1412745,126.9137682,0,synthetic
35.1382102,126.9120087,0,synthetic
35.13776,126.9122338,0,simulation
35.1382233,126.9120085,0,simulation
35.1406059,126.9171502,0,simulation
35.1386017,126.9145299,0,simulation
35.1388032,126.9159128,0,simulation
35.1401638,126.9137922,0,simulation
35.1394634,126.9111025,0,simulation
35.1378938,126.9159323,0,simulation
35.1394153,126.9107153,0,simulation
35.138229,126.9158161,0,simulation
35.1407654,126.9141678,0,simulation
35.1406046,126.9145874,0,simulation
35.1381713,126.9157161,0,simulation
35.1402416,126.9171435,0,simulation
35.1382944,126.9155396,0,simulation
35.1405262,126.9175506,0,simulation
35.1381709,126.9115171,0,simulation
35.1409074,126.9137271,0,simulation
35.1381779,126.9119754,0,simulation
35.138487,126.9159613,0,simulation
35.1402472,126.9140006,0,simulation
0.0,0.0,1,synthetic
35.1402793,126.9144466,0,simulation
35.1380753,126.9111654,0,simulation
35.1384687,126.9159179,0,synthetic
35.1415409,126.9140821,0,simulation
35.138912,126.9121291,0,simulation
35.1376102,126.9160544,0,simulation
35.1404313,126.9173479,0,simulation
35.1379415,126.9113041,0,simulation
35.1393408,126.9111177,0,simulation
35.1395991,126.9451466,1,simulation
0.0,0.0,1,synthetic
35.1396925,126.9114174,0,simulation
35.1389093,126.9143885,0,simulation
35.1377837,126.9116911,0,simulation
35.1399296,126.9148458,0,simulation
35.1414983,126.914204,0,simulation
35.1395703,126.9144429,0,simulation
35.1393822,126.9115811,0,simulation
35.1384086,126.9120721,0,synthetic
35.1380966,126.915692,0,simulation
35.138025,126.9158714,0,simulation
35.137706,126.9153423,0,simulation
35.1379505,126.9119795,0,simulation
35.1381944,126.9153583,0,simulation
35.1604506,126.8529353,1,synthetic
35.1402157,126.9141312,0,simulation
35.1380406,126.9116557,0,simulation
35.140932,126.9175464,0,simulation
35.1411848,126.914445,0,simulation
35.1382929,126.914777,0,simulation
35.166614,126.8821698,1,simulation
35.1378672,126.9121919,0,simulation
35.1390536,126.9145651,0,simulation
35.1584256,126.9061831,1,simulation
35.140529,126.9175133,0,simulation
35.1392691,126.911086,0,simulation
35.1385584,126.9147639,0,simulation
35.1383819,126.9160816,0,simulation
35.1415086,126.9142705,0,simulation
35.1413703,126.913786,0,simulation
35.1411049,126.9135312,0,simulation
35.1395495,126.911079,0,simulation
35.1303101,126.8580909,1,simulation
35.1383499,126.9158778,0,simulation
35.1392846,126.9142856,0,simulation
35.1391821,126.9111244,0,simulation
35.1383554,126.9114285,0,simulation
35.1403347,126.9170944,0,simulation
35.1394672,126.9111067,0,simulation
35.1415732,126.9139638,0,simulation
35.1406518,126.9145998,0,simulation
35.1402535,126.9149668,0,simulation
35.1376349,126.9120243,0,simulation
35.1392753,126.9175176,0,synthetic
35.1380511,126.9158485,0,simulation
35.1379329,126.9237927,1,simulation
35.1393172,126.9111544,0,simulation
35.1395395,126.9111984,0,simulation
35.1390088,126.9116554,0,simulation
35.1377852,126.9119371,0,synthetic
35.1382924,126.9148301,0,simulation
35.1408415,126.9175091,0,simulation
35.139085,126.9108838,0,simulation
35.1402434,126.9141899,0,simulation
35.1408985,126.9175209,0,simulation
35.1387739,126.9143435,0,simulation
35.1384593,126.9154661,0,simulation
35.1413515,126.9143582,0,simulation
35.1414301,126.9139227,0,simulation
35.1386937,126.9145344,0,simulation
35.1406745,126.9178542,0,simulation
35.1393395,126.910492,0,simulation
35.1382789,126.9118568,0,simulation
35.1415131,126.9139334,0,simulation
35.1407347,126.9178397,0,simulation
35.1397984,126.9107703,0,simulation
35.1385318,126.9113687,0,simulation
35.1379828,126.915622,0,simulation
35.1204389,126.9334634,1,simulation
35.1395683,126.9111562,0,simulation
35.1410322,126.9144318,0,simulation
35.1383754,126.9157858,0,synthetic
35.1398681,126.9175277,0,simulation
35.1405926,126.9144733,0,simulation
35.1385623,126.915488,0,simulation
35.140105,126.9111817,0,simulation
35.1383602,126.9157483,0,simulation
35.1383134,126.912384,0,simulation
35.1407286,126.9145105,0,simulation
35.1409131,126.9174927,0,simulation
35.1377705,126.9159552,0,simulation
35.1376991,126.9116106,0,simulation
35.1402832,126.9143251,0,simulation
35.1386767,126.9163185,0,simulation
35.1381052,126.9115764,0,simulation
35.1377348,126.9117715,0,simulation
35.1378331,126.9157795,0,simulation
35.140174,126.9142498,0,simulation
35.1405727,126.9177389,0,simulation
35.1384235,126.921286,1,simulation
35.1388917,126.9148156,0,simulation
35.1391647,126.914427,0,simulation
35.1383366,126.9150778,0,simulation
35.1411431,126.9139745,0,simulation
35.1380705,126.9158802,0,simulation
35.1399524,126.9172698,0,simulation
35.1410508,126.9175817,0,simulation
35.1383287,126.9156337,0,simulation
35.1373871,126.9156645,0,simulation
35.1379416,126.9113751,0,simulation
35.1416066,126.914688,0,simulation
35.1394522,126.911055,0,simulation
35.1385806,126.9118642,0,simulation
35.1406875,126.9175541,0,simulation
35.1379803,126.9159307,0,simulation
35.1378662,126.9120123,0,simulation
35.1389152,126.9146148,0,simulation
35.1415578,126.9138272,0,simulation
35.1378059,126.9160202,0,simulation
35.1383163,126.9119662,0,simulation
35.1381814,126.9157413,0,synthetic
35.1380597,126.915752,0,simulation
35.1411409,126.9140924,0,simulation
35.1376891,126.9119478,0,simulation
35.1381681,126.9154485,0,simulation
35.1392374,126.9112797,0,simulation
35.1273672,126.9394583,1,simulation
35.1379567,126.9121816,0,simulation
35.1391279,126.9146973,0,simulation
35.1383377,126.9146507,0,simulation
35.1417101,126.9135534,0,simulation
35.1383008,126.9122124,0,simulation
35.1385632,126.9159862,0,simulation
35.1379346,126.9156124,0,simulation
35.1411352,126.9140441,0,simulation
35.1404732,126.9140695,0,simulation
35.1375003,126.9117969,0,simulation
35.1397735,126.9115668,0,simulation
35.1387931,126.9109038,0,simulation
35.1388625,126.9112991,0,simulation
35.1413969,126.9141305,0,simulation
35.1399154,126.9111235,0,simulation
35.140646,126.917573,0,simulation
35.1382516,126.9157758,0,synthetic
35.1377536,126.911716,0,simulation
35.1381753,126.9116033,0,simulation
35.1410893,126.9142355,0,simulation
35.1404883,126.9140951,0,simulation
35.1395748,126.9116916,0,synthetic
35.1416533,126.9143382,0,simulation
35.1409965,126.9175877,0,simulation
35.1415292,126.9139277,0,simulation
35.1405445,126.9147534,0,simulation
35.1416499,126.9138261,0,simulation
35.1382681,126.9121626,0,simulation
35.1406295,126.9175376,0,simulation
35.1399493,126.9143427,0,simulation
35.1382308,126.9154239,0,simulation
35.1379059,126.9154397,0,simulation
35.1405667,126.9175874,0,simulation
35.1406821,126.9174152,0,simulation
35.1380547,126.9151421,0,simulation
35.1402253,126.9170536,0,simulation
35.1393095,126.9141475,0,simulation
35.1411748,126.9173445,0,simulation
35.1383756,126.9117688,0,simulation
35.1390424,126.9108249,0,simulation
35.1387853,126.9159785,0,simulation
35.1381919,126.9117656,0,simulation
35.1385873,126.9156104,0,simulation
0.0,0.0,1,synthetic
35.1403481,126.914313,0,simulation
35.1383688,126.911961,0,simulation
35.138599,126.915938,0,simulation
35.1571568,126.9241986,1,simulation
35.1404822,126.9175499,0,simulation
35.1415306,126.9140971,0,simulation
35.1388391,126.9145715,0,simulation
35.1384903,126.914397,0,synthetic
35.1229189,126.9523631,1,simulation
35.1406224,126.9138356,0,simulation
35.1385674,126.9147683,0,simulation
35.1404218,126.9140444,0,synthetic
35.1379114,126.9154376,0,simulation
35.1414068,126.9136097,0,simulation
35.13925,127.0160271,1,synthetic
35.1389733,126.9145099,0,simulation
35.138103,126.912091,0,simulation
35.1417713,126.9142909,0,simulation
35.1373887,126.9112527,0,simulation
35.1108873,126.9174726,1,simulation
35.1417877,126.9146616,0,synthetic
35.1381845,126.9113352,0,simulation
35.1407218,126.9138202,0,simulation
35.1410581,126.9139961,0,simulation
35.1375329,126.9115463,0,simulation
35.1415227,126.9140116,0,simulation
35.1409303,126.914657,0,simulation
35.1401409,126.9162717,0,synthetic
35.1385204,126.9120921,0,simulation
35.14038,126.9174875,0,simulation
35.1405697,126.917102,0,simulation
35.1378742,126.9152639,0,simulation
35.1383337,126.9123843,0,synthetic
35.1383319,126.9121428,0,simulation
35.1403561,126.9171804,0,synthetic
35.1383173,126.9159733,0,simulation
35.1400803,126.9108301,0,synthetic
35.1235323,126.9068402,1,simulation
35.1394731,126.91047,0,simulation
35.1411912,126.9138409,0,simulation
35.1379284,126.9116353,0,simulation
35.1378247,126.9117494,0,simulation
35.1376631,126.9117865,0,simulation
35.1387265,126.9156752,0,simulation
35.138405,126.91601,0,simulation
35.1385952,126.9181688,0,synthetic
35.1379593,126.9114519,0,simulation
35.1408835,126.9177507,0,simulation
35.1382169,126.9156204,0,simulation
35.1403487,126.9173039,0,simulation
35.1411921,126.9136304,0,simulation
35.1402167,126.9170464,0,simulation
35.1407754,126.9175658,0,simulation
35.1379522,126.9155337,0,synthetic
35.1415066,126.9138578,0,simulation
35.1379542,126.9152826,0,simulation
35.1382539,126.9154217,0,simulation
35.1379247,126.9115968,0,simulation
35.1386745,126.9155543,0,simulation
35.1402714,126.9143378,0,simulation
35.1384176,126.9163417,0,simulation
35.1414961,126.9139756,0,simulation
35.1374415,126.9157936,0,simulation
35.1385285,126.9156558,0,simulation
35.1386986,126.9141118,0,simulation
35.1403537,126.9141894,0,simulation
35.1377754,126.9117676,0,simulation
35.1385296,126.9152367,0,simulation
35.137527,126.9116198,0,simulation
35.1384247,126.9146776,0,simulation
35.1417077,126.9137515,0,simulation
35.141184,126.9140013,0,simulation
35.1382026,126.9114512,0,simulation
35.1404004,126.9175084,0,simulation
35.139211,126.9110654,0,simulation
35.1665957,126.9462978,1,synthetic
35.1406932,126.9172554,0,simulation
35.1385853,126.9115273,0,simulation
35.1382612,126.9160479,0,simulation
35.1382552,126.9148674,0,simulation
35.1286393,126.9478504,1,simulation
35.1418268,126.9133993,0,simulation
35.1397028,126.9110027,0,simulation
35.1401079,126.9143233,0,simulation
35.1388233,126.9147087,0,simulation
35.1382985,126.9158954,0,simulation
35.1403855,126.9134986,0,simulation
35.1936125,126.910664,1,synthetic
35.1384093,126.9158904,0,simulation
35.138303,126.9155306,0,simulation
35.1381584,126.9120763,0,simulation
35.1404509,126.9141522,0,simulation
35.1445552,126.9211886,1,simulation
35.1387783,126.9113381,0,simulation
35.1405878,126.9142805,0,simulation
35.138251,126.9143279,0,synthetic
35.1314585,126.9378701,1,simulation
35.2296751,126.8633269,1,synthetic
35.1402499,126.9141043,0,simulation
35.1405329,126.9148477,0,simulation
35.137825,126.911795,0,simulation
35.140353,126.9181,0,simulation
35.1402896,126.9144798,0,simulation
35.1383538,126.9120209,0,simulation
35.1408727,126.9142012,0,simulation
35.1404326,126.9177099,0,simulation
35.1397316,126.9112084,0,simulation
35.1386206,126.9122085,0,simulation
35.0747687,126.8494952,1,synthetic
35.1408703,126.9172166,0,simulation
35.1383879,126.9155722,0,simulation
35.1395197,126.9113021,0,simulation
35.1389024,126.9146215,0,simulation
35.1393215,126.9107652,0,simulation
35.1387004,126.9126425,0,simulation
35.139267,126.911369,0,simulation
35.1379921,126.9041625,1,simulation
35.1386735,126.91476,0,simulation
35.1381118,126.915546,0,simulation
35.1391275,126.9111492,0,simulation
35.1385143,126.9119674,0,simulation
35.1382436,126.9157484,0,simulation
35.1386306,126.9149275,0,simulation
35.1384353,126.9121875,0,simulation
35.1403221,126.9175625,0,simulation
35.1410863,126.9142208,0,simulation
35.138452,126.9121066,0,simulation
35.1385826,126.9119007,0,simulation
35.1384838,126.9155199,0,simulation
35.14116,126.9178138,0,simulation
35.1378093,126.9119089,0,simulation
35.1391761,126.9111701,0,simulation
35.1401738,126.9144973,0,simulation
35.1381423,126.9152868,0,simulation
35.1381618,126.9117999,0,simulation
35.1380278,126.9160452,0,simulation
35.1385962,126.9161891,0,simulation
35.1372238,126.9115254,0,simulation
35.1385986,126.9157168,0,simulation
35.1383992,126.9116314,0,simulation
35.1379802,126.9156604,0,simulation
35.1384024,126.9159055,0,simulation
35.1379468,126.9160168,0,simulation
35.1388166,126.9140188,0,simulation
35.1378045,126.9160143,0,simulation
35.1380437,126.9120288,0,simulation
35.1408054,126.9174085,0,simulation
35.1412638,126.9133749,0,simulation
35.1414786,126.9135526,0,simulation
35.1379821,126.9115729,0,simulation
35.1388054,126.9151828,0,simulation
35.1414267,126.9138754,0,simulation
35.1402139,126.9145454,0,simulation
35.1383651,126.9156998,0,simulation
35.1385809,126.9140799,0,simulation
35.1380731,126.9116436,0,simulation
35.1378,126.9160478,0,simulation
35.1406308,126.9142585,0,simulation
35.1381248,126.9122241,0,simulation
35.1382558,126.9156633,0,simulation
35.1381521,126.9119379,0,simulation
35.1381571,126.9139188,0,simulation
35.1383758,126.9159234,0,simulation
35.1383085,126.9154658,0,simulation
35.1389368,126.9153794,0,simulation
35.1395851,126.9108847,0,simulation
35.1381661,126.9118778,0,simulation
35.1416938,126.9137674,0,simulation
35.1412929,126.9142697,0,simulation
35.1387308,126.9117486,0,simulation
35.1383726,126.9156423,0,simulation
35.1381241,126.9117301,0,simulation
35.1386172,126.9114148,0,simulation
35.1445031,126.932003,1,simulation
35.1402118,126.913987,0,simulation
35.1405811,126.9171932,0,simulation
35.1385425,126.9115158,0,simulation
35.138575,126.9115548,0,simulation
35.1379528,126.9117711,0,simulation
35.1278579,126.8942154,1,simulation
35.140061,126.914198,0,synthetic
35.1417387,126.914425,0,simulation
35.140839,126.9180353,0,simulation
35.1376645,126.9159229,0,simulation
35.1388201,126.9115837,0,simulation
35.1405588,126.9142531,0,simulation
35.1400629,126.9174535,0,simulation
35.1388758,126.9146261,0,simulation
35.1415904,126.9144181,0,simulation
35.1384115,126.9146336,0,simulation
35.1379456,126.9114159,0,simulation
35.1404127,126.91769,0,simulation
35.1403548,126.913773,0,simulation
35.131289,126.9347155,1,simulation
35.138123,126.9159561,0,simulation
35.1415753,126.9141094,0,simulation
35.1387239,126.9156468,0,simulation
35.1386103,126.9146403,0,simulation
35.1592352,126.9320273,1,simulation
35.1399572,126.9181549,0,simulation
35.1393806,126.9108327,0,simulation
35.1457907,126.893776,1,simulation
35.1406168,126.9173746,0,simulation
35.1386862,126.9154396,0,simulation
35.1404902,126.9140601,0,synthetic
35.1400287,126.9076058,0,synthetic
35.1404402,126.9176022,0,simulation
35.13819,126.9156481,0,simulation
35.1393028,126.9069914,0,synthetic
35.138374,126.916542,0,simulation
35.1394545,126.9108171,0,simulation
35.1407854,126.9142308,0,simulation
35.1376654,126.9121738,0,simulation
35.138708,126.9139321,0,simulation
35.1393464,126.9108492,0,simulation
35.140391,126.9140656,0,simulation
35.1400003,126.9152914,0,simulation
35.1402802,126.9176025,0,simulation
35.1388731,126.9148124,0,simulation
35.137784,126.9154885,0,simulation
35.138667,126.9144683,0,simulation
35.141473,126.9139699,0,simulation
35.1401426,126.9141822,0,simulation
35.1384054,126.9118667,0,simulation
35.1415802,126.9142112,0,simulation
35.1392458,126.9146812,0,simulation
35.1405908,126.9173411,0,simulation
35.1383507,126.9161462,0,simulation
35.1418353,126.9138477,0,simulation
35.1386452,126.9120615,0,simulation
35.139233,126.9114638,0,simulation
35.1412317,126.9138942,0,simulation
35.138549,126.9160282,0,simulation
35.1404612,126.9135497,0,simulation
35.1409569,126.910304,0,synthetic
35.138108,126.9161335,0,simulation
35.1379684,126.9156427,0,simulation
35.1440424,126.9046351,1,simulation
35.1393097,126.9113046,0,simulation
35.1430704,126.9126928,0,synthetic
35.1376274,126.9116429,0,simulation
35.1378706,126.9153071,0,simulation
35.137557,126.9117329,0,simulation
35.1384101,126.9159778,0,simulation
35.1579204,126.9111005,1,simulation
35.1384286,126.9147784,0,simulation
35.1405026,126.9178534,0,simulation
35.1396133,126.9107961,0,simulation
35.1382259,126.9116446,0,simulation
35.1410146,126.9171875,0,simulation
35.1388463,126.9119272,0,simulation
35.1383195,126.9117924,0,simulation
35.1385912,126.9144452,0,simulation
35.1383701,126.9140942,0,simulation
35.1403581,126.9135339,0,simulation
35.1385404,126.9138504,0,simulation
35.1407706,126.913874,0,simulation
35.1401804,126.9138834,0,simulation
35.1383203,126.9119389,0,simulation
35.1613172,126.9146161,1,simulation
35.1405038,126.9173143,0,simulation
35.1381235,126.91616,0,simulation
35.1403859,126.9140439,0,simulation
35.1402312,126.9176137,0,simulation
35.1405794,126.9139802,0,simulation
35.1403478,126.9146649,0,simulation
35.1386775,126.9144419,0,simulation
35.1386308,126.9144152,0,simulation
35.1405806,126.9142045,0,simulation
35.1374585,126.9118598,0,simulation
35.1382276,126.9120311,0,simulation
35.1406768,126.9142474,0,simulation
35.132685,126.9199608,1,simulation
35.1405998,126.9140238,0,simulation
35.1421661,126.9444087,1,simulation
35.1414559,126.9136187,0,simulation
35.1406117,126.9142603,0,simulation
35.1411487,126.9135913,0,simulation
35.1383102,126.9158157,0,simulation
35.1372933,126.9072238,1,simulation
35.1385061,126.9142574,0,simulation
35.1383023,126.9117314,0,simulation
35.1376356,126.9118249,0,simulation
35.139513,126.9113895,0,simulation
35.1391728,126.9108053,0,simulation
35.1385075,126.9156937,0,simulation
35.0964931,126.9164643,1,simulation
35.1384289,126.9118813,0,simulation
35.1402998,126.9141233,0,simulation
35.1395924,126.9117224,0,simulation
35.1407288,126.9142584,0,simulation
35.1393384,126.9112297,0,simulation
35.1367859,126.9081701,0,synthetic
35.1401147,126.9157981,0,synthetic
35.1380543,126.9120151,0,simulation
35.1415672,126.914217,0,simulation
35.1407337,126.9177781,0,simulation
35.139965,126.9143939,0,simulation
35.1382453,126.9114378,0,simulation
35.1405859,126.9171892,0,simulation
35.1004454,126.9095793,1,simulation
35.14084,126.9139391,0,synthetic
35.1381833,126.9116076,0,synthetic
35.1383638,126.9144662,0,simulation
35.1378823,126.9156863,0,simulation
35.1382598,126.9117601,0,synthetic
35.1411403,126.9140056,0,simulation
35.138552,126.9159178,0,simulation
35.1383126,126.9116532,0,simulation
35.1382581,126.9158009,0,simulation
35.1378013,126.9157265,0,simulation
35.1395733,126.911046,0,simulation
35.1387127,126.9158764,0,simulation
35.1412554,126.9140211,0,simulation
35.1402749,126.9143619,0,simulation
35.1390947,126.91076,0,simulation
35.1378655,126.9163357,0,simulation
35.1401423,126.9143246,0,simulation
35.1403618,126.9173806,0,simulation
35.1384453,126.9161331,0,simulation
35.139905,126.9107974,0,simulation
35.1403747,126.9173381,0,simulation
35.1404878,126.9176079,0,simulation
35.1404276,126.9141229,0,simulation
35.139255,126.911597,0,simulation
35.1567811,126.9929651,1,synthetic
35.1399334,126.9111198,0,simulation
35.1393188,126.9142646,0,simulation
35.1407572,126.9173934,0,simulation
35.1393201,126.9111438,0,simulation
35.1412857,126.9143122,0,simulation
35.1411257,126.9141882,0,simulation
35.1410197,126.9139965,0,simulation
35.1380543,126.9159324,0,simulation
35.1380134,126.9151695,0,simulation
35.1403933,126.9143306,0,simulation
35.137842,126.9117605,0,synthetic
35.139394,126.9110743,0,simulation
35.1405328,126.918275,0,simulation
35.1404885,126.9139901,0,synthetic
35.1359077,126.9130109,0,synthetic
35.1380638,126.9165134,1,simulation
35.1382855,126.9157145,0,simulation
35.1313452,126.9342909,1,simulation
35.1410064,126.914496,0,simulation
35.1361511,126.925748,1,simulation
35.1394617,126.9113097,0,simulation
35.1383079,126.9155143,0,simulation
35.1774726,126.9191959,1,simulation
35.1383319,126.9163615,0,simulation
35.1120567,126.9047176,1,simulation
35.1387607,126.911215,0,simulation
35.138861,126.9145331,0,simulation
35.138076,126.9121187,0,simulation
35.1398274,126.9108395,0,simulation
35.1381583,126.9118536,0,simulation
35.1390043,126.9112469,0,simulation
35.139772,126.9107717,0,simulation
35.1416182,126.9139281,0,simulation
35.1387158,126.9147683,0,simulation
35.1380784,126.915696,0,simulation
35.1387211,126.9118458,0,simulation
35.1377927,126.9119466,0,simulation
35.1399634,126.9175383,0,simulation
35.141159,126.9139264,0,simulation
35.1383394,126.9145942,0,simulation
35.138839,126.914567,0,simulation
35.1381859,126.9122051,0,simulation
35.1412476,126.9138487,0,simulation
35.1399143,126.9143255,0,simulation
35.1412423,126.9145531,0,simulation
35.1394625,126.9117266,0,simulation
35.138027,126.912003,0,simulation
35.138555,126.915639,0,simulation
35.1386536,126.9146785,0,simulation
35.1386226,126.9117561,0,simulation
35.2495335,126.8400973,1,synthetic
35.1399925,126.913813,0,simulation
35.1389808,126.910623,0,simulation
35.1405955,126.9139075,0,simulation
35.1417164,126.9138909,0,simulation
35.1399273,126.9178185,0,simulation
35.1409308,126.9147206,0,simulation
35.138333,126.9122045,0,simulation
35.1382314,126.9528761,1,simulation
35.1402572,126.9177066,0,simulation
35.1384136,126.9159404,0,simulation
35.1409285,126.9145008,0,simulation
35.1405182,126.9178097,0,simulation
35.139111,126.911199,0,simulation
35.1410893,126.9137258,0,simulation
35.1378371,126.9155882,0,simulation
35.1378486,126.9117455,0,simulation
35.1377436,126.9152481,0,simulation
35.1411338,126.9137634,0,simulation
35.1383931,126.9114251,0,simulation
35.1403935,126.9140485,0,simulation
35.1388996,126.9110954,0,simulation
35.1379172,126.9117612,0,simulation
35.1387514,126.9141246,0,simulation
35.1402373,126.9175106,0,simulation
35.1394734,126.9109903,0,simulation
35.1383091,126.9147429,0,simulation
35.1379508,126.9157978,0,synthetic
35.1408277,126.9179911,0,simulation
35.1404299,126.9139835,0,simulation
35.1396021,126.9112802,0,simulation
35.1412178,126.9178617,0,simulation
35.1382043,126.9158328,0,simulation
35.1384435,126.9148607,0,simulation
35.1393115,126.9108787,0,synthetic
35.1392292,126.9108268,0,synthetic
35.1389093,126.9157612,0,simulation
35.1384458,126.9161584,0,simulation
35.138181,126.9153675,0,simulation
35.1382318,126.9159144,0,simulation
35.138985,126.9112192,0,simulation
35.1251071,126.945134,1,simulation
35.1413584,126.9139804,0,simulation
35.1400959,126.9138573,0,simulation
35.1379816,126.9159532,0,simulation
35.1401849,126.9142631,0,simulation
35.1403087,126.9139448,0,simulation
35.1382093,126.915852,0,simulation
35.1376375,126.9116518,0,simulation
35.1380754,126.9154443,0,simulation
35.1558406,126.9149549,1,simulation
35.1380163,126.9117165,0,simulation
35.1378486,126.9115157,0,simulation
35.1385731,126.9159578,0,simulation
35.1416438,126.914362,0,simulation
35.1392746,126.9108261,0,simulation
35.1384407,126.9119545,0,simulation
35.13787,126.9155964,0,simulation
35.1403615,126.9173975,0,simulation
35.1408421,126.9142603,0,simulation
35.1380651,126.9157782,0,simulation
35.1272999,126.8960283,1,simulation
35.1384178,126.9159843,0,simulation
35.1393251,126.9131067,0,synthetic
35.1395336,126.911008,0,simulation
35.1407536,126.9138829,0,simulation
35.1386407,126.9141033,0,simulation
35.1386067,126.9143713,0,simulation
0.0,0.0,1,synthetic
35.1381023,126.9109235,0,simulation
35.1404282,126.913964,0,simulation
35.140542,126.9147307,0,simulation
35.1409758,126.9174405,0,simulation
35.1384191,126.9159802,0,simulation
35.1354859,126.8965112,1,simulation
35.1393783,126.9112309,0,simulation
35.1407307,126.9178105,0,simulation
35.1396469,126.9107387,0,simulation
35.1380525,126.9115342,0,simulation
35.1394327,126.9112518,0,simulation
35.1415481,126.9135736,0,simulation
35.1938969,126.8819561,1,simulation
35.1406056,126.9138352,0,simulation
35.1403387,126.9141795,0,synthetic
35.1384772,126.9146917,0,simulation
35.1384302,126.9116805,0,simulation
35.140881,126.9134954,0,synthetic
35.1409124,126.9145721,0,simulation
35.1314979,126.907897,1,simulation
35.1383008,126.9115515,0,simulation
35.1380051,126.9154859,0,simulation
35.1384866,126.9161361,0,synthetic
35.1387327,126.9141482,0,simulation
35.1405435,126.9178645,0,simulation
35.1408477,126.917965,0,simulation
35.141267,126.9140643,0,simulation
35.1395939,126.9110636,0,simulation
35.1395128,126.9110674,0,synthetic
35.1391913,126.9110904,0,simulation
35.1393632,126.9109777,0,simulation
35.1392513,126.9113996,0,synthetic
35.1378541,126.9117473,0,simulation
35.1384719,126.9153955,0,simulation
35.1403035,126.9177329,0,simulation
35.1402261,126.9141341,0,simulation
35.1385571,126.9119805,0,simulation
0.0,0.0,1,synthetic
35.1381147,126.9159434,0,simulation
35.1378553,126.9123282,0,simulation
35.1410405,126.9141553,0,simulation
35.1378579,126.9116386,0,simulation
35.1383464,126.9163744,0,simulation
35.1409157,126.9141215,0,simulation
35.1406187,126.9175321,0,simulation
35.1390496,126.9116422,0,simulation
35.1381258,126.9156726,0,simulation
35.1410907,126.9139712,0,simulation
35.1386361,126.9117754,0,simulation
35.1398145,126.9110524,0,simulation
35.1377359,126.9162503,0,simulation
35.1375717,126.9159169,0,simulation
35.1411714,126.9139117,0,simulation
35.1378881,126.9120047,0,simulation
35.1378023,126.9116512,0,simulation
35.14055,126.9145158,0,simulation
35.1399498,126.9145994,0,simulation
35.1378256,126.9115457,0,simulation
35.1413731,126.9140926,0,simulation
35.1412424,126.9139069,0,simulation
35.1390817,126.9116113,0,simulation
35.1382373,126.9114155,0,simulation
35.1387776,126.9142115,0,simulation
35.1413633,126.9133985,0,simulation
35.1384032,126.9119743,0,simulation
35.1415294,126.9139997,0,simulation
35.1404492,126.9138811,0,simulation
35.138664,126.9143444,0,simulation
35.1378289,126.9114977,0,simulation
35.1385367,126.9143995,0,simulation
35.140967,126.9141373,0,simulation
35.1411525,126.9140188,0,simulation
35.1403378,126.9142611,0,simulation
35.1381384,126.9117943,0,simulation
35.139071,126.9141072,0,simulation
35.1415512,126.9140902,0,simulation
35.1382836,126.9156362,0,simulation
35.1387722,126.9151186,0,simulation
35.14045,126.9175769,0,simulation
35.1389073,126.9144783,0,simulation
35.1403019,126.9141768,0,simulation
35.1377346,126.9162072,0,simulation
35.138033,126.9123691,0,simulation
35.1401788,126.9181575,0,simulation
35.137673,126.9116812,0,simulation
35.138056,126.9117408,0,simulation
35.1406023,126.9142548,0,simulation
35.141188,126.9136287,0,simulation
35.1391294,126.9147285,0,simulation
35.1405827,126.9138778,0,simulation
35.1381798,126.9114272,0,simulation
35.1380547,126.9156512,0,simulation
35.1382398,126.9115132,0,simulation
35.1394792,126.9110328,0,simulation
35.1383368,126.9160945,0,simulation
35.138162,126.9158437,0,simulation
35.1389062,126.9131438,0,synthetic
35.1378956,126.9156593,0,simulation
35.1385256,126.9151966,0,simulation
35.1375576,126.9118299,0,simulation
35.1387355,126.9117064,0,simulation
35.1247733,126.9449308,1,simulation
35.1396449,126.9142768,0,simulation
35.1415543,126.9138828,0,simulation
35.138124,126.9157191,0,simulation
35.1406722,126.913941,0,simulation
35.1392003,126.9109741,0,simulation
35.1397146,126.9106922,0,simulation
35.1410158,126.9142519,0,simulation
35.1404079,126.9144073,0,simulation
35.1412425,126.913855,0,simulation
35.13876,126.9146327,0,simulation
35.1379798,126.9118521,0,simulation
35.1385854,126.912248,0,simulation
35.1384698,126.9148405,0,simulation
35.1376021,126.9118536,0,simulation
35.1413638,126.9137195,0,simulation
35.1397257,126.9143264,0,simulation
0.0,0.0,1,synthetic
35.1405007,126.9172555,0,simulation
35.1390636,126.9111042,0,simulation
35.1605266,126.9369766,1,simulation
35.1419642,126.9141882,0,simulation
35.1375509,126.9119295,0,simulation
35.1386485,126.9144204,0,simulation
35.1386426,126.9153756,0,simulation
35.1386618,126.9144207,0,simulation
35.1408481,126.914027,0,simulation
35.1382403,126.9159322,0,simulation
35.1405767,126.9143388,0,simulation
35.1415776,126.9140797,0,simulation
35.138905,126.9146071,0,simulation
35.1389647,126.9146515,0,simulation
35.1381445,126.911962,0,simulation
35.1388938,126.9139117,0,simulation
35.1384325,126.9154788,0,simulation
35.1392156,126.911244,0,simulation
35.1382822,126.9148243,0,simulation
35.1349828,126.9147077,0,synthetic
35.1378252,126.9118772,0,simulation
35.1390582,126.9144877,0,simulation
35.1389269,126.9140441,0,simulation
35.1417255,126.9143688,0,simulation
35.1382486,126.9116476,0,simulation
35.1411348,126.9171914,0,simulation
35.1389606,126.9145237,0,simulation
35.1384963,126.9151984,0,simulation
35.1394567,126.9143357,0,simulation
35.1385892,126.9152644,0,simulation
35.1388668,126.9142456,0,simulation
35.1412289,126.9147745,0,simulation
35.141582,126.9139606,0,simulation
35.1381949,126.9127344,0,simulation
35.1375401,126.9156779,0,simulation
35.1374587,126.9136438,0,synthetic
35.1393571,126.9106619,0,simulation
35.1378923,126.9158993,0,simulation
35.1390219,126.9139974,0,simulation
35.1389304,126.9143938,0,simulation
35.1386558,126.915279,0,simulation
35.1387172,126.9141298,0,simulation
35.1386632,126.9152663,0,simulation
35.1378369,126.911382,0,simulation
35.1405206,126.9173633,0,simulation
35.1379731,126.9151527,0,simulation
35.1373433,126.9128862,0,synthetic
35.1385872,126.9113249,0,simulation
35.0801201,126.8021543,1,synthetic
35.1381195,126.9160183,0,simulation
35.1376283,126.9154315,0,simulation
35.1383981,126.9184993,1,simulation
35.1378398,126.9117565,0,simulation
35.1403937,126.9172158,0,simulation
35.138731,126.9144024,0,simulation
35.1415469,126.9136694,0,simulation
35.1394128,126.9108649,0,simulation
35.1409133,126.9178014,0,simulation
35.1402619,126.913879,0,simulation
35.1413011,126.9136755,0,simulation
35.1389469,126.9124188,0,simulation
35.1383447,126.9119494,0,simulation
35.140466,126.9173632,0,simulation
35.1383649,126.9147079,0,simulation
35.1400766,126.9141331,0,simulation
35.138436,126.9118948,0,simulation
35.140075,126.9174486,1,simulation
35.1380929,126.9121016,0,simulation
35.1378231,126.9117806,0,simulation
35.1378289,126.9116896,0,simulation
35.1404456,126.9179938,0,simulation
35.1400377,126.9172319,0,synthetic
35.1417623,126.9138476,0,simulation
35.1394712,126.911326,0,simulation
35.1411451,126.9136397,0,simulation
35.1378218,126.911965,0,simulation
35.1411058,126.9141528,0,simulation
35.1382988,126.9119051,0,synthetic
35.1395389,126.9112129,0,simulation
35.1389526,126.9144445,0,synthetic
35.1405228,126.9143715,0,simulation
35.1416909,126.9081705,0,synthetic
35.1407969,126.9178805,0,simulation
35.1413454,126.9144107,0,simulation
35.1377538,126.9116576,0,simulation
35.141478,126.9137406,0,simulation
35.1415293,126.913635,0,simulation
35.1389799,126.9143227,0,simulation
35.1390364,126.9140577,0,simulation
35.1382058,126.9158167,0,synthetic
35.1403742,126.9140958,0,simulation
35.1378636,126.9159177,0,simulation
35.1396457,126.9112444,0,simulation
35.1408101,126.9139564,0,simulation
35.1384148,126.9119429,0,simulation
35.1396057,126.9116911,0,simulation
35.140776,126.9174451,0,simulation
35.1376963,126.9118605,0,simulation
35.1381716,126.9151456,0,simulation
35.1334408,126.9190692,1,simulation
35.1377563,126.9119593,0,simulation
35.1380037,126.9116214,0,simulation
0.0,0.0,1,synthetic
35.1406325,126.9142805,0,simulation
35.1389313,126.9142309,0,simulation
35.1415812,126.9139928,0,synthetic
35.1401319,126.9144007,0,simulation
35.1365702,126.9358221,1,simulation
35.1403693,126.9178568,0,simulation
35.1393527,126.9110821,0,synthetic
35.1409683,126.9137552,0,simulation
35.1381901,126.9157865,0,simulation
35.1384989,126.9160294,0,simulation
35.138416,126.9138553,0,synthetic
35.1402137,126.9140504,0,simulation
35.14084,126.9144395,0,simulation
35.1414882,126.9144525,0,simulation
35.1380356,126.9153636,0,simulation
35.1395844,126.9107369,0,simulation
35.1382702,126.9114273,0,simulation
35.1407585,126.9144102,0,simulation
35.1407488,126.913944,0,simulation
35.1383994,126.9152055,0,simulation
35.1382023,126.9111596,0,simulation
35.1379214,126.9157879,0,simulation
35.1414135,126.9139495,0,simulation
35.1383737,126.9122436,0,simulation
35.1384048,126.914435,0,simulation
35.1413061,126.9140257,0,simulation
35.1403693,126.917639,0,simulation
35.1401281,126.9120535,0,synthetic
35.125169,126.9195754,1,simulation
35.1402639,126.9145147,0,simulation
35.1378243,126.9114512,0,synthetic
35.1393146,126.9135192,0,synthetic
35.1378665,126.9118641,0,simulation
35.1380883,126.9117347,0,simulation
35.1381244,126.914446,0,simulation
35.1779166,126.910165,1,simulation
35.1393399,126.9108495,0,simulation
35.1696893,126.9282505,1,simulation
35.1377944,126.9160715,0,simulation
35.1406985,126.9173986,0,simulation
35.1380012,126.9119389,0,simulation
35.1410189,126.9142103,0,simulation
35.1405589,126.9177012,0,synthetic
35.1383194,126.9163612,0,simulation
35.1390556,126.912165,0,simulation
35.1383818,126.9145164,0,simulation
35.1588636,126.8887202,1,simulation
35.1376011,126.9157282,0,simulation
35.139284,126.9113375,0,simulation
35.1390457,126.9144212,0,simulation
35.1380611,126.9151958,0,simulation
35.1406107,126.914583,0,simulation
35.1416345,126.914495,0,simulation
35.1381281,126.9158561,0,simulation
35.1375086,126.9114808,0,simulation
35.1405438,126.9145149,0,simulation
35.1167281,126.8849356,1,simulation
35.1396941,126.9110589,0,simulation
35.1381397,126.9118136,0,simulation
35.1403135,126.9174857,0,simulation
35.1382242,126.9159334,0,simulation
35.1393025,126.9118779,0,simulation
35.1404169,126.9173599,0,simulation
35.1381292,126.9123071,0,simulation
35.148499,126.9570496,1,simulation
35.1409503,126.9178985,0,simulation
35.13815,126.9116005,0,simulation
35.1378588,126.9115785,0,synthetic
35.1117202,126.8975165,1,simulation
35.1387061,126.911929,0,simulation
35.1382448,126.9159217,0,synthetic
35.1382909,126.9159259,0,simulation
35.1384695,126.9156355,0,simulation
35.1390774,126.9137064,0,synthetic
35.1401091,126.917237,0,simulation
35.1412858,126.9136869,0,simulation
35.1388613,126.9111736,0,simulation
35.1377498,126.9121685,0,simulation
35.1381762,126.9159112,0,simulation
35.1383678,126.9117119,0,simulation
35.1197137,126.8961578,1,simulation
35.1385011,126.9117321,0,simulation
35.1382072,126.9157351,0,simulation
35.139004,126.9145204,0,simulation
35.1415833,126.9139775,0,simulation
35.1445994,126.941741,1,simulation
35.1385056,126.9154292,0,simulation
35.1382897,126.9158278,0,simulation
35.1385249,126.9144474,0,simulation
35.1401531,126.9177421,0,simulation
35.1371364,126.9068071,1,simulation
35.1379632,126.9157991,0,simulation
35.1387703,126.9121234,0,simulation
35.1394067,126.9106292,0,simulation
35.1393625,126.9108582,0,simulation
35.1384489,126.915717,0,simulation
35.1378774,126.916229,0,simulation
35.138301,126.9164849,0,simulation
35.1412215,126.9138752,0,simulation
35.1380104,126.9119881,0,simulation
35.1387111,126.9143116,0,simulation
35.1400649,126.9171895,0,simulation
35.146001,126.9126722,0,synthetic
35.1382248,126.9156978,0,simulation
35.1404439,126.9141156,0,simulation
35.1381348,126.9156829,0,simulation
35.1384337,126.914787,0,synthetic
35.1402011,126.9141212,0,simulation
35.1418983,126.9141669,0,simulation
35.1389366,126.9146711,0,simulation
35.13865,126.9120355,0,simulation
35.1391368,126.9110319,0,simulation
35.1403752,126.9177446,0,simulation
35.1406217,126.9170957,0,simulation
35.1389759,126.9112079,0,simulation
35.1388554,126.9145664,0,synthetic
35.1381384,126.9159134,0,simulation
35.1385355,126.9109291,0,simulation
35.14077,126.9178084,0,simulation
35.1381845,126.9122862,0,simulation
35.1406763,126.9110828,0,synthetic
35.140708,126.9172075,0,simulation
35.1384244,126.9158687,0,simulation
35.1814668,126.980054,1,synthetic
35.1405711,126.9144257,0,simulation
35.1665019,126.9490938,1,simulation
35.1379999,126.912393,0,simulation
35.1388794,126.9121927,0,simulation
35.1253046,126.9340351,1,simulation
35.1402635,126.9139298,0,simulation
35.1406857,126.9140496,0,simulation
35.1413787,126.913645,0,simulation
35.1382811,126.9158591,0,simulation
35.1411539,126.9142105,0,simulation
35.1384156,126.9120841,0,simulation
35.1389956,126.9145086,0,simulation
35.1379999,126.9120091,0,simulation
35.1380101,126.9157123,0,simulation
35.138165,126.9143475,0,simulation
35.1406604,126.9174975,0,simulation
35.140694,126.9173804,0,simulation
35.1179155,126.9152117,1,simulation
35.1381135,126.9116207,0,simulation
35.1402943,126.9178133,0,simulation
35.1378865,126.9158021,0,simulation
35.1384937,126.9154942,0,simulation
35.141787,126.9141498,0,simulation
35.1379111,126.9165367,0,simulation
35.138683,126.9118265,0,simulation
35.1393829,126.9114403,0,simulation
35.1374706,126.9117075,0,simulation
35.1391745,126.9146611,0,simulation
35.1382454,126.9157292,0,simulation
35.1382589,126.915986,0,simulation
35.1388714,126.9144493,0,simulation
35.1417546,126.9142637,0,simulation
35.1391475,126.9112506,0,simulation
35.1386886,126.914672,0,simulation
35.1403471,126.9172504,0,simulation
35.1388704,126.9142584,0,simulation
35.139679,126.9110849,0,simulation
35.1387142,126.9154658,0,simulation
35.1380679,126.9122881,0,simulation
35.1382664,126.9157775,0,simulation
35.140819,126.9175195,0,simulation
35.1407261,126.9141341,0,synthetic
35.1386699,126.9145866,0,simulation
35.1402959,126.9179927,0,simulation
35.1416758,126.91426,0,synthetic
35.1379704,126.9156657,0,simulation
35.1375286,126.9116366,0,simulation
35.1407527,126.9137669,0,simulation
35.1384499,126.9155958,0,simulation
35.1378922,126.9156272,0,simulation
35.1380327,126.915882,0,simulation
35.1389802,126.9112104,0,simulation
35.1406229,126.9174542,0,synthetic
35.1384697,126.9142348,0,simulation
35.1382522,126.9118323,0,simulation
35.1386042,126.9147218,0,simulation
35.1378696,126.9115593,0,simulation
35.1392044,126.9109231,0,simulation
35.1406332,126.9140543,0,simulation
35.1381606,126.9151576,0,synthetic
35.14045,126.914572,0,simulation
35.1379515,126.9115656,0,simulation
35.1402215,126.9174839,0,simulation
35.1403767,126.9172327,0,simulation
35.1382449,126.9115587,0,simulation
35.1387203,126.9138638,0,simulation
35.1387496,126.9154547,0,simulation
35.1383828,126.915874,0,simulation
35.1386461,126.9109217,0,simulation
35.1381718,126.9119469,0,simulation
35.1413643,126.9141165,0,simulation
35.1379151,126.9118965,0,simulation
35.1383263,126.9352734,1,simulation
35.1394792,126.9107253,0,simulation
35.1385614,126.9141661,0,simulation
35.1401728,126.9136445,0,simulation
35.1380981,126.9159065,0,simulation
35.138666,126.9159815,0,simulation
35.1288779,126.9093915,1,simulation
35.1402677,126.9139752,0,simulation
35.1386061,126.9154782,0,simulation
35.1403701,126.9172599,0,simulation
35.1398681,126.9145512,0,simulation
35.138307,126.9159061,0,simulation
35.1390153,126.9120005,0,simulation
35.1382396,126.9119759,0,simulation
35.1385045,126.9163291,0,simulation
35.1385436,126.9122641,0,simulation
35.1406796,126.9171189,0,simulation
35.1385373,126.9160399,0,simulation
35.1374673,126.9156393,0,simulation
35.1393003,126.9115548,0,simulation
0.0,0.0,1,synthetic
35.1385315,126.9158464,0,simulation
35.1383287,126.9121665,0,simulation
35.138396,126.9160548,0,simulation
35.1382107,126.9119484,0,simulation
35.1378113,126.9156781,0,simulation
35.1381462,126.9154245,0,simulation
35.1381941,126.9125871,0,simulation
35.137021,126.9115515,0,simulation
35.1385684,126.9116782,0,simulation
35.1386904,126.9117602,0,simulation
35.1414044,126.9135758,0,simulation
35.1392015,126.911573,0,simulation
35.1377358,126.9111144,0,simulation
35.1410807,126.9140572,0,synthetic
35.1383616,126.9115914,0,simulation
35.1416209,126.9135872,0,simulation
35.1382136,126.9160762,0,simulation
35.1402574,126.9144053,0,simulation
35.1411917,126.9136734,0,simulation
35.1388029,126.9141257,0,simulation
35.14083,126.91733,0,simulation
35.1407716,126.9169129,0,simulation
35.1388874,126.9146442,0,simulation
35.1387561,126.9146787,0,simulation
35.1381823,126.9157282,0,simulation
35.1385097,126.9148616,0,simulation
35.1387148,126.9148565,0,simulation
35.1384331,126.9161406,0,simulation
35.1414145,126.9138547,0,simulation
35.1383633,126.916579,0,simulation
35.1404279,126.917801,0,simulation
35.1379114,126.9153673,0,simulation
35.1386213,126.9120759,0,simulation
35.1400712,126.9143837,0,simulation
35.138895,126.9152461,0,simulation
35.1413618,126.9140864,0,simulation
35.1412412,126.9139449,0,simulation
35.138505,126.9121526,0,simulation
35.1379849,126.9159742,0,simulation
35.1379709,126.915429,0,simulation
35.137491,126.9116057,0,simulation
35.1414105,126.9139842,0,simulation
35.1409044,126.9181543,0,simulation
35.1384168,126.9159025,0,simulation
35.1414927,126.9139623,0,simulation
35.1392773,126.9113767,0,simulation
35.1407506,126.9183363,0,simulation
35.1384184,126.9123562,0,simulation
35.1383092,126.9113549,0,simulation
35.1391181,126.9144256,0,simulation
35.1671547,126.9189492,1,simulation
35.1386325,126.9145826,0,simulation
35.1386601,126.9119796,0,simulation
35.1394135,126.910856,0,simulation
35.139193,126.911354,0,simulation
35.1402049,126.9173278,0,simulation
35.140198,126.9145397,0,simulation
35.1374855,126.9117734,0,simulation
35.1405497,126.9139845,0,simulation
35.1380578,126.9161057,0,simulation
35.1397273,126.9113693,0,simulation
35.1414328,126.9178509,0,simulation
35.1415901,126.9141812,0,simulation
35.1413483,126.9143019,0,simulation
35.1384693,126.9144757,0,simulation
35.0767573,126.9734648,1,synthetic
35.1383801,126.9155754,0,simulation
35.1387056,126.9143767,0,simulation
35.1380411,126.916083,0,simulation
35.1395772,126.9109084,0,simulation
35.1378883,126.9113546,0,simulation
35.1384749,126.9144921,0,simulation
35.1381022,126.9120503,0,simulation
35.1377611,126.911712,0,simulation
35.1404743,126.9171967,0,simulation
35.138353,126.9114858,0,simulation
35.1401654,126.9139591,0,simulation
35.1402766,126.9146591,0,simulation
35.137948,126.9118677,0,simulation
35.1379677,126.9157341,0,simulation
35.1382145,126.9111289,0,simulation
35.1384038,126.9121293,0,simulation
35.1510307,126.85871,1,synthetic
35.1404488,126.9182505,0,simulation
35.1380983,126.9162837,0,simulation
35.1401816,126.9139168,0,simulation
35.1387344,126.911112,0,simulation
35.14061,126.9173837,0,simulation
35.1386552,126.9111768,0,simulation
35.1412334,126.9146604,0,simulation
35.1402011,126.9177703,0,simulation
35.2478184,126.8375324,1,synthetic
35.1407212,126.9173307,0,simulation
35.1386198,126.9145464,0,simulation
35.1380955,126.9161258,0,simulation
35.1411658,126.9137614,0,synthetic
35.1377886,126.9116178,0,simulation
35.1397862,126.9108763,0,synthetic
35.1403576,126.9176044,0,simulation
35.1381323,126.9156067,0,simulation
35.1379583,126.9153847,0,simulation
35.1405962,126.9144392,0,simulation
35.1393708,126.9144444,0,simulation
35.1389476,126.9143687,0,simulation
35.1400684,126.9136234,0,simulation
35.1374206,126.9114929,0,simulation
35.1383915,126.9162244,0,simulation
35.1381089,126.9117946,0,simulation
35.1379655,126.912037,0,simulation
35.1400344,126.9170581,0,simulation
35.137767,126.9117581,0,simulation
35.1394811,126.9111195,0,simulation
35.138881,126.9118079,0,simulation
35.1376863,126.9116897,0,simulation
35.1391869,126.9053099,1,simulation
35.1396,126.914641,0,simulation
35.1392424,126.910596,0,simulation
35.1388455,126.9161334,0,simulation
35.1382516,126.9157456,0,simulation
35.1384747,126.9159338,0,simulation
35.1412671,126.9139315,0,simulation
35.1387142,126.9150074,0,simulation
35.1379213,126.9155256,0,simulation
35.1401734,126.9144123,0,simulation
35.1039447,126.9205615,1,simulation
35.1374119,126.9120358,0,simulation
35.1380808,126.9157138,0,simulation
35.1387837,126.912433,0,synthetic
35.1387746,126.9149551,0,simulation
35.1407955,126.9172319,0,simulation
35.1380721,126.9154642,0,synthetic
35.1378915,126.9120679,0,simulation
35.1382041,126.915896,0,simulation
35.1369456,126.9109414,0,synthetic
35.1386396,126.916277,0,simulation
35.1374321,126.9109198,0,synthetic
35.1390686,126.91111,0,simulation
35.1413099,126.9140638,0,simulation
35.1392816,126.9111546,0,simulation
35.1387697,126.9161626,0,simulation
35.1379571,126.9153279,0,simulation
35.1408284,126.9142657,0,simulation
35.1690379,127.0478112,1,synthetic
35.1404189,126.9176246,0,simulation
35.1385649,126.9159291,0,simulation
35.1379504,126.9163525,0,simulation
35.1410257,126.9141123,0,simulation
35.1384831,126.9148426,0,simulation
35.1386574,126.9124414,0,simulation
35.1381428,126.9147323,0,simulation
35.1611755,126.874353,1,synthetic
35.1387337,126.9121475,0,simulation
35.138466,126.9153456,0,simulation
35.1384597,126.9117229,0,simulation
35.1382814,126.9160287,0,simulation
35.1386639,126.9117961,0,simulation
35.1406361,126.914113,0,simulation
35.1397294,126.9144356,0,synthetic
35.1376106,126.9155439,0,simulation
35.1406826,126.9145639,0,simulation
35.1406748,126.9144455,0,simulation
35.1414909,126.9140618,0,simulation
35.1381328,126.9153931,0,simulation
35.1384662,126.9158799,0,simulation
35.1396742,126.9113098,0,simulation
35.1392529,126.9114464,0,simulation
35.140268,126.9171518,0,simulation
35.1379815,126.9121959,0,simulation
35.1403582,126.9175573,0,simulation
35.1388915,126.9143823,0,simulation
35.137861,126.9160045,0,synthetic
35.1384661,126.9153037,0,simulation
35.1388913,126.9148901,0,simulation
35.1403223,126.9175181,0,simulation
35.1397175,126.9107551,0,simulation
35.1390154,126.9116931,0,simulation
35.1404411,126.9174178,0,simulation
35.1406595,126.917489,0,simulation
35.1375999,126.9117679,0,synthetic
35.1382444,126.9119942,0,simulation
35.1379924,126.9119853,0,simulation
35.139282,126.911369,0,simulation
35.1404193,126.9139233,0,simulation
35.1405187,126.9178944,0,synthetic
35.138693,126.9124701,0,synthetic
35.1352323,126.9132002,0,synthetic
35.138487,126.9117629,0,simulation
35.1407275,126.9142408,0,simulation
35.1390975,126.9109464,0,simulation
35.1413776,126.9142836,0,simulation
35.1375849,126.9116049,0,simulation
35.139588,126.9109447,0,simulation
35.1377219,126.9150517,0,simulation
35.1642817,126.951284,1,simulation
35.1391432,126.9108183,0,synthetic
35.1415499,126.9144155,0,simulation
35.1384834,126.9152598,0,simulation
35.141166,126.9140145,0,simulation
35.1377728,126.9119049,0,simulation
35.1379794,126.9123244,0,simulation
35.1409929,126.9141589,0,simulation
35.1380454,126.9157895,0,simulation
35.1383692,126.9142425,0,simulation
35.1376137,126.9120032,0,synthetic
35.1378053,126.9158501,0,simulation
35.1385099,126.914539,0,simulation
35.1384155,126.9121966,0,simulation
35.1394296,126.9113625,0,simulation
35.1390176,126.9126925,0,simulation
35.1381531,126.9118861,0,simulation
35.1380915,126.9145152,0,simulation
35.1380897,126.915133,0,simulation
35.140292,126.9175232,0,simulation
35.138086,126.9118626,0,simulation
35.1399589,126.9142484,0,simulation
35.1380414,126.9119807,0,simulation
35.1416105,126.9139947,0,synthetic
35.1461882,126.9165828,1,simulation
35.1409989,126.9172794,0,simulation
35.140455,126.9173122,0,simulation
35.1381076,126.9160244,0,simulation
35.1380694,126.9123182,0,simulation
35.1385705,126.9151278,0,simulation
35.1384554,126.9158237,0,synthetic
35.1382383,126.9157401,0,simulation
35.1415872,126.9142623,0,simulation
35.1408744,126.9131895,0,simulation
35.1399269,126.911354,0,simulation
35.1380083,126.9159988,0,simulation
35.1390548,126.9156208,0,simulation
35.1110961,126.8627132,1,synthetic
35.1407679,126.917232,0,simulation
35.1398063,126.9139903,0,simulation
35.1384939,126.916315,0,simulation
35.1395861,126.9113216,0,simulation
35.1366842,126.9070971,0,synthetic
35.1381071,126.9118515,0,simulation
35.1376349,126.9117681,0,simulation
35.1410602,126.9137643,0,simulation
35.1386303,126.9142788,0,simulation
35.141748,126.913995,0,simulation
35.138383,126.9142944,0,simulation
35.1383259,126.9151342,0,simulation
35.138379,126.9140486,0,simulation
35.1390816,126.9110149,0,simulation
35.1407329,126.9144141,0,simulation
35.1376861,126.9156117,0,simulation
35.1385037,126.9122941,0,synthetic
35.138547,126.9158051,0,simulation
35.1400611,126.9140271,0,simulation
35.1388186,126.9119702,0,simulation
35.1386219,126.9159731,0,simulation
35.138298,126.9152082,0,simulation
35.122314,126.8996078,1,simulation
35.1384667,126.9152227,0,simulation
35.1408531,126.9176297,0,simulation
35.1339916,126.8951172,1,simulation
35.1382622,126.9119484,0,simulation
35.1390542,126.9143159,0,synthetic
35.138023,126.911576,0,simulation
35.1380914,126.9156305,0,simulation
35.1378689,126.9120936,0,simulation
35.1394383,126.9112265,0,simulation
35.1377659,126.9119973,0,simulation
35.1390107,126.9148376,0,simulation
35.1383645,126.9122084,0,simulation
35.1379642,126.9118952,0,simulation
35.1382433,126.915585,0,simulation
35.1428642,126.912604,0,synthetic
35.1387423,126.9142873,0,simulation
35.1405603,126.9141723,0,simulation
35.1402155,126.9178212,0,simulation
35.1379428,126.9157467,0,simulation
35.1413035,126.9138405,0,synthetic
35.1374936,126.9156104,0,simulation
35.1377882,126.9117145,0,simulation
35.1380586,126.915894,0,simulation
35.1380923,126.9159379,0,simulation
35.1405496,126.9141179,0,simulation
35.1388403,126.9155003,0,simulation
35.1381264,126.9144528,0,simulation
35.1383433,126.9121412,0,simulation
35.1405762,126.9169904,0,simulation
35.1414075,126.9136438,0,simulation
35.1380916,126.9158097,0,simulation
35.1374827,126.9113317,0,simulation
35.1382976,126.9141808,0,simulation
35.1300312,126.9471344,1,simulation
35.1392288,126.9142436,0,simulation
35.1455016,126.9181842,1,simulation
35.1383812,126.9159191,0,simulation
35.1378718,126.9119846,0,simulation
35.1385583,126.9152873,0,simulation
35.141243,126.9135689,0,simulation
35.1382329,126.9158898,0,simulation
35.1383589,126.9155102,0,simulation
35.1376193,126.9118119,0,simulation
35.1386466,126.9080318,1,simulation
35.1386215,126.9147485,0,simulation
35.1386345,126.912126,0,simulation
35.1404837,126.9173604,0,simulation
35.1402858,126.9146576,0,simulation
35.1382561,126.915465,0,simulation
35.1388627,126.914363,0,simulation
35.1414993,126.9137262,0,simulation
35.1403926,126.9145803,0,simulation
35.140708,126.9182052,0,simulation
35.1385869,126.9114991,0,simulation
35.1385218,126.9147543,0,simulation
35.1407831,126.9141027,0,simulation
35.1603783,126.9090797,1,simulation
35.1402245,126.9143528,0,simulation
35.1390686,126.9141159,0,simulation
35.1404904,126.9177224,0,simulation
35.1375136,126.9159098,0,simulation
35.1400565,126.917718,0,simulation
35.1376143,126.9155797,0,simulation
0.0,0.0,1,synthetic
35.1404172,126.9144315,0,simulation
35.1415084,126.9140166,0,simulation
35.1334763,126.8950258,1,simulation
35.1378948,126.9118763,0,simulation
35.1405162,126.9177286,0,simulation
35.1381098,126.9159879,0,simulation
35.1387455,126.9150175,0,simulation
35.1385033,126.9117861,0,simulation
35.1391225,126.9112772,0,simulation
35.1390137,126.9144348,0,simulation
35.1388481,126.9116901,0,simulation
35.1378738,126.9157484,0,simulation
35.1383847,126.9153936,0,simulation
35.1393736,126.911264,0,simulation
35.138193,126.9162384,0,simulation
35.1379024,126.9154692,0,simulation
35.1381857,126.9155455,0,simulation
35.1377434,126.9118718,0,simulation
35.1335535,126.9250374,1,simulation
35.1394349,126.9107201,0,simulation
35.1383507,126.9107177,0,synthetic
35.1389567,126.912022,0,simulation
35.1388619,126.9118432,0,simulation
35.137731,126.9152998,0,simulation
35.1381683,126.9153845,0,simulation
35.1385335,126.9118956,0,synthetic
35.1387768,126.9146804,0,synthetic
35.1379267,126.914301,0,simulation
35.1396336,126.9146118,0,simulation
35.1386165,126.9143372,0,simulation
35.1383917,126.911733,0,simulation
35.1383187,126.9123784,0,simulation
35.138494,126.9146381,0,simulation
35.140022,126.9145267,0,simulation
35.1382591,126.9119613,0,simulation
35.1390336,126.9109875,0,simulation
35.1235245,126.9381414,1,simulation
35.1382825,126.9123434,0,simulation
35.1390074,126.9116646,0,simulation
35.1387135,126.9142715,0,simulation
35.1376396,126.9153207,0,simulation
35.1377405,126.9161291,0,simulation
35.1380168,126.9151108,0,simulation
35.1404201,126.9172752,0,simulation
35.1197944,126.906977,1,simulation
35.1389959,126.9152438,0,simulation
35.1397154,126.9116488,0,simulation
35.148657,126.9144192,1,simulation
35.1409293,126.9173955,0,simulation
35.1382562,126.9163252,0,simulation
35.1398264,126.9144281,0,simulation
35.1382628,126.9158202,0,simulation
35.1376259,126.911664,0,simulation
35.1388926,126.9149998,0,simulation
35.1385955,126.9143883,0,simulation
35.1405758,126.9176054,0,simulation
35.1416523,126.9139874,0,simulation
35.1385533,126.9143552,0,simulation
35.1382587,126.915621,0,simulation
35.1382511,126.9118723,0,simulation
35.1384205,126.9148307,0,simulation
35.1414354,126.913997,0,simulation
35.1675044,126.9660862,1,synthetic
35.1380821,126.9116874,0,simulation
35.1401595,126.9139267,0,simulation
35.1385759,126.9151185,0,simulation
35.121033,126.9131126,1,synthetic
35.1381865,126.9117011,0,simulation
35.1384747,126.9159013,0,simulation
35.1406248,126.9176153,0,simulation
35.139706,126.911083,0,simulation
35.1413281,126.913978,0,synthetic
35.1378819,126.9120931,0,simulation
35.1383232,126.9162888,0,simulation
35.1388601,126.9148088,0,simulation
35.1413171,126.9143821,0,synthetic
35.140245,126.9177892,0,simulation
35.1415328,126.9137986,0,simulation
35.1404016,126.9175833,0,simulation
35.1374662,126.912095,0,simulation
35.1394321,126.9109978,0,simulation
35.1376068,126.915183,0,simulation
35.1388775,126.9147714,0,simulation
35.1413661,126.9139041,0,simulation
35.138074,126.9184029,0,synthetic
35.141559,126.9135088,0,simulation
35.1382216,126.9119232,0,simulation
35.1416075,126.9142892,0,simulation
35.1754331,126.8927111,1,simulation
35.139196,126.9116794,0,simulation
35.1563961,126.8965776,1,simulation
35.1388131,126.911756,0,simulation
35.1386493,126.9163809,0,simulation
35.1404122,126.9177078,0,simulation
35.1415311,126.9138333,0,simulation
35.1419554,126.9136402,0,simulation
35.1387989,126.9157897,0,simulation
35.1414347,126.9143022,0,simulation
35.1383116,126.9162786,0,simulation
35.1377261,126.9153087,0,simulation
35.1531491,126.9127701,1,simulation
35.1389619,126.9140326,0,simulation
35.138311,126.9329314,1,simulation
35.1257242,126.8962919,1,synthetic
35.1386265,126.9144659,0,simulation
35.1414597,126.9139397,0,simulation
35.1372317,126.9117102,0,simulation
35.1376332,126.9120499,0,simulation
35.1394107,126.9116329,0,simulation
35.1405329,126.9179069,0,simulation
35.1408382,126.9139167,0,simulation
35.1382078,126.911597,0,simulation
35.1382414,126.9119189,0,simulation
35.1400574,126.9176735,0,simulation
35.1392712,126.9106617,0,simulation
35.13773,126.9118993,0,simulation
35.1379667,126.915763,0,simulation
35.1388971,126.9111103,0,simulation
35.1380239,126.9115073,0,simulation
35.1384043,126.9119439,0,simulation
35.1411256,126.9138453,0,simulation
35.1378626,126.9155901,0,simulation
35.1410917,126.914268,0,simulation
35.1404251,126.9140706,0,simulation
35.1374684,126.9120883,0,simulation
35.137789,126.916205,0,simulation
35.1385398,126.9141382,0,simulation
0.0,0.0,1,synthetic
35.1405797,126.9178176,0,simulation
35.1413189,126.9137137,0,simulation
35.1385448,126.9154389,0,simulation
35.1388469,126.9138441,0,simulation
35.1378195,126.9112831,0,simulation
35.1269044,126.9094664,1,simulation
35.1389891,126.9139245,0,simulation
35.1411862,126.9140231,0,simulation
35.138601,126.9116261,0,simulation
35.1382352,126.9156515,0,simulation
35.137298,126.9117274,0,simulation
35.1400605,126.9172755,0,simulation
35.1409577,126.9141158,0,simulation
35.1854951,126.8935448,1,simulation
35.1381321,126.9159592,0,simulation
35.1379301,126.9117896,0,simulation
35.1404721,126.9142588,0,simulation
35.1408099,126.9145932,0,simulation
35.1412011,126.914146,0,simulation
35.1392013,126.9161862,0,simulation
35.139935,126.9108333,0,simulation
35.1413012,126.9137161,0,simulation
35.1393913,126.9107825,0,simulation
35.1387924,126.9147324,0,simulation
35.1387788,126.914743,0,simulation
35.1380844,126.9110476,0,simulation
35.1402967,126.9142536,0,simulation
35.1400891,126.9172935,0,simulation
35.1389416,126.9146704,0,simulation
35.138325,126.9154196,0,simulation
35.1411317,126.9138971,0,simulation
35.1385971,126.9145748,0,simulation
35.1381085,126.911957,0,simulation
35.1382481,126.9119739,0,simulation
35.1377615,126.9155519,0,simulation
35.1379577,126.9116625,0,synthetic
35.1386088,126.9117865,0,simulation
35.1412652,126.9142993,0,simulation
35.1379255,126.9119308,0,synthetic
35.1383738,126.9120822,0,simulation
35.1379209,126.9119839,0,simulation
35.1315785,126.9140177,1,simulation
35.1410262,126.9138418,0,simulation
35.1403497,126.9180888,0,simulation
35.138308,126.9154506,0,simulation
35.140559,126.9173467,0,synthetic
35.1379444,126.9157237,0,simulation
35.1384712,126.9120667,0,simulation
35.1402419,126.9171518,0,simulation
35.1383627,126.9119511,0,simulation
35.1377868,126.9159145,0,simulation
35.1394851,126.9105154,0,simulation
35.1406252,126.9144466,0,simulation
35.1381581,126.9117885,0,simulation
35.1405704,126.9141993,0,simulation
35.1709455,126.8998026,1,simulation
35.1405833,126.9171853,0,simulation
35.1407749,126.9145341,0,simulation
35.1387385,126.9144862,0,simulation
35.1403352,126.9140329,0,simulation
35.1386653,126.9141863,0,simulation
35.1389268,126.9146203,0,simulation
35.1384127,126.9162955,0,simulation
35.1381368,126.9118207,0,simulation
35.1373676,126.91166,0,simulation
35.1405274,126.9136633,0,simulation
35.1394883,126.9121175,0,simulation
35.1408785,126.9173786,0,simulation
35.1384849,126.9154331,0,simulation
35.1413785,126.9144335,0,simulation
35.1404923,126.9140192,0,simulation
35.1395121,126.9111347,0,simulation
35.1406337,126.9170371,0,simulation
35.1401097,126.9177579,0,simulation
35.1384727,126.9157301,0,simulation
35.1378151,126.9154029,0,simulation
35.1379569,126.9117759,0,simulation
35.1416495,126.9138488,0,simulation
35.1382232,126.9159889,0,simulation
35.1380917,126.9121555,0,simulation
35.1413827,126.9140168,0,simulation
35.1415661,126.9140279,0,simulation
35.1399851,126.911392,0,simulation
35.07115,126.8845764,1,synthetic
35.1379852,126.9117992,0,simulation
35.1229852,126.9398889,1,simulation
35.1408286,126.9176214,0,simulation
35.1393936,126.9104821,0,simulation
35.1380491,126.911561,0,simulation
35.1391474,126.9118929,0,simulation
35.1373305,126.9119404,0,simulation
35.1410853,126.9179877,0,simulation
35.1383884,126.9142366,0,simulation
35.1390962,126.910943,0,simulation
35.1404438,126.9142631,0,simulation
35.1419838,126.9139473,0,simulation
35.1377362,126.9118916,0,simulation
35.1377645,126.9116866,0,simulation
35.1421577,126.9139018,0,simulation
35.1575881,126.9273817,1,simulation
35.1410339,126.9176863,0,simulation
35.1402893,126.9142841,0,simulation
35.1380086,126.9114828,0,simulation
35.140467,126.9137164,0,simulation
35.1388919,126.9110513,0,simulation
35.1383176,126.9154783,0,simulation
35.1383864,126.914214,0,simulation
35.1404059,126.9176645,0,simulation
35.1383575,126.9117353,0,simulation
35.1383421,126.9160474,0,simulation
35.1391928,126.911337,0,simulation
35.1410643,126.9177255,0,simulation
35.140904,126.9180118,0,simulation
35.1391086,126.9105214,0,simulation
35.1387708,126.91445,0,simulation
35.0721642,126.9521649,1,synthetic
35.1403033,126.9139658,0,simulation
35.1387041,126.9145159,0,simulation
35.1383589,126.9141317,0,simulation
35.1415733,126.9133235,0,simulation
35.138331,126.9156463,0,simulation
35.1392096,126.9108679,0,simulation
35.1390284,126.9107384,0,simulation
35.1384921,126.9117191,0,simulation
35.1387576,126.9165615,0,simulation
35.1384209,126.91469,0,simulation
35.1419129,126.9151979,0,synthetic
35.1394708,126.9109606,0,simulation
35.1383911,126.9157471,0,simulation
35.1414566,126.9174613,0,simulation
35.1403992,126.9177271,0,simulation
35.1729933,126.891006,1,simulation
35.1386972,126.9141599,0,simulation
35.1400539,126.9143353,0,simulation
35.1386984,126.9141552,0,simulation
35.1408562,126.9171308,0,simulation
35.1401788,126.9171868,0,simulation
35.1404819,126.9146178,0,synthetic
35.1380761,126.9156494,0,simulation
35.1406673,126.9169829,0,simulation
35.141373,126.913826,0,simulation
35.1394221,126.9109527,0,simulation
35.1414777,126.9139992,0,simulation
35.1402373,126.917745,0,simulation
35.138018,126.9157083,0,simulation
35.1412517,126.9146114,0,simulation
35.140068,126.9177613,0,simulation
35.1415113,126.9140679,0,simulation
35.1412745,126.9137935,0,simulation
35.1386325,126.9112717,0,simulation
35.1404205,126.9169912,0,simulation
35.1438153,126.9075217,0,synthetic
35.1377206,126.9114071,0,simulation
35.1380275,126.9118528,0,simulation
35.1385934,126.9122436,0,simulation
35.1380209,126.9119488,0,simulation
35.1381771,126.9161569,0,simulation
35.1388567,126.9113576,0,simulation
35.1380253,126.9160074,0,simulation
35.138518,126.9159241,0,simulation
35.1407602,126.9174695,0,simulation
35.1386493,126.9145077,0,simulation
35.1382906,126.9117296,0,simulation
35.1403031,126.9179911,0,simulation
35.1398783,126.9111596,0,simulation
35.1379484,126.9120846,0,simulation
35.1386025,126.9120248,0,simulation
35.1402795,126.9143018,0,simulation
35.1386582,126.9145116,0,simulation
35.1403355,126.914089,0,simulation
35.1377321,126.9121388,0,simulation
35.1391071,126.9150935,0,simulation
35.1381404,126.9157587,0,simulation
35.1398075,126.9111013,0,simulation
35.1379557,126.9117348,0,simulation
35.1382628,126.9159627,0,simulation
35.1386284,126.9162206,0,simulation
35.1382157,126.9117617,0,simulation
35.138616,126.9146444,0,simulation
35.1402759,126.9176747,0,synthetic
35.1390966,126.9140802,0,simulation
35.1388192,126.914174,0,simulation
35.1380546,126.9117159,0,simulation
35.1407587,126.9175531,0,simulation
35.1380688,126.9160288,0,simulation
35.1413619,126.9140923,0,simulation
35.2111545,126.8618168,1,synthetic
35.1391214,126.9113548,0,simulation
35.1386508,126.9120487,0,synthetic
35.1415208,126.9135222,0,simulation
35.1379919,126.9154257,0,simulation
35.1386311,126.9144987,0,simulation
35.1382275,126.9153489,0,simulation
35.1384459,126.9120685,0,simulation
35.1382417,126.9153119,0,simulation
35.1386289,126.9114711,0,simulation
35.138813,126.9115524,0,simulation
35.1388487,126.9142416,0,simulation
35.138156,126.9154545,0,simulation
35.1381246,126.9157066,0,simulation
35.1380902,126.9160454,0,simulation
35.1383182,126.9155371,0,synthetic
35.1391343,126.9108973,0,simulation
35.1381358,126.9155491,0,simulation
35.1396834,126.9105899,0,simulation
35.1377578,126.9153438,0,simulation
35.140443,126.9142025,0,simulation
35.1369082,126.9113064,0,simulation
35.1403185,126.9141116,0,synthetic
35.1382109,126.9161489,0,simulation
35.1417173,126.9140728,0,simulation
35.138228,126.911152,0,simulation
35.1389249,126.9143709,0,simulation
35.1379976,126.9160898,0,simulation
35.1389529,126.9140081,0,simulation
35.1406861,126.9142349,0,simulation
35.1408526,126.9146385,0,simulation
35.1586461,126.952288,1,simulation
35.1388433,126.911071,0,synthetic
35.1385142,126.913957,0,simulation
35.1381799,126.9117968,0,simulation
35.1404155,126.9173102,0,simulation
35.1406438,126.9143125,0,simulation
35.1405294,126.91456,0,simulation
35.1397227,126.9138962,0,synthetic
35.1407862,126.9172907,0,simulation
35.1407229,126.9144601,0,simulation
35.1389455,126.9143253,0,synthetic
35.1388059,126.913712,0,simulation
35.1373845,126.9124322,0,simulation
35.1394413,126.9106546,0,simulation
35.1411942,126.9142122,0,simulation
35.1416874,126.9135959,0,simulation
35.1388587,126.9150016,0,simulation
35.1380153,126.9156338,0,simulation
35.1384232,126.9158259,0,simulation
35.1385565,126.9119371,0,simulation
35.1411772,126.9142272,0,synthetic
35.1388399,126.9146324,0,simulation
35.138031,126.9150549,0,simulation
35.1400844,126.9144725,0,simulation
35.1401755,126.9141352,0,simulation
35.1396212,126.9114013,0,simulation
35.139375,126.9110815,0,simulation
35.140452,126.9141022,0,simulation
35.1382041,126.912182,0,simulation
35.1411523,126.9142816,0,simulation
35.1333825,126.9343594,1,synthetic
35.1383961,126.9160524,0,simulation
35.1406328,126.9171111,0,simulation
35.1386334,126.9141376,0,simulation
35.1384358,126.9144478,0,simulation
35.1414754,126.9144126,0,simulation
35.1409711,126.914132,0,simulation
35.1378076,126.9158799,0,simulation
35.1411953,126.9139596,0,simulation
35.1414352,126.9179361,0,simulation
35.1385083,126.9120067,0,simulation
35.1386546,126.9156405,0,simulation
35.1384129,126.915851,0,simulation
35.1406265,126.9178862,0,synthetic
35.1407361,126.9138519,0,simulation
35.1421546,126.913935,0,simulation
35.1383284,126.912201,0,simulation
35.1391398,126.9117861,0,simulation
35.1381888,126.9119894,0,simulation
35.1400957,126.9172578,0,simulation
35.1383949,126.9158799,0,simulation
35.1400076,126.9145564,0,simulation
35.1390938,126.911318,0,simulation
35.1404974,126.9171844,0,simulation
35.1402664,126.9178972,0,simulation
35.1405957,126.9138372,0,simulation
35.1382947,126.915661,0,simulation
35.1379574,126.9120666,0,simulation
35.1385693,126.9165005,0,simulation
35.1382819,126.9122295,0,simulation
35.1388311,126.9142228,0,simulation
35.1442275,126.9128779,0,synthetic
35.1392567,126.9110077,0,simulation
35.1403054,126.914146,0,simulation
35.140286,126.9181306,0,simulation
35.1399002,126.9113422,0,simulation
0.0,0.0,1,synthetic
35.1400896,126.9140637,0,simulation
35.138305,126.9155021,0,simulation
35.1414009,126.9139313,0,simulation
35.1410121,126.9136868,0,simulation
35.1417131,126.9141174,0,synthetic
35.1405979,126.917775,0,simulation
35.1404868,126.9179895,0,simulation
35.1406416,126.9140709,0,simulation
35.1411652,126.9141722,0,simulation
35.1404387,126.9147298,0,simulation
35.1387027,126.9154404,0,simulation
35.1374609,126.915117,0,simulation
35.1403716,126.9139114,0,simulation
35.1384006,126.9120847,0,simulation
35.1403789,126.9178149,0,simulation
35.1403939,126.9143479,0,simulation
35.1383281,126.9162678,0,simulation
35.1382708,126.9159209,0,simulation
35.1381131,126.9158244,0,simulation
35.1404541,126.9172264,0,simulation
35.1394949,126.9109148,0,simulation
35.1409875,126.9144719,0,simulation
35.1383247,126.9151127,0,simulation
35.140498,126.9144957,0,simulation
35.1197003,126.9240929,1,simulation
35.1405607,126.917979,0,simulation
35.1379672,126.9114938,0,simulation
35.1401463,126.9142373,0,simulation
35.1408776,126.91417,0,simulation
35.139501,126.9112373,0,simulation
35.1388339,126.9161556,0,simulation
35.140586,126.9140867,0,simulation
35.1381095,126.9156705,0,simulation
35.1401927,126.9139279,0,simulation
35.1416412,126.9138203,0,simulation
35.1400683,126.9138679,0,simulation
35.1388067,126.9116877,0,simulation
35.1390816,126.9146889,0,simulation
35.2003039,126.9269192,1,synthetic
35.1414798,126.913897,0,simulation
35.138136,126.9148999,0,simulation
35.1398695,126.9141152,0,simulation
35.1191799,126.9230654,1,simulation
35.1381957,126.914889,0,simulation
35.1410664,126.9140727,0,simulation
35.1378975,126.9117776,0,simulation
35.1382051,126.9155937,0,simulation
35.1380576,126.9120326,0,simulation
35.140178,126.9142513,0,simulation
35.1388881,126.914262,0,simulation
35.1382655,126.9155707,0,simulation
35.1380224,126.9120308,0,simulation
35.1388329,126.9121432,0,simulation
35.1395525,126.9105478,0,simulation
35.1390413,126.9113141,0,simulation
35.1388354,126.9146029,0,synthetic
35.1384045,126.9125376,0,simulation
35.1387775,126.914521,0,synthetic
35.1372044,126.9121707,0,simulation
35.1394062,126.9114271,0,simulation
35.1378643,126.9118627,0,simulation
35.1629735,126.9038799,1,simulation
35.1388744,126.9139796,0,simulation
35.1377868,126.9155861,0,simulation
35.1401723,126.9139188,0,simulation
35.1387115,126.9088169,0,synthetic
35.1406978,126.91716,0,simulation
35.137993,126.9116663,0,simulation
35.1419222,126.9134522,0,simulation
35.139004,126.9143925,0,simulation
35.1392317,126.9155048,0,simulation
35.1384066,126.9150181,0,simulation
35.1377754,126.9124305,0,simulation
35.1409638,126.9141995,0,simulation
35.1383709,126.9113318,0,simulation
35.1386472,126.9143403,0,simulation
35.1386921,126.9146878,0,simulation
35.1395292,126.9299574,1,simulation
35.140597,126.9176961,0,simulation
35.1383832,126.911758,0,simulation
35.1379818,126.9120779,0,simulation
35.1401611,126.9145903,0,simulation
35.2245063,126.920594,1,synthetic
35.1395498,126.910967,0,simulation
35.1377165,126.9121734,0,synthetic
35.1394545,126.9112087,0,simulation
35.1046313,126.9318499,1,synthetic
35.1383582,126.9157384,0,simulation
35.1394952,126.9116118,0,simulation
35.1410951,126.9140868,0,simulation
35.1383655,126.9155455,0,simulation
35.1381148,126.9117907,0,simulation
35.1380922,126.911641,0,simulation
35.1413808,126.914442,0,simulation
35.1384074,126.9153816,0,simulation
35.1440814,126.9154225,0,synthetic
35.1446011,126.9109533,0,synthetic
35.1402369,126.9143438,0,simulation
35.1386817,126.9163077,0,simulation
35.138083,126.9114961,0,simulation
35.1390879,126.9140342,0,simulation
35.1382147,126.9119214,0,simulation
35.1416718,126.914049,0,simulation
35.1403227,126.9169095,0,simulation
35.1387429,126.9142367,0,simulation
35.1383181,126.9118038,0,simulation
35.1712393,126.8252983,1,synthetic
35.1405997,126.9143807,0,synthetic
35.1412604,126.913778,0,simulation
35.1381634,126.9121775,0,simulation
35.1402598,126.9143999,0,simulation
35.1392046,126.9158994,0,simulation
35.1411771,126.9137724,0,simulation
35.1408961,126.9149364,0,synthetic
35.1401639,126.9175322,0,simulation
35.1395207,126.9109665,0,simulation
35.1385406,126.9141384,0,simulation
35.1383845,126.9160374,0,simulation
35.1405193,126.9143541,0,synthetic
35.1415879,126.9143035,0,simulation
35.1381066,126.9154737,0,simulation
35.1399993,126.9147877,0,simulation
35.1382002,126.9156853,0,simulation
35.1385374,126.9155471,0,simulation
35.1474308,126.9206519,1,simulation
35.1400954,126.9145276,0,simulation
35.138535,126.9159298,0,simulation
35.1414761,126.9146721,0,simulation
35.1402983,126.9145452,0,simulation
35.1408511,126.9171399,0,simulation
35.1379206,126.9151909,0,simulation
35.1397699,126.9116645,0,simulation
35.1391407,126.9110512,0,synthetic
35.1414237,126.913733,0,synthetic
35.140277,126.9143763,0,simulation
35.1399638,126.9144125,0,simulation
35.1388449,126.9118576,0,simulation
35.1392842,126.911323,0,simulation
35.1377489,126.9116909,0,simulation
35.1415473,126.9136742,0,simulation
35.1414436,126.9140613,0,simulation
35.1407784,126.9176326,0,simulation
35.1416323,126.91397,0,simulation
35.1409477,126.9178366,0,simulation
35.1401131,126.9144132,0,simulation
35.14038,126.9179566,0,simulation
35.1382336,126.9144438,0,simulation
35.1402159,126.9175137,0,simulation
35.1389657,126.9147051,0,simulation
35.141345,126.9140682,0,simulation
35.1404042,126.9175035,0,simulation
35.1224113,126.8917026,1,simulation
35.1388329,126.9142014,0,simulation
35.1381445,126.9161028,0,simulation
35.1390151,126.9138728,0,simulation
35.1396198,126.9140868,0,synthetic
35.1386255,126.9147408,0,simulation
35.1382896,126.9159802,0,simulation
35.1382328,126.9158071,0,simulation
35.1396952,126.9110826,0,simulation
35.1400386,126.9109424,0,simulation
35.1377645,126.9109538,0,simulation
35.1401656,126.9172452,0,simulation
35.1380691,126.9160253,0,synthetic
35.1382936,126.9122549,0,simulation
35.1381866,126.9116956,0,simulation
35.1383178,126.9159171,0,simulation
35.1415201,126.9142181,0,simulation
35.1381428,126.9120855,0,synthetic
35.1397242,126.911199,0,simulation
35.1385286,126.9141184,0,simulation
35.1386289,126.911805,0,simulation
35.1389234,126.9139339,0,simulation
35.138656,126.9151407,0,simulation
35.1405768,126.9147087,0,simulation
35.1328333,126.8817569,1,simulation
35.1387074,126.9144895,0,simulation
35.1396845,126.9112206,0,simulation
35.1419194,126.9144418,0,simulation
35.1390876,126.9108732,0,simulation
35.1389527,126.9156722,0,simulation
35.1378424,126.9123742,0,simulation
35.1405612,126.9135832,0,simulation
35.1554532,126.8946841,1,simulation
35.1404631,126.9173057,0,simulation
35.1408649,126.9177022,0,simulation
35.1379014,126.9104956,0,synthetic
35.1413666,126.9142269,0,simulation
35.1392404,126.9113305,0,simulation
35.1387383,126.9121428,0,simulation
35.1387223,126.9137666,0,simulation
35.1402932,126.9174304,0,simulation
35.1392721,126.9113737,0,synthetic
35.1402547,126.9143685,0,simulation
35.1388711,126.9111534,0,simulation
35.0688042,127.0374628,1,synthetic
35.140681,126.9175722,0,simulation
35.1385638,126.911708,0,simulation
35.21,126.88,1,synthetic
35.1406192,126.9172709,0,simulation
35.1394718,126.9113937,0,simulation
35.1405536,126.9166613,0,simulation
35.1385547,126.9158942,0,simulation
35.1380271,126.9159575,0,simulation
35.1407434,126.914574,0,simulation
35.1414158,126.914347,0,simulation
35.1536865,126.8913793,1,simulation
35.1382737,126.91236,0,simulation
35.1383709,126.9114116,0,simulation
35.1393597,126.9111571,0,simulation
35.1378034,126.9118424,0,simulation
35.1390693,126.9148308,0,synthetic
35.1416505,126.914721,0,simulation
35.1391309,126.9113537,0,simulation
35.1379094,126.9121805,0,simulation
35.1412672,126.9142771,0,simulation
35.1386566,126.914589,0,simulation
35.1421776,126.9142222,0,simulation
35.1409553,126.9140955,0,simulation
35.1383891,126.9139688,0,simulation
35.140931,126.9146536,0,simulation
35.1388656,126.9157542,0,simulation
35.1373614,126.9116151,0,simulation
35.1375327,126.9119212,0,simulation
35.1378018,126.9159004,0,simulation
35.1377047,126.9152672,0,simulation
35.139933,126.914487,0,simulation
35.1017114,126.9657311,1,synthetic
35.1388415,126.9121063,0,simulation
35.13939,126.9107704,0,simulation
35.2161408,126.8129374,1,synthetic
35.1408813,126.9141302,0,simulation
35.1380587,126.9117454,0,simulation
35.1378228,126.9159309,0,simulation
35.139409,126.9107557,0,simulation
35.1384695,126.9159687,0,simulation
35.1380867,126.9118731,0,synthetic
35.1395275,126.9106646,0,simulation
35.1382583,126.9160182,0,simulation
35.1414479,126.9140539,0,simulation
35.1391226,126.9116839,0,simulation
35.1379559,126.9112715,0,simulation
35.1412795,126.9147477,0,synthetic
35.1397714,126.9107762,0,simulation
35.1375234,126.9118051,0,simulation
35.1395815,126.9111048,0,simulation
35.1403956,126.9138383,0,simulation
35.1384432,126.9142666,0,simulation
35.140314,126.9176406,0,simulation
35.1386847,126.9141528,0,simulation
35.1308904,126.9466411,1,simulation
35.1382181,126.9120531,0,simulation
35.1389639,126.9109256,0,simulation
35.1397205,126.9111511,0,simulation
35.1416529,126.9139482,0,simulation
35.1643342,126.9190114,1,simulation
35.1382077,126.9156743,0,simulation
35.1402303,126.9142435,0,simulation
35.1415193,126.9141354,0,simulation
35.1392596,126.9106621,0,simulation
35.1394733,126.9113897,0,simulation
35.1378652,126.911875,0,simulation
35.1407684,126.9148231,0,simulation
35.1375535,126.9122344,0,simulation
35.1420383,126.9143115,0,simulation
35.1405428,126.9180902,0,simulation
35.1344883,126.8456609,1,simulation
35.1386307,126.9146702,0,simulation
35.140132,126.9140891,0,simulation
35.1377417,126.9120884,0,simulation
35.1380616,126.9157192,0,simulation
35.1382292,126.9154373,0,simulation
35.1358389,126.9153215,0,synthetic
35.1377751,126.9112179,0,simulation
35.1688115,126.9054963,1,simulation
35.1386027,126.9117462,0,simulation
35.1403646,126.9178685,0,simulation
35.1400013,126.9144043,0,simulation
35.1402214,126.9138943,0,synthetic
35.1378077,126.9116853,0,simulation
35.1959635,126.9410424,1,simulation
35.1378028,126.9114867,0,simulation
35.1380951,126.9153162,0,simulation
35.1378658,126.9118289,0,synthetic
35.1401276,126.9174425,0,simulation
35.1411151,126.9177921,0,simulation
35.1713064,126.9775898,1,synthetic
35.1387234,126.9145876,0,simulation
35.1385872,126.9157582,0,simulation
35.1375911,126.9160487,0,simulation
35.138816,126.9159859,0,simulation
35.1419547,126.9141466,0,simulation
35.1407044,126.9178007,0,simulation
35.1390769,126.914463,0,simulation
35.1423131,126.9151635,0,synthetic
35.138173,126.9151859,0,simulation
35.1407879,126.9144335,0,simulation
35.1377939,126.9113893,0,simulation
35.1400443,126.914193,0,simulation
35.1408301,126.9176485,0,simulation
35.1399135,126.9109626,0,simulation
35.1413934,126.9144325,0,simulation
35.1386182,126.9152193,0,simulation
35.1372795,126.9118284,0,simulation
35.1395119,126.9110945,0,simulation
35.1386272,126.9116755,0,simulation
35.1408432,126.9143759,0,simulation
35.1388442,126.9145428,0,simulation
35.1413078,126.913607,0,simulation
35.1433661,126.9152788,0,synthetic
35.1389281,126.9108475,0,simulation
35.1410511,126.8864678,1,simulation
35.1383437,126.9117833,0,simulation
35.1403338,126.9175983,0,simulation
35.1384049,126.9158328,0,simulation
35.1393421,126.910886,0,simulation
35.1383007,126.9158911,0,simulation
35.1378344,126.9122041,0,simulation
35.141185,126.9177461,0,simulation
35.1382301,126.9144218,0,simulation
35.1376595,126.9116077,0,simulation
35.0969407,126.9370683,1,synthetic
35.1403268,126.913693,0,simulation
35.1386384,126.9121336,0,simulation
35.1406174,126.9141109,0,simulation
35.1534815,126.887279,1,simulation
35.1401781,126.9139934,0,simulation
35.1403625,126.9139692,0,simulation
35.1383815,126.9155355,0,simulation
35.1394262,126.9110327,0,simulation
35.1386211,126.9121546,0,simulation
35.141318,126.9140568,0,simulation
35.1394711,126.9164744,0,synthetic
35.1390573,126.9108088,0,simulation
35.2030642,126.8242336,1,synthetic
35.1392261,126.9143666,0,simulation
35.1413643,126.9142405,0,simulation
35.1384451,126.9142172,0,simulation
35.138616,126.9155885,0,simulation
35.1406717,126.9144993,0,simulation
35.1395432,126.9110833,0,simulation
35.1378397,126.9157213,0,simulation
35.1400658,126.9147023,0,simulation
35.1384488,126.9120522,0,simulation
35.1403486,126.9147431,0,simulation
35.1387358,126.9120204,0,synthetic
35.1406386,126.9175396,0,simulation
35.1387948,126.9154466,0,simulation
35.139751,126.9146405,0,simulation
35.1404842,126.9145786,0,simulation
35.1388092,126.9144621,0,simulation
35.1382553,126.9145844,0,simulation
35.1386768,126.9092285,0,synthetic
35.1379752,126.91545,0,simulation
35.1382869,126.911914,0,simulation
35.1346777,126.9377626,1,simulation
35.1381629,126.9122317,0,simulation
35.1404271,126.9175881,0,simulation
35.137955,126.9160627,0,simulation
35.139307,126.9111108,0,simulation
35.1379881,126.911802,0,simulation
35.1386598,126.9143411,0,simulation
35.1365394,126.9159712,0,synthetic
35.139459,126.9111947,0,simulation
35.1381631,126.9122121,0,simulation
35.1404693,126.9171148,0,simulation
35.163833,126.8888655,1,simulation
35.1401839,126.9144941,0,simulation
35.1385937,126.9122427,0,simulation
35.1382189,126.915834,0,simulation
35.1394392,126.9112779,0,simulation
35.1384909,126.9118599,0,simulation
35.1416435,126.914027,0,simulation
35.1402542,126.9173905,0,simulation
35.1403368,126.9175554,0,simulation
35.1409159,126.914021,0,simulation
35.1413781,126.9144349,0,simulation
35.1398918,126.9175072,0,simulation
35.1383198,126.9143277,0,simulation
35.1390285,126.9140143,0,simulation
35.1381971,126.9121933,0,simulation
35.1406243,126.9146031,0,simulation
35.1389196,126.9108524,0,simulation
35.1395985,126.9115109,0,simulation
35.1378919,126.9119148,0,simulation
35.1623575,126.9540742,1,simulation
35.1380463,126.9116682,0,simulation
35.1414104,126.9139022,0,simulation
35.1410036,126.91785,0,simulation
35.1399869,126.9139434,0,simulation
35.141412,126.9139842,0,simulation
35.1402266,126.9173375,0,simulation
35.1387652,126.9146468,0,simulation
35.1395041,126.914609,0,simulation
35.1385997,126.9118098,0,simulation
35.1382396,126.9157378,0,simulation
35.139491,126.9115925,0,simulation
35.1500368,126.9392643,1,simulation
35.1382333,126.9155961,0,simulation
35.1382092,126.9160359,0,simulation
35.1405306,126.9141273,0,simulation
35.1404359,126.9175162,0,simulation
35.1389306,126.9147973,0,simulation
35.1404663,126.9143419,0,simulation
35.1420578,126.9137398,0,simulation
35.1379202,126.9160063,0,simulation
35.1387965,126.9154924,0,simulation
35.1385904,126.9134818,0,synthetic
35.1379058,126.915421,0,simulation
35.140296,126.9145327,0,simulation
35.1272732,126.9495628,1,simulation
35.1392663,126.911092,0,simulation
35.1382189,126.9121617,0,simulation
35.1394988,126.9114807,0,simulation
35.1381469,126.9150824,0,simulation
35.1383155,126.9161828,0,synthetic
35.1380762,126.9158584,0,simulation
35.140571,126.9175834,0,simulation
35.1377798,126.9151551,0,simulation
35.1399834,126.9115922,0,synthetic
35.1384239,126.9155156,0,simulation
35.1392698,126.9112964,0,simulation
35.1386056,126.9163025,0,simulation
35.1415288,126.9141233,0,simulation
35.1391946,126.9111579,0,simulation
35.1404172,126.9179659,0,simulation
35.138234,126.9158756,0,simulation
35.1405602,126.9147706,0,simulation
35.1394402,126.9139906,0,simulation
35.1416036,126.9135525,0,simulation
35.1380056,126.9154261,0,simulation
35.1392489,126.9107874,0,simulation
35.1379504,126.9156406,0,simulation
35.1398304,126.9155312,0,synthetic
35.1385958,126.9141863,0,simulation
35.14158,126.914398,0,simulation
35.1411929,126.913496,0,simulation
35.1405341,126.914348,0,simulation
35.1412262,126.9138339,0,simulation
35.1408998,126.9175889,0,synthetic
35.1413947,126.9143272,0,simulation
35.1397186,126.9109631,0,simulation
35.1379046,126.9120178,0,simulation
35.1403056,126.9142764,0,simulation
35.1383746,126.9116866,0,synthetic
35.1413394,126.914006,0,synthetic
35.1465077,126.9060815,1,simulation
35.1401578,126.914694,0,simulation
35.1379944,126.9116877,0,simulation
35.1410991,126.9173,0,simulation
35.1404971,126.9147238,0,synthetic
35.1390306,126.9115358,0,simulation
35.1385134,126.9122041,0,simulation
35.1412354,126.9082091,0,synthetic
35.1408988,126.9148032,0,simulation
35.1271529,126.909837,1,simulation
35.1376962,126.9117933,0,simulation
35.1375668,126.9122744,0,simulation
35.1386206,126.9156429,0,simulation
35.1401266,126.9115684,0,simulation
35.1392669,126.9114253,0,simulation
35.1407566,126.9136707,0,simulation
35.1416616,126.9136744,0,simulation
35.1379948,126.9152867,0,simulation
35.1209673,126.9229936,1,simulation
35.1405589,126.9142167,0,simulation
35.1394337,126.9119558,0,synthetic
35.1412725,126.9140811,0,simulation
35.1384714,126.9119509,0,simulation
35.1379608,126.9161073,0,simulation
35.1381379,126.9158584,0,simulation
35.1388084,126.9158449,0,simulation
35.1402337,126.9141155,0,simulation
35.1412685,126.9140236,0,simulation
35.1383038,126.9143128,0,simulation
35.1412674,126.914192,0,simulation
35.1383679,126.9120216,0,simulation
35.1721615,126.9284227,1,simulation
35.1447153,126.913472,0,synthetic
35.1402982,126.9172101,0,simulation
35.1381672,126.9115829,0,synthetic
35.1713759,126.9203577,1,simulation
35.1387267,126.9143219,0,simulation
35.1403673,126.9174638,0,simulation
35.1413838,126.9138421,0,synthetic
35.1402194,126.9171813,0,simulation
35.1379861,126.91207,0,simulation
35.1404449,126.9143275,0,simulation
35.1380522,126.9117759,0,simulation
35.1385868,126.9143741,0,simulation
35.1408824,126.9174491,0,simulation
35.1385323,126.9123027,0,simulation
35.1381325,126.9155536,0,simulation
35.1384392,126.9159819,0,simulation
35.1382298,126.9114045,0,simulation
35.1383104,126.9164803,0,simulation
35.13929,126.9103071,0,simulation
35.1385632,126.9154218,0,simulation
35.1411554,126.9140344,0,simulation
35.1415928,126.9138102,0,simulation
35.1380269,126.9153948,0,simulation
35.1395684,126.9185111,1,simulation
35.1417615,126.9136408,0,simulation
35.1370006,126.9117267,0,simulation
35.1386054,126.9115664,0,synthetic
35.1392388,126.910952,0,simulation
35.1411977,126.9139337,0,simulation
35.140617,126.913715,0,simulation
35.1386255,126.9153897,0,simulation
35.1385711,126.9146827,0,simulation
35.1380654,126.9118802,0,simulation
35.1383832,126.9120717,0,simulation
35.1384383,126.9141391,0,simulation
35.1383541,126.9116459,0,simulation
35.1383772,126.9157373,0,simulation
35.1400079,126.9172475,0,simulation
35.1377212,126.9122864,0,simulation
35.1407951,126.9181147,0,simulation
35.1391638,126.9107004,0,simulation
35.1402901,126.9141163,0,simulation
35.1376512,126.9122116,0,simulation
35.1386508,126.9155415,0,simulation
35.1406179,126.9177908,0,simulation
35.1408614,126.9180623,0,simulation
35.1406324,126.9176981,0,simulation
35.1396999,126.9114863,0,simulation
35.1380855,126.9157528,0,simulation
35.1380457,126.91198,0,simulation
35.1398335,126.9105868,0,simulation
35.1399399,126.9172416,0,simulation
35.1384132,126.9157355,0,synthetic
35.1399953,126.9177949,0,synthetic
35.1405696,126.9175331,0,simulation
35.1382924,126.9117239,0,simulation
35.1394119,126.9108849,0,simulation
35.1381109,126.9115864,0,simulation
35.1385117,126.9157089,0,simulation
35.1396494,126.9111761,0,simulation
35.140726,126.9176133,0,synthetic
35.1374523,126.9116177,0,simulation
35.1393496,126.9112858,0,simulation
35.1388893,126.9144926,0,simulation
35.1386199,126.9157269,0,simulation
35.1380407,126.9117469,0,simulation
35.1396104,126.9146504,0,synthetic
35.1414921,126.9139923,0,simulation
35.1375466,126.9157914,0,simulation
35.1405841,126.9141578,0,simulation
35.1387233,126.9160151,0,simulation
35.1381982,126.9117357,0,simulation
35.1408468,126.9174321,0,simulation
35.1389995,126.9144026,0,simulation
35.1383211,126.9119247,0,simulation
35.1441385,126.962392,1,simulation
35.1383321,126.9116956,0,simulation
35.1424471,126.908281,0,synthetic
35.1385393,126.9146625,0,synthetic
35.1378746,126.9117686,0,simulation
35.1397913,126.9113169,0,simulation
35.1411427,126.9137141,0,synthetic
35.1390554,126.9145696,0,simulation
35.1400504,126.9140553,0,simulation
35.1317181,126.8958117,1,simulation
35.1389774,126.9118176,0,simulation
35.1378394,126.9154524,0,simulation
35.1398901,126.911317,0,simulation
35.1384874,126.9158523,0,simulation
35.1405673,126.9181475,0,simulation
35.1391221,126.9104024,0,synthetic
35.1405894,126.9173788,0,simulation
35.1496414,126.9216656,1,simulation
35.1384257,126.9120314,0,simulation
35.1387507,126.9115937,0,simulation
35.1382914,126.9115672,0,simulation
35.1386468,126.9120132,0,synthetic
35.1391988,126.9108839,0,simulation
35.1383465,126.9144309,0,simulation
35.1410881,126.9140616,0,simulation
35.1324651,126.8964675,1,simulation
35.1385533,126.915081,0,simulation
35.1691284,126.8867694,1,simulation
35.1397434,126.9140843,0,simulation
35.1387081,126.9146702,0,simulation
35.1385665,126.914612,0,simulation
35.1398868,126.9119094,0,simulation
35.1381776,126.9157078,0,simulation
35.1386938,126.9145739,0,synthetic
35.1382577,126.9117686,0,simulation
35.1391217,126.9115,0,simulation
0.0,0.0,1,synthetic
35.1407709,126.9139633,0,simulation
35.1378619,126.9121208,0,simulation
35.1384872,126.9153324,0,simulation
35.1379642,126.9152471,0,simulation
35.1407609,126.9139243,0,simulation
35.1387603,126.912009,0,simulation
35.1396584,126.9109885,0,simulation
35.1389607,126.9151439,0,synthetic
35.1383282,126.9154432,0,simulation
35.1410379,126.9141653,0,simulation
35.1397718,126.9140408,0,simulation
35.1385341,126.911396,0,simulation
35.1392161,126.9142446,0,simulation
35.141626,126.9138686,0,simulation
35.1392771,126.9140304,0,simulation
35.1408192,126.914637,0,simulation
35.1378256,126.9153952,0,simulation
35.137804,126.9158516,0,simulation
35.1385969,126.9154859,0,simulation
35.1378092,126.911781,0,simulation
35.1378017,126.911866,0,simulation
35.1384742,126.9153752,0,simulation
35.1416637,126.9141131,0,simulation
35.1382215,126.9116076,0,simulation
35.1381333,126.9117538,0,simulation
35.1377734,126.9156976,0,simulation
35.1378388,126.9115493,0,synthetic
35.1399601,126.9104425,0,simulation
35.1412909,126.9178101,0,simulation
35.1383465,126.9160108,0,simulation
35.1381724,126.9153488,0,simulation
35.1407532,126.9139395,0,simulation
35.1076415,126.9144725,1,simulation
35.1377955,126.9158356,0,simulation
35.1376218,126.9155257,0,simulation
35.1393213,126.9108873,0,simulation
35.1404787,126.9170387,0,simulation
35.1565905,126.9220749,1,simulation
35.1415636,126.9141293,0,simulation
35.1384716,126.9160306,0,simulation
35.1395446,126.911092,0,simulation
35.1375757,126.9119532,0,simulation
35.1416866,126.9140153,0,simulation
35.1380592,126.9158133,0,simulation
35.1387311,126.9142169,0,simulation
35.1407003,126.9139248,0,simulation
35.1381543,126.9115503,0,simulation
35.1376015,126.9117295,0,simulation
35.1379465,126.9118771,0,simulation
35.1384166,126.9119286,0,synthetic
35.1381166,126.914946,0,simulation
35.138695,126.9144961,0,simulation
35.1380754,126.9156878,0,simulation
35.1405627,126.917883,0,simulation
35.1390174,126.9144815,0,simulation
35.1379901,126.9154462,0,simulation
35.1400671,126.9143266,0,synthetic
35.141428,126.914236,0,simulation
35.1403076,126.9171276,0,simulation
35.1381507,126.9159858,0,simulation
35.1378426,126.9153737,0,simulation
35.1401429,126.9115777,0,simulation
35.1409599,126.9141364,0,simulation
35.1412921,126.9139512,0,simulation
35.1399241,126.9144404,0,simulation
35.1377032,126.9116068,0,simulation
35.1405601,126.914262,0,synthetic
35.1414677,126.9137083,0,simulation
35.1418987,126.91396,0,simulation
35.1396706,126.9111168,0,simulation
35.137739,126.9117786,0,simulation
35.1383985,126.9156115,0,simulation
35.1390583,126.9114444,0,simulation
35.1381387,126.915699,0,simulation
35.1389617,126.9143092,0,simulation
35.1390955,126.9109042,0,simulation
35.1414129,126.9138635,0,simulation
35.1405481,126.9179361,0,simulation
35.1405337,126.91379,0,simulation
35.1379231,126.9122656,0,simulation
35.1404822,126.9171835,0,simulation
35.1386781,126.9118103,0,simulation
35.1375912,126.9117372,0,synthetic
35.1385453,126.9156655,0,simulation
35.1386332,126.9151952,0,simulation
35.1406892,126.9176307,0,simulation
35.1413756,126.9142858,0,simulation
35.1406375,126.9179147,0,simulation
35.1389737,126.9113303,0,simulation
35.1400903,126.9141883,0,simulation
35.1382694,126.9156727,0,simulation
35.140229,126.9138862,0,simulation
35.1407,126.9175369,0,simulation
35.1400724,126.9109713,0,simulation
35.1388328,126.9147212,0,simulation
35.1405074,126.9146413,0,simulation
35.1380063,126.9117319,0,synthetic
35.1391892,126.9110379,0,simulation
35.137082,126.9114664,0,simulation
35.1403806,126.9143857,0,simulation
35.1380648,126.9120728,0,simulation
35.138193,126.9116747,0,simulation
35.1394382,126.9112383,0,simulation
35.1381154,126.9159798,0,simulation
35.1392927,126.9113173,0,synthetic
35.1417698,126.9144059,0,simulation
35.1402476,126.9141896,0,simulation
35.1380264,126.9153441,0,simulation
35.1392993,126.9114923,0,simulation
35.1411902,126.9134959,0,simulation
35.1403959,126.9176719,0,simulation
35.1405142,126.9143912,0,simulation
35.137386,126.9110358,0,simulation
35.1382505,126.9156235,0,synthetic
35.1407543,126.9141388,0,simulation
35.1379645,126.9159187,0,simulation
35.1400258,126.9113108,0,simulation
35.1404589,126.9141497,0,simulation
35.1384461,126.9157152,0,simulation
35.1387006,126.9146368,0,simulation
35.1392183,126.911343,0,simulation
35.1382163,126.9161543,0,simulation
35.1388048,126.9144007,0,simulation
35.140218,126.9137767,0,simulation
35.1393981,126.9110188,0,simulation
35.1381241,126.9160031,0,simulation
35.1399737,126.9181262,0,simulation
35.1388396,126.8961239,1,simulation
35.1382605,126.9116915,0,simulation
35.1379119,126.9157368,0,simulation
35.1377226,126.9157269,0,simulation
35.1389734,126.9141056,0,simulation
35.1393219,126.9115145,0,simulation
35.1407499,126.9174081,0,simulation
35.1384129,126.9120552,0,simulation
35.1382695,126.915774,0,simulation
35.1402546,126.9177982,0,simulation
35.1378241,126.9118674,0,simulation
35.137366,126.9118824,0,simulation
35.137996,126.9150725,0,simulation
35.1397361,126.9108575,0,simulation
35.1388193,126.9150597,0,simulation
35.1411327,126.9136477,0,simulation
35.1386638,126.9154703,0,simulation
35.1380434,126.9153276,0,simulation
35.1403269,126.9174507,0,simulation
35.1396414,126.9115791,0,simulation
35.1384624,126.9114406,0,simulation
35.1393386,126.914476,0,simulation
35.1406623,126.9137274,0,simulation
35.1387192,126.9146349,0,simulation
35.1384065,126.9156197,0,simulation
35.1404939,126.9176608,0,simulation
35.1392247,126.9146256,0,simulation
35.0992768,126.9101261,1,simulation
35.1492754,126.9474883,1,simulation
35.1416241,126.9144225,0,simulation
35.1386216,126.911284,0,simulation
35.1383071,126.9119176,0,simulation
35.139741,126.9111002,0,simulation
35.1381258,126.9155146,0,simulation
35.1378381,126.9121906,0,simulation
35.1412533,126.9139925,0,simulation
35.138253,126.916035,0,simulation
35.1383591,126.9157018,0,simulation
35.1384958,126.9143787,0,simulation
35.1380798,126.9150688,0,simulation
35.1380061,126.9152662,0,simulation
35.13845,126.9159166,0,simulation
35.1385385,126.9153027,0,simulation
35.1402767,126.9173285,0,simulation
35.138715,126.9115098,0,simulation
35.1406516,126.9171767,0,simulation
35.1383407,126.9119141,0,simulation
35.1376133,126.9120998,0,simulation
35.1385176,126.9159415,0,simulation
35.1428703,126.9082069,0,synthetic
35.1399349,126.9114591,0,simulation
35.1385903,126.9594194,1,simulation
35.1413132,126.9136266,0,simulation
35.1390544,126.9111354,0,simulation
35.1385167,126.9119582,0,simulation
35.1403023,126.9174472,0,simulation
35.1409377,126.9137355,0,simulation
35.1385997,126.9143532,0,simulation
35.1406689,126.9176846,0,simulation
35.1383233,126.912558,0,simulation
35.1385308,126.9117249,0,simulation
35.138555,126.9153506,0,simulation
35.1704821,127.0142151,1,synthetic
35.1379,126.9154067,0,simulation
35.1381242,126.9158496,0,simulation
35.1387999,126.9135885,0,simulation
35.1376139,126.9118376,0,simulation
35.1375152,126.9117047,0,simulation
35.1382708,126.911731,0,simulation
35.1381157,126.9154904,0,simulation
35.1387308,126.9113031,0,simulation
35.1405544,126.9142922,0,simulation
35.1386306,126.9125325,0,simulation
35.1392082,126.9116658,0,simulation
35.1413829,126.9136946,0,simulation
35.1206169,126.9176568,1,simulation
35.1381258,126.9158183,0,simulation
35.1379672,126.9121189,0,simulation
35.1393473,126.9110678,0,simulation
35.1387132,126.9143205,0,simulation
35.1412976,126.9136657,0,synthetic
35.140365,126.9140702,0,simulation
35.1396445,126.9113013,0,simulation
35.1374149,126.9118585,0,simulation
35.1394962,126.9112109,0,simulation
35.1377527,126.911999,0,simulation
35.1385072,126.9136188,0,simulation
35.149109,126.8846105,1,simulation
35.1385118,126.9153306,0,simulation
35.1388312,126.9143925,0,simulation
35.1384079,126.9119452,0,simulation
35.1388783,126.9143434,0,simulation
35.1394627,126.911029,0,synthetic
35.1390316,126.8903937,1,simulation
35.1374583,126.9116759,0,simulation
35.1394247,126.9108492,0,simulation
35.1392431,126.9111855,0,simulation
35.1381638,126.9118473,0,simulation
35.1389102,126.9142414,0,simulation
35.1409361,126.9143856,0,simulation
35.1402313,126.9139573,0,simulation
35.1413471,126.9144828,0,simulation
35.14072,126.9174367,0,simulation
35.1399558,126.9106493,0,simulation
35.1380059,126.9120415,0,simulation
35.1386217,126.9121606,0,simulation
35.1383126,126.9156409,0,simulation
35.139177,126.9144815,0,simulation
35.1382239,126.9116531,0,simulation
35.1385548,126.9120682,0,simulation
35.1365742,126.9139091,0,synthetic
35.1404804,126.9144291,0,simulation
35.1383622,126.9150586,0,simulation
35.1403253,126.9180632,0,simulation
35.1410968,126.9142142,0,simulation
35.1404966,126.9172387,0,simulation
35.1380755,126.9153687,0,simulation
35.1392269,126.9112254,0,simulation
35.1404053,126.9142986,0,synthetic
35.1380515,126.9158233,0,simulation
35.1403058,126.9144273,0,simulation
35.1241364,126.8860368,1,simulation
35.1374714,126.9153979,0,simulation
35.1403966,126.917877,0,simulation
35.1381533,126.9117185,0,simulation
35.1398657,126.9142134,0,simulation
35.1385688,126.9122864,0,simulation
35.1390645,126.9148644,0,simulation
35.1383546,126.9159864,0,simulation
35.1405923,126.9145428,0,simulation
35.1404912,126.9139173,0,simulation
35.1376961,126.9158206,0,simulation
35.1378929,126.9153464,0,simulation
35.1382629,126.9162498,0,simulation
35.1378461,126.9161012,0,simulation
35.1420766,126.9178267,0,synthetic
35.1388205,126.9119509,0,simulation
35.1395371,126.9107267,0,simulation
35.1383158,126.9118565,0,simulation
35.1377046,126.9116891,0,simulation
35.1400044,126.9136356,0,simulation
35.1382083,126.9114232,0,simulation
35.1385525,126.9150633,0,simulation
35.1386198,126.9116838,0,simulation
35.1385147,126.9115535,0,simulation
35.1405029,126.9141159,0,simulation
35.1383483,126.9116827,0,simulation
35.1407452,126.9145889,0,simulation
35.1404174,126.9142949,0,simulation
35.139916,126.913583,0,simulation
35.1386731,126.9146065,0,simulation
35.1412366,126.9138774,0,simulation
35.13939,126.9110317,0,simulation
35.1420299,126.9116288,1,simulation
35.138549,126.9162624,0,simulation
0.0,0.0,1,synthetic
35.1405886,126.9142192,0,simulation
35.1394249,126.9109238,0,simulation
35.1401019,126.9144107,0,simulation
35.1379007,126.9108122,0,synthetic
35.1386528,126.9140052,0,synthetic
35.1387408,126.9147856,0,simulation
35.1389133,126.9142811,0,simulation
35.1393769,126.914776,0,simulation
35.1409555,126.917646,0,simulation
35.1384268,126.9157416,0,simulation
35.1408428,126.9140941,0,simulation
35.1419859,126.9138998,0,simulation
35.1454881,126.8536513,1,simulation
35.1380198,126.9122153,0,simulation
35.1401395,126.9141008,0,simulation
35.1382766,126.9157156,0,simulation
35.1405793,126.914068,0,simulation
35.13779,126.9116977,0,simulation
35.1407599,126.9148597,0,simulation
35.1073555,126.913182,1,simulation
35.1409221,126.9177025,0,simulation
35.1384929,126.9122383,0,simulation
35.1405194,126.9174392,0,simulation
35.1413463,126.9142681,0,simulation
35.139622,126.9114776,0,simulation
35.1405876,126.9176096,0,simulation
35.1405899,126.9179376,0,simulation
35.1397142,126.9285272,1,simulation
35.138186,126.9114884,0,simulation
35.1402928,126.9174083,0,simulation
35.137761,126.9158649,0,simulation
35.139169,126.9107375,0,simulation
35.1170874,126.9081408,1,simulation
35.1405915,126.9135812,0,simulation
35.13911,126.9127043,0,synthetic
35.1503795,126.9109634,1,simulation
35.1376642,126.9160694,0,simulation
35.1382257,126.915828,0,simulation
35.1381817,126.9114042,0,simulation
35.1381142,126.9119527,0,simulation
35.1548047,126.9391356,1,simulation
35.1389759,126.9160054,0,simulation
35.1414498,126.9139566,0,simulation
35.1402312,126.9143391,0,simulation
35.1403612,126.913878,0,simulation
35.1405805,126.9145807,0,simulation
35.1384118,126.911927,0,simulation
35.1384061,126.911655,0,simulation
35.1385532,126.9151137,0,simulation
35.1384738,126.9157834,0,simulation
35.1384424,126.9153418,0,simulation
35.1383788,126.9159267,0,simulation
35.1401792,126.9179196,0,simulation
35.1396658,126.910786,0,simulation
35.1413221,126.9143144,0,simulation
35.1381972,126.9154993,0,simulation
35.1405079,126.9149093,0,simulation
35.1386466,126.9159137,0,simulation
35.1415379,126.9144792,0,simulation
35.1391355,126.9160454,0,simulation
35.1412702,126.9139122,0,simulation
35.1408332,126.9144215,0,simulation
35.1380726,126.9162315,0,simulation
35.1403445,126.9175582,0,simulation
35.1400697,126.91736,0,simulation
35.1404981,126.914615,0,simulation
35.1387092,126.9138831,0,simulation
35.1384074,126.9120199,0,simulation
35.1373644,126.9118697,0,simulation
35.1389905,126.9140489,0,simulation
35.1734483,126.9287085,1,simulation
35.1386153,126.9121102,0,simulation
35.1380078,126.9120521,0,simulation
35.140991,126.914169,0,simulation
35.1400023,126.9146287,0,simulation
35.1394093,126.9111927,0,simulation
35.1405549,126.917579,0,simulation
35.1405944,126.9174493,0,simulation
35.1384939,126.9154537,0,synthetic
35.1407186,126.913783,0,simulation
35.1395144,126.9107288,0,simulation
35.1388463,126.914115,0,simulation
35.140878,126.914381,0,simulation
35.1381418,126.9158647,0,simulation
35.1381015,126.9162405,0,simulation
35.1403853,126.9177998,0,simulation
35.1405254,126.917966,0,simulation
35.1384238,126.9157624,0,simulation
35.1381301,126.9126559,0,simulation
35.1411094,126.9139771,0,simulation
35.1406137,126.914327,0,synthetic
35.1384431,126.9155511,0,simulation
35.1412328,126.9138562,0,simulation
35.1389696,126.9147752,0,simulation
35.1393159,126.9107332,0,simulation
35.1392415,126.9109525,0,simulation
35.1382329,126.914428,0,synthetic
35.139227,126.9146248,0,simulation
35.1409597,126.9156535,0,synthetic
35.1394726,126.9109669,0,simulation
35.1408148,126.9142808,0,simulation
35.1670715,126.9614347,1,simulation
35.1388764,126.9118447,0,simulation
35.1416723,126.9135866,0,simulation
35.1386677,126.9145948,0,simulation
35.1384178,126.9157765,0,simulation
35.1387936,126.9144757,0,simulation
35.1389908,126.914786,0,simulation
35.1384197,126.9155095,0,simulation
35.1388177,126.9154088,0,simulation
35.1386145,126.9120699,0,simulation
35.1379376,126.9117735,0,simulation
35.1399799,126.9145352,0,simulation
35.1402935,126.9173341,0,synthetic
35.1407522,126.9141549,0,simulation
35.1384482,126.9115831,0,simulation
35.1379808,126.9122798,0,simulation
35.1407435,126.9142849,0,simulation
35.1397186,126.9141422,0,simulation
35.1411866,126.9180524,0,simulation
35.1411436,126.914424,0,simulation
35.1388223,126.9143482,0,simulation
35.1382178,126.9125303,0,synthetic
35.138738,126.9145868,0,simulation
35.1407369,126.9179862,0,synthetic
35.1385465,126.9142623,0,simulation
35.1374407,126.9151905,0,simulation
35.1405746,126.9172895,0,simulation
35.1382713,126.9152647,0,simulation
35.1389451,126.9140556,0,simulation
35.1403188,126.9148016,0,simulation
35.1404208,126.9173194,0,simulation
35.1395014,126.9110581,0,simulation
35.1389805,126.9143352,0,simulation
35.1410407,126.9174049,0,simulation
35.0577959,126.9236501,1,synthetic
35.1389589,126.9142882,0,simulation
35.1405546,126.9178136,0,simulation
35.137975,126.9120242,0,simulation
35.1384494,126.9120431,0,simulation
35.141272,126.9143006,0,simulation
35.1392061,126.9115051,0,simulation
35.1390624,126.9143626,0,simulation
35.1380848,126.9118821,0,simulation
35.1418299,126.9136317,0,simulation
35.1382533,126.91552,0,simulation
35.1381316,126.9116199,0,simulation
35.1379167,126.9154895,0,simulation
35.1377381,126.9121192,0,simulation
35.1379368,126.9162186,0,simulation
35.1383538,126.9153433,0,simulation
35.1380949,126.9115604,0,simulation
35.1405176,126.9139224,0,simulation
35.1395896,126.9116281,0,simulation
35.1377351,126.9115352,0,simulation
35.1384295,126.9155553,0,simulation
35.1388097,126.9148426,0,simulation
35.1382971,126.9151932,0,simulation
35.141022,126.914965,0,simulation
35.1454225,126.9382723,1,simulation
35.1379859,126.9123267,0,simulation
35.1381371,126.9164485,0,simulation
35.1397411,126.9108449,0,simulation
35.1382509,126.9156058,0,simulation
35.1380979,126.9122848,0,simulation
35.1394654,126.9110281,0,simulation
35.1402575,126.9177393,0,simulation
35.1383354,126.9243083,1,simulation
35.1395171,126.9113686,0,simulation
35.1390342,126.9145066,0,simulation
35.139361,126.9115337,0,simulation
35.1407318,126.9171327,0,simulation
35.141418,126.9139592,0,simulation
35.1391191,126.9151916,0,simulation
35.1417064,126.9137651,0,simulation
35.1385124,126.9151843,0,simulation
35.1390925,126.9144157,0,simulation
35.1386994,126.9113316,0,simulation
35.1379849,126.9159243,0,simulation
35.1405385,126.9175172,0,simulation
35.1384973,126.9118105,0,simulation
35.1413705,126.9137883,0,simulation
35.1390582,126.9145418,0,simulation
35.1383436,126.915489,0,simulation
35.1405382,126.9139685,0,simulation
35.1425222,126.9087919,0,synthetic
35.1379629,126.9115758,0,simulation
35.1404439,126.9143898,0,simulation
35.1379753,126.9120505,0,simulation
35.1402623,126.914124,0,simulation
35.1378009,126.9117378,0,simulation
35.1400289,126.9111921,0,simulation
35.1377456,126.9115188,0,simulation
35.1406724,126.9135946,0,simulation
35.1414749,126.9137605,0,simulation
35.13849,126.9153187,0,simulation
35.1392006,126.9111016,0,simulation
35.1398757,126.9145763,0,simulation
35.1452739,126.9095217,0,synthetic
35.1378937,126.9126612,0,simulation
35.1377453,126.9122192,0,simulation
35.1403533,126.913799,0,simulation
35.1415199,126.9141556,0,simulation
35.1381953,126.9115462,0,simulation
35.1404473,126.9172321,0,simulation
35.1380374,126.9146991,0,simulation
35.1386174,126.9143409,0,simulation
35.1541939,126.9083819,1,simulation
35.139999,126.9176244,0,simulation
35.1384607,126.9145573,0,simulation
35.1386672,126.9120852,0,simulation
35.1379081,126.9115378,0,simulation
35.1385188,126.9160954,0,synthetic
35.1405182,126.9176538,0,simulation
35.1396424,126.9111105,0,simulation
35.1417856,126.9138415,0,simulation
35.1416834,126.9136188,0,simulation
35.1403857,126.9061468,0,synthetic
35.1379503,126.9159493,0,synthetic
35.1326625,126.9458331,1,simulation
35.1376539,126.9158507,0,simulation
35.1393882,126.9109418,0,simulation
35.140066,126.9175732,0,simulation
35.1379242,126.9162946,0,simulation
35.1385767,126.9145126,0,simulation
35.1417363,126.9139179,0,simulation
35.1413048,126.9134733,0,simulation
35.1386311,126.9124108,0,simulation
35.1383705,126.9117491,0,simulation
35.1377711,126.9158359,0,simulation
35.1391638,126.9113176,0,simulation
35.1410443,126.9136846,0,simulation
35.1406809,126.9143223,0,simulation
35.1373152,126.9122715,0,simulation
35.13816,126.9120859,0,simulation
35.1393981,126.9108519,0,synthetic
35.1377255,126.9154398,0,simulation
35.1382025,126.915375,0,simulation
35.1380955,126.9163935,0,simulation
35.1389343,126.9141689,0,simulation
35.1382314,126.9155971,0,simulation
35.1400927,126.9116404,0,simulation
35.1382617,126.9146779,0,simulation
35.1388149,126.9116368,0,simulation
35.1376178,126.9117756,0,simulation
35.1388971,126.9152466,0,simulation
35.1388554,126.9117718,0,simulation
35.1382581,126.9122293,0,simulation
35.140628,126.9140869,0,simulation
35.1411075,126.914137,0,simulation
35.1397276,126.9110226,0,simulation
35.13843,126.9119803,0,simulation
35.1415165,126.9137571,0,simulation
35.1414539,126.9138707,0,simulation
35.1405169,126.9176863,0,simulation
35.1394063,126.9139747,0,simulation
35.1405963,126.91802,0,simulation
35.139885,126.9115658,0,simulation
35.1387371,126.9150634,0,simulation
35.1377877,126.9116375,0,simulation
35.1379379,126.9119984,0,simulation
35.1413054,126.9180094,0,simulation
35.1390122,126.9109934,0,simulation
35.1377098,126.9158074,0,simulation
35.1404775,126.9175924,0,simulation
35.1407977,126.9172612,0,simulation
35.1377901,126.9157554,0,synthetic
35.1408444,126.9120851,0,synthetic
35.1416928,126.9136442,0,simulation
35.1401565,126.9175978,0,simulation
35.1409442,126.9174722,0,simulation
35.125559,126.9141459,1,simulation
35.1411829,126.9140543,0,simulation
35.1383545,126.9119768,0,simulation
35.1383448,126.9154682,0,simulation
35.1393747,126.9117846,0,simulation
35.1404334,126.9173444,0,simulation
35.1384198,126.9117115,0,simulation
35.1391455,126.9110682,0,simulation
35.1380946,126.9155986,0,simulation
35.1384529,126.9114268,0,simulation
35.1178032,126.9638648,1,synthetic
35.1383254,126.9116215,0,simulation
35.1405576,126.9136459,0,simulation
35.1390067,126.9144407,0,simulation
35.1416987,126.9126639,0,synthetic
35.138134,126.9118831,0,simulation
35.1385908,126.9156305,0,simulation
35.1383192,126.9115358,0,simulation
35.1380624,126.9145428,0,simulation
35.137145,126.9115746,0,simulation
35.13852,126.9144829,0,simulation
35.2138902,126.92465,1,synthetic
35.1383157,126.9105432,0,synthetic
35.1391887,126.9110841,0,simulation
35.14059,126.9174871,0,simulation
35.141486,126.9141848,0,simulation
35.138475,126.9118181,0,simulation
35.1382957,126.9117019,0,simulation
35.1384166,126.9162578,0,simulation
35.1388427,126.9121406,0,simulation
35.1403843,126.917316,0,simulation
35.1405485,126.9144361,0,simulation
35.1402726,126.9179827,0,simulation
35.1363322,126.9161828,0,synthetic
35.1385226,126.9158308,0,simulation
35.1414756,126.914156,0,simulation
35.1381423,126.9158375,0,simulation
35.1381205,126.9117227,0,simulation
35.140822,126.9134692,0,simulation
35.1382756,126.9115027,0,simulation
35.1240399,126.9227724,1,simulation
35.1386575,126.9144696,0,simulation
35.1386594,126.914515,0,simulation
35.1377945,126.9157318,0,simulation
35.138653,126.9144761,0,simulation
35.1408462,126.9174801,0,simulation
35.1417275,126.9135472,0,simulation
35.1401905,126.9179584,0,simulation
35.1378996,126.9112862,0,simulation
35.1377906,126.9116265,0,simulation
35.1385325,126.9158807,0,simulation
35.1388341,126.9118247,0,simulation
35.1415159,126.9137643,0,simulation
35.1408523,126.9136749,0,simulation
35.1408433,126.9142334,0,simulation
35.13786,126.9117769,0,simulation
35.1408524,126.917479,0,simulation
35.138548,126.9151514,0,simulation
35.1406941,126.9143659,0,simulation
35.1404273,126.9178353,0,simulation
35.1381647,126.9118359,0,simulation
35.1387347,126.9160049,0,simulation
35.1393141,126.9114815,0,simulation
35.1379422,126.9158139,0,simulation
35.1379187,126.9121521,0,simulation
35.1397532,126.9109995,0,simulation
35.1387414,126.911696,0,simulation
35.1377997,126.9115957,0,simulation
35.137976,126.9115808,0,synthetic
35.1381241,126.9153611,0,simulation
35.1389976,126.9146791,0,simulation
35.1408426,126.9138997,0,simulation
35.1380185,126.9116672,0,simulation
35.1383848,126.9118258,0,simulation
35.1382575,126.9158808,0,simulation
35.1386909,126.912014,0,simulation
35.1379704,126.9163134,0,simulation
35.1390037,126.9121731,0,simulation
35.1406883,126.914502,0,simulation
35.1582728,126.9261187,1,simulation
35.138449,126.9125108,0,simulation
35.1385871,126.9119834,0,simulation
35.137838,126.9158698,0,simulation
35.1382603,126.9158785,0,simulation
35.1394856,126.9106203,0,synthetic
35.1394788,126.9104536,0,simulation
35.1416427,126.9135661,0,simulation
35.1390039,126.9108848,0,simulation
35.1392974,126.9112609,0,simulation
35.1405093,126.9174548,0,simulation
35.1383473,126.9117159,0,simulation
35.1392565,126.9109188,0,simulation
35.1385458,126.9150149,0,simulation
35.1380803,126.9154693,0,simulation
35.1405031,126.9137758,0,simulation
35.1410802,126.9134425,0,simulation
35.1378224,126.9116238,0,simulation
35.1382378,126.9162721,0,simulation
35.1382727,126.9156987,0,simulation
35.1385497,126.9119772,0,simulation
35.1377946,126.9117931,0,simulation
35.1393647,126.9114309,0,simulation
35.1391996,126.910855,0,simulation
35.1380235,126.9115379,0,simulation
35.1389943,126.9144312,0,simulation
35.1385616,126.9118992,0,simulation
35.1405988,126.9139696,0,simulation
35.1674715,126.8764627,1,simulation
35.1411969,126.9137576,0,synthetic
35.1415928,126.9140473,0,simulation
35.1408119,126.912406,0,synthetic
35.1406826,126.9177332,0,simulation
35.1417456,126.9138791,0,simulation
35.140111,126.9141162,0,simulation
35.1388146,126.9144594,0,simulation
35.1679932,126.9158703,1,simulation
35.1384238,126.91453,0,synthetic
35.1404525,126.917377,0,simulation
35.138244,126.9119083,0,simulation
35.1386097,126.9143875,0,simulation
35.1378616,126.9154131,0,simulation
35.1403161,126.9172499,0,simulation
35.137633,126.9115002,0,simulation
35.1408987,126.9137269,0,simulation
35.1390008,126.9157752,0,simulation
35.1382427,126.9123345,0,simulation
35.141452,126.9141061,0,simulation
35.138222,126.9158982,0,simulation
35.1379803,126.9119888,0,simulation
35.138684,126.914192,0,simulation
35.1386022,126.9115708,0,simulation
35.1388253,126.911877,0,simulation
35.1406426,126.9172423,0,simulation
35.1389247,126.9145705,0,simulation
35.1385128,126.9142977,0,simulation
35.1409774,126.9182344,0,simulation
35.1381924,126.912,0,simulation
35.1390263,126.914031,0,simulation
35.1400845,126.9147551,0,simulation
35.1376419,126.9157771,0,simulation
35.1394612,126.9112012,0,simulation
35.1417375,126.9145753,0,simulation
35.1397395,126.9175714,0,simulation
35.1394016,126.9108758,0,simulation
35.1376747,126.9121001,0,simulation
35.1383031,126.916109,0,simulation
35.1408518,126.9172404,0,simulation
35.1385699,126.9144543,0,simulation
35.1670784,126.9150496,1,simulation
35.138062,126.912622,0,simulation
35.1409396,126.9143328,0,simulation
35.1384318,126.9153444,0,simulation
35.1401722,126.9112997,0,simulation
35.1376279,126.9214061,1,simulation
35.1394425,126.9109003,0,simulation
35.1394532,126.9115849,0,simulation
35.1383155,126.9120609,0,simulation
35.1727547,126.9223173,1,simulation
35.1380464,126.9115938,0,simulation
35.1413173,126.9138425,0,simulation
35.1385861,126.9152811,0,simulation
35.1405355,126.9180565,0,simulation
35.1382459,126.9159779,0,simulation
35.141125,126.9140248,0,simulation
35.1216095,126.9276078,1,simulation
35.1406698,126.917261,0,simulation
35.0996725,126.9355186,1,simulation
35.1382744,126.912186,0,synthetic
35.1385099,126.9143614,0,simulation
35.1382363,126.9156185,0,simulation
35.1411765,126.9138272,0,simulation
35.1398753,126.9106113,0,simulation
35.1382804,126.91218,0,simulation
35.1382705,126.915691,0,synthetic
35.1383316,126.9155796,0,simulation
35.1380268,126.9157118,0,simulation
35.1380001,126.9154061,0,simulation
35.1393151,126.9114405,0,simulation
35.1409958,126.9146683,0,simulation
35.1382623,126.9116933,0,simulation
35.139515,126.9119468,0,simulation
35.1410238,126.9180752,0,synthetic
35.1387483,126.914941,0,simulation
35.1383659,126.9148132,0,simulation
35.1394329,126.9114245,0,synthetic
35.1408046,126.9140623,0,simulation
35.1382033,126.9118708,0,simulation
35.1385947,126.9123831,0,simulation
35.1373425,126.9119495,0,simulation
35.1407848,126.914585,0,simulation
35.1382626,126.9120955,0,simulation
35.1414404,126.9137658,0,simulation
35.1407728,126.9141034,0,simulation
35.1380924,126.9158526,0,simulation
35.1392612,126.91126,0,simulation
35.1382992,126.9162577,0,simulation
35.1381594,126.9121773,0,simulation
35.1389883,126.914055,0,simulation
35.1414213,126.9139402,0,simulation
35.1383474,126.9165082,0,simulation
35.1382694,126.9118386,0,simulation
35.1386256,126.9103774,0,synthetic
35.138167,126.9151754,0,simulation
35.1381116,126.9151071,0,simulation
35.1388921,126.9150048,0,simulation
35.1416836,126.9140961,0,simulation
35.1376122,126.9123212,0,simulation
35.1409082,126.9136925,0,simulation
35.1393884,126.9112198,0,simulation
35.1384884,126.9146085,0,simulation
35.1386509,126.9115301,0,simulation
35.1383349,126.915728,0,simulation
35.1380363,126.916551,0,simulation
35.1412955,126.9144678,0,simulation
35.14028,126.9141247,0,simulation
35.1384822,126.9115519,0,simulation
35.1412719,126.9138765,0,simulation
35.1402231,126.9143609,0,simulation
35.1386936,126.9144759,0,simulation
35.1374945,126.9114286,0,simulation
35.1383275,126.9155879,0,simulation
35.1662471,126.8935735,1,simulation
35.1383053,126.9152807,0,simulation
35.1383383,126.9155991,0,simulation
35.1383767,126.9158886,0,simulation
35.1402455,126.9178614,0,simulation
35.1389794,126.9145884,0,synthetic
35.1381489,126.9151422,0,simulation
35.138223,126.9157316,0,simulation
35.1390164,126.9168632,0,simulation
35.1407331,126.9157962,0,synthetic
35.1393229,126.9151012,0,simulation
35.1404032,126.9131513,0,synthetic
35.140991,126.9143981,0,simulation
35.1378212,126.9117679,0,simulation
35.1379982,126.9155897,0,simulation
35.1386873,126.9142914,0,simulation
35.1411809,126.914311,0,simulation
35.1406576,126.9476732,1,simulation
35.1397078,126.9112486,0,synthetic
35.1413415,126.9140162,0,simulation
35.1379017,126.9112184,0,simulation
35.1391431,126.9111996,0,simulation
35.1386285,126.9119829,0,simulation
35.1382823,126.9159457,0,simulation
35.1378341,126.9157689,0,simulation
35.1414423,126.9140972,0,simulation
35.1381923,126.9160728,0,simulation
35.1386424,126.9117123,0,simulation
35.1385745,126.9144424,0,simulation
35.1303597,126.9237421,1,simulation
35.1373823,126.9120911,0,simulation
35.1527918,126.9251222,1,simulation
35.1396599,126.9104021,0,simulation
35.1405862,126.9148058,0,simulation
35.1028733,126.9183395,1,simulation
35.1379449,126.9119728,0,simulation
35.13903,126.9112681,0,simulation
35.1382321,126.9118271,0,simulation
35.1397618,126.9141042,0,simulation
35.1407362,126.9171305,0,simulation
35.1527461,126.9075369,1,simulation
35.1407451,126.9147496,0,simulation
35.1378713,126.9118268,0,simulation
35.1389711,126.9149629,0,simulation
35.1377396,126.9119322,0,simulation
35.1379068,126.911916,0,simulation
35.1126897,126.9345685,1,simulation
35.1397192,126.9107299,0,simulation
35.1412761,126.9142473,0,synthetic
35.0894997,126.9220771,1,simulation
35.1419061,126.9135405,0,simulation
35.1392197,126.9106093,0,simulation
35.1389649,126.9111671,0,simulation
35.1404644,126.9175742,0,simulation
35.1405708,126.9180167,0,simulation
35.1380018,126.9115969,0,simulation
35.1381078,126.9154483,0,simulation
35.1405345,126.9137664,0,simulation
35.1406235,126.9176805,0,simulation
35.1404029,126.9176569,0,simulation
35.140136,126.9174658,0,simulation
35.1380031,126.915392,0,simulation
35.167933,126.9074405,1,simulation
35.1375135,126.9154405,0,simulation
35.1385044,126.916127,0,simulation
35.1306791,126.9275659,1,simulation
35.1379862,126.9108798,0,simulation
35.1388574,126.9122687,0,simulation
35.1393666,126.9109755,0,simulation
35.1407227,126.9178103,0,simulation
35.141172,126.9145388,0,simulation
35.1396432,126.8663034,1,synthetic
35.1385066,126.914012,0,simulation
35.1379655,126.9155938,0,simulation
35.1417231,126.9138517,0,simulation
35.1414181,126.9140489,0,simulation
35.1374014,126.9118913,0,simulation
35.1389909,126.914493,0,simulation
35.1379489,126.9160871,0,simulation
35.1380395,126.9118809,0,simulation
35.1381823,126.9123557,0,simulation
35.1408817,126.9174656,0,simulation
35.1407651,126.9146838,0,simulation
35.140453,126.9169922,0,simulation
35.1383531,126.9155163,0,simulation
35.1143682,126.9227537,1,simulation
35.1383986,126.9115092,0,simulation
35.1414454,126.9139085,0,simulation
35.1381861,126.9121869,0,simulation
35.1388611,126.9159974,0,simulation
35.1387427,126.9143324,0,simulation
35.1373506,126.9160168,0,simulation
35.1386032,126.9121674,0,simulation
35.1388262,126.9142577,0,simulation
35.1379487,126.9114403,0,simulation
35.1384923,126.9144668,0,simulation
35.1372698,126.9112364,0,simulation
35.1391007,126.9142447,0,simulation
35.1388777,126.9112904,0,simulation
35.1381051,126.9122089,0,simulation
35.1409562,126.9175709,0,simulation
35.1384271,126.9159305,0,simulation
35.1376969,126.9120474,0,simulation
35.1385519,126.9111835,0,simulation
35.1406914,126.9143765,0,simulation
35.1386636,126.9149154,0,simulation
35.1391637,126.9143843,0,simulation
35.1416596,126.9138373,0,simulation
35.1385211,126.9153954,0,simulation
35.1392658,126.9115988,0,simulation
35.1387804,126.9110277,0,simulation
35.1385892,126.914702,0,simulation
35.1417441,126.9138775,0,simulation
35.1378513,126.9157724,0,simulation
35.1405121,126.9137999,0,simulation
35.1398588,126.911272,0,simulation
35.1378469,126.9158742,0,simulation
35.1376507,126.9117049,0,simulation
35.1414673,126.9140828,0,simulation
35.1406717,126.9172302,0,simulation
35.1394177,126.9106637,0,simulation
35.1381927,126.9115525,0,simulation
35.134984,126.9122706,0,synthetic
35.1390993,126.9113374,0,simulation
35.1381641,126.9120011,0,simulation
35.1410569,126.9142672,0,simulation
35.1387392,126.9142802,0,simulation
35.1390234,126.9114289,0,simulation
35.1377783,126.9118981,0,simulation
35.1392121,126.9112621,0,simulation
35.1409539,126.9140171,0,simulation
35.1378157,126.9157135,0,simulation
35.1381921,126.9155333,0,synthetic
35.1393982,126.9109737,0,simulation
35.1386479,126.9156316,0,simulation
35.1380966,126.9116311,0,simulation
35.139061,126.9147451,0,simulation
35.1378561,126.912476,0,simulation
35.1369584,126.9117739,0,simulation
35.1382944,126.9113547,0,simulation
35.1413194,126.9143646,0,simulation
35.1385564,126.9156158,0,simulation
35.1411449,126.9139066,0,simulation
35.1415758,126.9139579,0,simulation
35.1459561,126.9132925,0,synthetic
35.1408073,126.9176476,0,synthetic
0.0,0.0,1,synthetic
35.1403057,126.9174143,0,simulation
35.1407807,126.9170976,0,simulation
35.1379768,126.9154574,0,simulation
35.1393435,126.9111311,0,simulation
35.138482,126.9114805,0,simulation
35.1407865,126.9176631,0,simulation
35.1410094,126.9173177,0,simulation
35.1381035,126.9164207,0,simulation
35.1402565,126.917297,0,simulation
35.1258672,126.9130409,1,simulation
35.1393239,126.9145363,0,simulation
35.1384371,126.9157873,0,simulation
35.1378796,126.911497,0,simulation
35.1408595,126.9138635,0,simulation
35.1387065,126.9119217,0,simulation
35.138266,126.9151427,0,simulation
35.1376918,126.9117554,0,simulation
35.1386969,126.9143008,0,simulation
35.1381741,126.9161767,0,simulation
35.137666,126.9156599,0,simulation
35.1403709,126.9144485,0,simulation
35.1377659,126.9116263,0,simulation
35.1239538,126.9239918,1,simulation
35.1415141,126.9136071,0,simulation
35.1380364,126.9155859,0,simulation
35.1384349,126.9115003,0,simulation
35.1406947,126.9143357,0,simulation
35.1394929,126.9116529,0,simulation
35.1377837,126.9154517,0,simulation
35.1395226,126.9141361,0,simulation
35.2040374,126.9998057,1,synthetic
35.1410433,126.9138846,0,simulation
35.1394918,126.9108911,0,simulation
35.1389305,126.9140498,0,simulation
35.1384239,126.9118741,0,synthetic
35.1411101,126.9137923,0,simulation
35.1376339,126.9120016,0,simulation
35.1380927,126.9159098,0,simulation
35.1376652,126.9117808,0,simulation
35.1397065,126.9107927,0,simulation
35.138485,126.9159394,0,simulation
35.1395622,126.9111134,0,simulation
35.1408416,126.9172108,0,simulation
35.1377051,126.9154844,0,simulation
35.1391996,126.9114091,0,simulation
35.1383994,126.9159359,0,simulation
35.1377992,126.9155056,0,simulation
35.1380623,126.916451,0,simulation
35.1381889,126.9116224,0,simulation
35.1383765,126.9120652,0,simulation
35.1390028,126.9142447,0,simulation
35.1378595,126.9118692,0,simulation
35.138358,126.9154041,0,simulation
35.1379456,126.9165831,0,simulation
35.1395252,126.911815,0,simulation
35.1379069,126.9118405,0,simulation
35.1405695,126.9145233,0,simulation
35.1380673,126.9155417,0,simulation
35.1385159,126.911897,0,simulation
35.1380566,126.9120566,0,simulation
35.1379998,126.9153562,0,simulation
35.1377967,126.9161894,0,simulation
35.1378363,126.9158965,0,simulation
35.1415374,126.9134192,0,simulation
35.1422648,126.8776085,1,simulation
35.1412622,126.9141445,0,simulation
35.1408079,126.9145206,0,simulation
0.0,0.0,1,synthetic
35.1383649,126.9122091,0,simulation
35.1386734,126.9143941,0,simulation
35.1383596,126.9152393,0,simulation
35.1403769,126.9144453,0,simulation
35.1385473,126.9157341,0,simulation
35.138307,126.9153886,0,simulation
35.1418361,126.9143441,0,simulation
35.1381907,126.9154133,0,simulation
35.1381408,126.9122631,0,simulation
35.1393065,126.9108425,0,simulation
35.1382363,126.9160333,0,simulation
35.1546102,126.8809421,1,simulation
35.1413599,126.9140039,0,simulation
35.1403803,126.9173436,0,simulation
35.1375024,126.9114915,0,simulation
35.1411282,126.9184416,0,simulation
35.1411281,126.9138933,0,simulation
35.1382749,126.9160299,0,simulation
35.1381403,126.9160594,0,simulation
35.1408441,126.9181087,0,synthetic
35.1411318,126.9173756,0,simulation
35.1383603,126.915933,0,simulation
35.1378897,126.9162357,0,simulation
35.1634613,126.9127357,1,simulation
35.1418418,126.9139038,0,simulation
35.1412974,126.9140207,0,simulation
35.1385181,126.915589,0,simulation
35.1382446,126.9113521,0,simulation
35.1407873,126.9178898,0,simulation
35.1419132,126.9138611,0,simulation
35.1386057,126.9143996,0,simulation
35.1383522,126.9118165,0,simulation
35.0634749,127.0328655,1,synthetic
35.1375823,126.9122041,0,simulation
35.1408699,126.9175082,0,synthetic
35.1381684,126.911958,0,simulation
35.1386565,126.9111793,0,simulation
35.1403773,126.9145379,0,simulation
35.1382997,126.9155949,0,simulation
35.1384328,126.9154253,0,simulation
35.1386024,126.9117058,0,simulation
35.140748,126.9100983,0,synthetic
35.13822,126.9142123,0,simulation
35.1410496,126.9141205,0,simulation
35.1397751,126.9119116,0,synthetic
35.1378566,126.9156272,0,simulation
35.1390629,126.911528,0,simulation
35.1672982,126.9091188,1,simulation
35.1379798,126.9155626,0,simulation
35.1385268,126.9113993,0,simulation
35.1376495,126.9117701,0,simulation
35.1380617,126.9117206,0,synthetic
35.138493,126.9156293,0,simulation
35.1394168,126.911269,0,simulation
35.1406132,126.9179505,0,simulation
35.1406336,126.9143417,0,simulation
35.1378112,126.9155755,0,synthetic
35.140124,126.9113181,0,simulation
35.1386147,126.9155872,0,simulation
35.1395984,126.9110569,0,simulation
35.1251418,126.9162209,1,simulation
35.1392486,126.9112027,0,simulation
35.1383074,126.916582,0,simulation
0.0,0.0,1,synthetic
35.1404192,126.9144012,0,simulation
35.1389455,126.9114661,0,simulation
35.1388171,126.9142841,0,simulation
35.1385877,126.9154476,0,simulation
35.1387578,126.9146634,0,simulation
35.1384097,126.9160267,0,simulation
35.1381524,126.9118789,0,simulation
35.140701,126.9141972,0,simulation
35.1386137,126.9142062,0,simulation
35.1378463,126.9113916,0,simulation
35.1376002,126.9117733,0,simulation
35.1380454,126.915561,0,simulation
35.1376695,126.9112598,0,simulation
35.1406984,126.9176627,0,simulation
35.1381661,126.9159155,0,simulation
35.1136983,126.8878987,1,simulation
35.1379347,126.9158211,0,synthetic
35.138045,126.9121749,0,simulation
35.140285,126.9181747,0,simulation
35.1380356,126.9117156,0,simulation
35.1388132,126.9120437,0,synthetic
35.1378992,126.9160992,0,simulation
35.1374538,126.9116973,0,simulation
35.1383321,126.9160768,0,simulation
35.1387805,126.9145878,0,simulation
35.1376835,126.9120478,0,simulation
35.1402191,126.9171222,0,simulation
35.1386209,126.9155344,0,simulation
35.1381354,126.9157059,0,simulation
35.1382863,126.9161898,0,simulation
35.1386994,126.9156736,0,simulation
35.1379335,126.9120838,0,simulation
35.1386785,126.9120154,0,simulation
35.1379352,126.9148554,0,simulation
35.139212,126.910966,0,simulation
35.1382615,126.9146144,0,simulation
35.1407198,126.914115,0,simulation
35.1386419,126.9157941,0,simulation
35.1394332,126.9109408,0,simulation
35.1388291,126.911128,0,simulation
35.1399541,126.9159086,0,synthetic
35.1389881,126.9109882,0,simulation
35.1384036,126.9164115,0,simulation
35.1400299,126.9242868,1,simulation
35.1382658,126.9122269,0,simulation
35.1387905,126.9159255,0,simulation
35.1401953,126.9135727,0,simulation
35.1381856,126.9162908,0,simulation
35.1382372,126.9156336,0,simulation
35.1407524,126.9178353,0,simulation
35.1401219,126.9141699,0,simulation
35.1386761,126.9140597,0,simulation
35.1377548,126.9118504,0,simulation
35.1383151,126.9155556,0,simulation
35.141977,126.9141865,0,simulation
35.1386388,126.9159646,0,simulation
35.1410493,126.9137468,0,simulation
35.1404343,126.918062,0,simulation
35.1383579,126.9158191,0,simulation
35.1385098,126.9156195,0,simulation
35.1513116,126.8859952,1,simulation
35.1417836,126.9139532,0,simulation
35.1384865,126.9143015,0,simulation
35.1377497,126.9115064,0,simulation
35.13937,126.9142214,0,simulation
35.1382139,126.9153816,0,simulation
35.1413322,126.9135885,0,simulation
35.1411303,126.9178388,0,simulation
35.1426065,126.9248896,1,simulation
35.1406298,126.9178376,0,simulation
35.1377289,126.9152729,0,simulation
35.1405223,126.9180589,0,simulation
35.1383543,126.9156154,0,simulation
35.1383864,126.9159948,0,simulation
35.1434445,126.9093961,0,synthetic
35.1425145,126.9102834,1,simulation
35.1376843,126.9157091,0,simulation
35.1398919,126.9132701,0,synthetic
35.1379091,126.911763,0,simulation
35.1386135,126.9142691,0,simulation
35.1387306,126.914166,0,simulation
35.1403838,126.914133,0,simulation
35.138344,126.9120609,0,simulation
35.1377158,126.9118557,0,simulation
35.1411302,126.9140266,0,simulation
35.1387613,126.9159574,0,simulation
35.1380266,126.9115719,0,simulation
35.1402192,126.9142785,0,simulation
35.1390782,126.9144313,0,simulation
35.1406527,126.9146557,0,simulation
35.1041357,126.9082434,1,simulation
35.1675934,126.9119989,1,simulation
35.1382347,126.9116911,0,simulation
35.1404068,126.9174621,0,simulation
35.1382099,126.915717,0,simulation
35.1383424,126.9120323,0,simulation
35.1383308,126.9118034,0,synthetic
35.1418664,126.9137338,0,simulation
35.1387029,126.9159594,0,simulation
35.1412472,126.9140812,0,simulation
35.1393028,126.9135308,0,synthetic
35.1407786,126.9171937,0,simulation
35.13839,126.9156713,0,synthetic
35.1385854,126.915887,0,simulation
35.1405652,126.9174223,0,simulation
35.1410472,126.9136945,0,simulation
35.1381634,126.9154565,0,simulation
35.1378556,126.9160351,0,simulation
35.1411537,126.9140546,0,simulation
35.1401309,126.9144751,0,simulation
35.1385636,126.9156138,0,simulation
35.1381476,126.9162006,0,simulation
35.1377423,126.911834,0,simulation
35.1393848,126.9147957,0,simulation
35.1379272,126.9160962,0,synthetic
35.1388172,126.9160177,0,simulation
35.1648817,126.9118507,1,simulation
35.1386445,126.9146595,0,simulation
35.1378919,126.9117936,0,simulation
35.1382524,126.9157704,0,simulation
35.1387526,126.9172602,0,synthetic
35.138848,126.9144895,0,simulation
35.1403971,126.9141814,0,simulation
35.1395688,126.911468,0,simulation
35.1215052,126.9328109,1,simulation
35.1388483,126.9124182,0,simulation
35.1385744,126.9155182,0,simulation
35.1415048,126.9141382,0,simulation
35.1412283,126.9166036,0,synthetic
35.1381595,126.9157867,0,simulation
35.1398025,126.9146369,0,simulation
35.1384662,126.9144805,0,simulation
35.1458715,126.8905922,1,simulation
35.1386771,126.9143582,0,simulation
35.1385051,126.9161685,0,simulation
35.1386813,126.9145595,0,simulation
35.1383632,126.9159691,0,simulation
35.1403558,126.9177435,0,simulation
35.137628,126.9114415,0,simulation
35.1407537,126.9143804,0,simulation
35.1380245,126.9119466,0,simulation
35.1383289,126.9118692,0,simulation
35.1389432,126.9142388,0,simulation
35.1388934,126.9148896,0,simulation
35.1392071,126.9139832,0,simulation
35.1376468,126.9159856,0,simulation
35.1406848,126.9170546,0,simulation
35.1403352,126.9141786,0,simulation
35.1381252,126.9117746,0,simulation
0.0,0.0,1,synthetic
35.1381856,126.9160033,0,simulation
35.1394022,126.9114622,0,simulation
35.1406782,126.9145797,0,simulation
35.1383265,126.9122739,0,simulation
35.138742,126.9146601,0,simulation
35.1382724,126.9150484,0,simulation
35.1413395,126.9142968,0,simulation
35.1377393,126.9154196,0,simulation
35.1381577,126.9121058,0,simulation
35.1379875,126.9118835,0,simulation
35.1382082,126.9155495,0,simulation
35.1393811,126.9170382,0,simulation
35.1374172,126.9154328,0,simulation
35.1378415,126.9117854,0,simulation
35.138135,126.9156379,0,simulation
35.1400355,126.9111684,0,simulation
35.139549,126.9109613,0,simulation
35.1408621,126.9177118,0,simulation
35.1403659,126.914418,0,simulation
35.1374176,126.9119379,0,simulation
35.1423474,126.9145524,0,simulation
35.1384105,126.9156919,0,simulation
35.1393873,126.9106835,0,simulation
35.1407256,126.9181413,0,simulation
35.1378836,126.912122,0,simulation
35.1408685,126.9175038,0,simulation
35.1393361,126.9109118,0,simulation
35.1389373,126.9140909,0,simulation
35.1378952,126.9155286,0,simulation
35.1404133,126.9180031,0,simulation
35.1405897,126.9176047,0,simulation
35.248162,127.0321315,1,synthetic
35.1383871,126.9161725,0,simulation
35.1378292,126.9118989,0,simulation
35.1407288,126.9138504,0,simulation
35.1415602,126.9140845,0,simulation
35.1379247,126.9117324,0,simulation
35.141059,126.9089497,0,synthetic
35.1392205,126.9111202,0,simulation
35.139102,126.9108449,0,simulation
35.1381408,126.9114699,0,simulation
35.1406736,126.9175479,0,simulation
35.1405702,126.9173166,0,simulation
35.1386314,126.914666,0,simulation
35.1404023,126.9143019,0,simulation
35.1416182,126.9142134,0,simulation
35.1390028,126.9109746,0,simulation
35.1380212,126.9119017,0,simulation
35.1390928,126.9110423,0,simulation
35.1404764,126.9141906,0,simulation
35.1412109,126.9144936,0,simulation
35.1377073,126.9121603,0,simulation
35.1385486,126.9116851,0,simulation
35.1400787,126.9143146,0,simulation
35.1403831,126.9137136,0,simulation
35.1396673,126.9112432,0,simulation
35.1406015,126.9142754,0,synthetic
35.1379815,126.9152768,0,simulation
35.1384816,126.9154909,0,simulation
35.1383018,126.9157036,0,simulation
35.1399357,126.911206,0,simulation
35.1384398,126.9155838,0,simulation
35.1377099,126.9119533,0,simulation
35.1380886,126.9161199,0,simulation
35.1378379,126.9126328,0,simulation
35.1414039,126.9135312,0,simulation
35.1413495,126.9108199,0,synthetic
35.1399201,126.9111518,0,simulation
35.1382597,126.9133059,0,synthetic
35.1385831,126.914468,0,simulation
35.1382525,126.9119225,0,simulation
35.1380166,126.9114691,0,simulation
35.1377665,126.9117357,0,simulation
35.1406632,126.9143836,0,simulation
35.1383037,126.9118492,0,simulation
35.1378947,126.9116688,0,simulation
35.1392639,126.9112572,0,simulation
35.1382093,126.9158771,0,simulation
35.139974,126.911367,0,simulation
35.1400272,126.9138805,0,simulation
35.1407946,126.9137413,0,simulation
35.1405187,126.9178434,0,simulation
35.138544,126.9153689,0,simulation
35.1384409,126.9142721,0,simulation
35.1375537,126.9111085,0,simulation
35.141053,126.9142845,0,simulation
35.1403651,126.9139106,0,simulation
35.1424176,126.9145973,0,synthetic
35.1388011,126.9158261,0,simulation
35.1416101,126.9142584,0,simulation
35.1407674,126.9173862,0,simulation
35.1408489,126.9168019,0,simulation
35.1415386,126.9138161,0,simulation
35.1408595,126.9180275,0,simulation
35.1386399,126.9141628,0,simulation
35.1413655,126.9139451,0,simulation
35.140571,126.9171553,0,simulation
35.1385145,126.9153119,0,simulation
35.1384604,126.9158886,0,simulation
35.1375967,126.9159466,0,simulation
0.0,0.0,1,synthetic
35.1401687,126.9177273,0,simulation
35.1379796,126.9156795,0,simulation
35.1414444,126.9139988,0,simulation
0.0,0.0,1,synthetic
35.1392355,126.9108491,0,simulation
35.1384846,126.9147935,0,simulation
35.138526,126.915698,0,simulation
35.1414892,126.9142489,0,simulation
35.1376415,126.9155457,0,simulation
35.1378452,126.9115998,0,simulation
35.1411742,126.9138996,0,simulation
35.1386405,126.9153689,0,simulation
35.1380126,126.9122065,0,simulation
35.1379989,126.9159906,0,simulation
35.1388568,126.9144673,0,simulation
35.1411615,126.9136452,0,simulation
35.1379715,126.9113917,0,simulation
35.1394513,126.911134,0,simulation
35.1413552,126.9144473,0,simulation
35.1377737,126.9114515,0,simulation
35.1402756,126.9137127,0,simulation
35.1384023,126.9154981,0,simulation
35.1405658,126.9141549,0,simulation
35.1401633,126.9176529,0,simulation
35.1416325,126.9135398,0,simulation
35.1389754,126.914561,0,simulation
35.1407747,126.9136873,0,simulation
35.1413106,126.9139721,0,simulation
35.0908719,126.8233957,1,synthetic
35.1386276,126.9159099,0,simulation
35.1409779,126.9138984,0,simulation
35.140374,126.9172493,0,simulation
35.1384431,126.9156117,0,simulation
35.1387349,126.9158518,0,simulation
35.1384663,126.9117141,0,simulation
35.1413617,126.9139556,0,synthetic
35.1404769,126.9176123,0,simulation
35.1381051,126.9117883,0,simulation
35.1407084,126.9174993,0,simulation
35.1609311,126.9027944,1,simulation
35.1395399,126.9108589,0,simulation
35.1392422,126.9146178,0,simulation
35.1380928,126.9118624,0,simulation
35.1374682,126.9117755,0,simulation
35.1249005,126.9059804,1,simulation
35.1382967,126.9158549,0,simulation
35.1385179,126.9160876,0,simulation
35.1400062,126.9145388,0,simulation
35.1379465,126.9159489,0,simulation
35.1381521,126.9155813,0,simulation
35.138762,126.9115976,0,simulation
35.13813,126.9155732,0,simulation
35.1383386,126.9121973,0,simulation
35.1404503,126.9171868,0,synthetic
35.1378135,126.9114897,0,simulation
35.138011,126.9120817,0,simulation
35.1382348,126.9154311,0,simulation
35.1381787,126.9115781,0,simulation
35.1381586,126.9110324,0,simulation
35.1413119,126.914127,0,simulation
35.1380018,126.9116605,0,simulation
35.1383946,126.9115459,0,simulation
35.140366,126.9170169,0,simulation
35.1408364,126.9137451,0,simulation
35.1379667,126.9157796,0,simulation
35.1383986,126.9153451,0,simulation
35.138194,126.9158735,0,simulation
35.1412535,126.914046,0,synthetic
35.1386808,126.9140885,0,simulation
35.1378131,126.9118815,0,simulation
35.1382879,126.9152745,0,simulation
35.137848,126.9160808,0,simulation
35.1411231,126.9142039,0,simulation
35.1386959,126.9144918,0,simulation
35.1382361,126.9114625,0,simulation
35.1333091,126.9273071,1,simulation
35.1393057,126.9114144,0,simulation
35.1404648,126.9176054,0,synthetic
35.1416675,126.9143757,0,simulation
35.138821,126.9111899,0,synthetic
35.1378671,126.9156297,0,simulation
35.1404521,126.917443,0,simulation
35.1377186,126.9115708,0,simulation
35.1378437,126.9121381,0,simulation
35.1390884,126.9109906,0,synthetic
35.1398883,126.9105432,0,simulation
35.1392899,126.9143642,0,simulation
35.1404877,126.9139152,0,simulation
35.1379868,126.9116561,0,simulation
35.1402727,126.9117887,0,synthetic
35.1396624,126.9114799,0,synthetic
35.1162774,126.9399801,1,simulation
35.137635,126.9114624,0,simulation
35.1403028,126.917458,0,simulation
35.1408783,126.9138021,0,synthetic
35.1384939,126.9152778,0,simulation
35.1395065,126.9118515,0,simulation
35.1377489,126.9160831,0,simulation
35.1417172,126.9138051,0,simulation
35.1385997,126.9123754,0,simulation
35.1380207,126.9158188,0,simulation
35.1380186,126.9117714,0,simulation
35.1381188,126.9118145,0,simulation
0.0,0.0,1,synthetic
35.1381859,126.9159015,0,simulation
35.1422048,126.9275576,1,simulation
35.1408335,126.9176507,0,simulation
35.1391029,126.9144424,0,simulation
35.1389926,126.9114365,0,simulation
35.1381645,126.9116741,0,simulation
35.13831,126.9158686,0,simulation
35.1385632,126.9143089,0,simulation
35.1400907,126.9142259,0,simulation
35.1382358,126.9155892,0,simulation
35.1383762,126.9159991,0,simulation
35.1264464,126.9365314,1,simulation
35.1382143,126.9157326,0,simulation
35.1377772,126.9114817,0,simulation
35.1728679,126.9347274,1,simulation
35.1384134,126.9160046,0,simulation
35.1386856,126.9141374,0,simulation
35.1385945,126.9146051,0,simulation
35.1406993,126.9145738,0,simulation
35.140004,126.9141375,0,simulation
35.1388976,126.9145186,0,simulation
35.1403194,126.914326,0,simulation
35.1378465,126.9117845,0,simulation
35.1388716,126.9146671,0,simulation
35.1776304,126.9157549,1,simulation
35.1382771,126.9161774,0,simulation
35.1411437,126.9140855,0,simulation
35.1418714,126.9141365,0,simulation
35.1380764,126.9154234,0,simulation
35.1391717,126.9109884,0,simulation
35.1382126,126.9157762,0,simulation
35.1389527,126.9141359,0,simulation
35.1616405,126.889546,1,simulation
35.1404761,126.9139075,0,simulation
35.1388786,126.9137741,0,simulation
35.1381841,126.9116884,0,simulation
35.1377438,126.9155724,0,simulation
35.1659028,126.9384772,1,simulation
35.1383978,126.916343,0,simulation
35.1391744,126.9110376,0,simulation
35.1381762,126.915682,0,simulation
35.138573,126.9146082,0,simulation
35.1381284,126.9119855,0,simulation
35.1387517,126.9146372,0,simulation
35.1383129,126.911806,0,simulation
35.1373011,126.9122459,0,simulation
35.1403215,126.9182315,0,simulation
35.1418886,126.9146365,0,synthetic
35.1374791,126.9121079,0,simulation
35.1364253,126.9294589,1,simulation
35.1383883,126.9123273,0,simulation
35.1026899,127.0323997,1,synthetic
35.1404797,126.9143753,0,simulation
35.1377817,126.9116811,0,simulation
35.1375216,126.9119,0,simulation
35.1391352,126.9111179,0,simulation
35.1376975,126.9118652,0,synthetic
35.1385963,126.916036,0,simulation
35.1379956,126.9121851,0,simulation
35.140436,126.9141324,0,simulation
35.1382924,126.9117526,0,simulation
35.1381611,126.9147752,0,simulation
35.1399122,126.9176789,0,simulation
35.1403108,126.9142853,0,simulation
35.1383394,126.9159982,0,simulation
35.1538334,126.9333125,1,synthetic
35.1384275,126.9154675,0,simulation
35.1408688,126.917282,0,simulation
35.1377678,126.9132838,0,synthetic
35.1380731,126.9120771,0,simulation
35.1392189,126.9112663,0,simulation
35.141079,126.9137241,0,simulation
35.1406432,126.9175774,0,simulation
35.1381063,126.9153443,0,simulation
35.1405924,126.9140101,0,simulation
35.1381002,126.9117749,0,simulation
35.141338,126.913672,0,simulation
35.1380343,126.9154733,0,simulation
35.1383087,126.9117075,0,simulation
35.1406439,126.9140177,0,simulation
35.1391263,126.9249673,1,simulation
35.1023793,126.9567381,1,synthetic
35.1411857,126.9143275,0,simulation
35.1410427,126.9139153,0,simulation
35.1388783,126.9143611,0,simulation
35.1410876,126.9138776,0,simulation
35.1383249,126.912354,0,simulation
35.1387434,126.9111941,0,simulation
35.1416116,126.9140128,0,simulation
35.1409499,126.9175394,0,simulation
35.1386762,126.915374,0,simulation
35.1408686,126.9141106,0,simulation
35.1377882,126.9119377,0,simulation
35.1384671,126.9117619,0,simulation
35.1407319,126.9138476,0,simulation
35.1378488,126.9117701,0,simulation
35.1408339,126.9177618,0,simulation
35.1386064,126.9139221,0,simulation
35.1374306,126.912167,0,simulation
35.1384486,126.9153552,0,simulation
35.1388953,126.9146893,0,simulation
35.1378134,126.9121697,0,simulation
35.1413749,126.9138242,0,simulation
35.1382997,126.9160473,0,simulation
35.138229,126.9153205,0,simulation
35.1390384,126.914995,0,simulation
35.1386216,126.9154627,0,simulation
35.1379494,126.9117481,0,simulation
35.138461,126.9144541,0,simulation
35.1378272,126.9117599,0,simulation
35.1412497,126.9140595,0,simulation
35.1271451,126.9137924,1,simulation
35.1410568,126.914858,0,simulation
35.1382244,126.9149027,0,simulation
35.1376455,126.9123029,0,simulation
35.1393094,126.911447,0,simulation
35.1382135,126.9124059,0,simulation
35.1412635,126.9138626,0,synthetic
35.1379283,126.9154264,0,simulation
35.1515473,126.909823,1,simulation
35.1381344,126.9160158,0,simulation
35.137759,126.911782,0,simulation
35.1474458,126.8956488,1,simulation
35.1381788,126.9121771,0,simulation
35.1396437,126.9115628,0,simulation
35.1405965,126.9176069,0,simulation
35.1394627,126.9110197,0,simulation
35.1402925,126.9177962,0,simulation
35.1385188,126.9160252,0,simulation
35.1383429,126.9120572,0,simulation
35.137896,126.9155572,0,simulation
35.1378196,126.9121175,0,simulation
35.1415631,126.9142273,0,simulation
35.1388539,126.9143822,0,simulation
35.140813,126.9143577,0,simulation
0.0,0.0,1,synthetic
35.1401834,126.9141067,0,simulation
35.1393578,126.9113236,0,simulation
35.1408539,126.9173613,0,simulation
35.138897,126.9113088,0,simulation
35.1384879,126.9121902,0,simulation
35.1410674,126.917103,0,simulation
35.1395931,126.9111847,0,simulation
35.1401244,126.9144423,0,simulation
35.1375975,126.9115723,0,simulation
35.138617,126.9123741,0,simulation
35.1420458,126.8766059,1,simulation
35.1380739,126.911594,0,simulation
35.1407306,126.9143039,0,simulation
35.138436,126.9163914,0,simulation
35.1373053,126.9114016,0,simulation
35.1382885,126.9117827,0,simulation
35.1382924,126.9115048,0,simulation
35.1382395,126.9158277,0,simulation
35.1409329,126.9143341,0,simulation
35.1394924,126.9111698,0,simulation
35.1379791,126.9157694,0,simulation
35.137916,126.9156963,0,simulation
35.1406484,126.9179271,0,simulation
35.1379463,126.9157316,0,simulation
35.1379065,126.9151471,0,simulation
35.1378973,126.9122466,0,simulation
35.1387968,126.9143111,0,simulation
35.141086,126.9139549,0,simulation
35.1308952,126.9229094,1,simulation
35.1382056,126.9155325,0,simulation
35.1384332,126.9118845,0,simulation
35.1386911,126.9138866,0,simulation
35.1406239,126.9141366,0,simulation
35.1388485,126.9146197,0,simulation
35.1383409,126.9156946,0,synthetic
35.1271985,126.9500237,1,simulation
35.1383144,126.9119886,0,simulation
35.1374523,126.9114104,0,simulation
35.1399655,126.9178731,0,simulation
35.1410919,126.9145442,0,simulation
35.1383241,126.9118645,0,simulation
35.138119,126.9154883,0,simulation
35.1407682,126.9178038,0,simulation
35.1404218,126.914751,0,simulation
35.1392916,126.9145934,0,simulation
35.1387865,126.9146296,0,simulation
35.1258576,126.9272949,1,simulation
35.137643,126.9120012,0,simulation
35.1382788,126.9118312,0,simulation
35.1379172,126.9117267,0,simulation
35.1418225,126.9145211,0,simulation
35.1387554,126.9145675,0,simulation
35.1411092,126.9141485,0,simulation
35.1374536,126.9118922,0,simulation
35.1379397,126.9156254,0,simulation
35.1397488,126.911163,0,synthetic
35.1378761,126.9155342,0,simulation
35.1401745,126.9144411,0,simulation
35.1384837,126.9121427,0,simulation
35.1413082,126.9141,0,simulation
35.1403642,126.9176228,0,simulation
35.1416037,126.9148307,0,simulation
35.1410519,126.9174072,0,simulation
35.1404803,126.9176387,0,simulation
35.1410433,126.913902,0,simulation
35.0840638,126.8172845,1,synthetic
35.1409363,126.9135333,0,simulation
35.2245974,126.9697629,1,synthetic
35.1380522,126.9155625,0,simulation
35.1414369,126.9137434,0,simulation
35.1388862,126.9143625,0,simulation
35.1384196,126.9140439,0,simulation
35.1381121,126.9117355,0,simulation
35.1375422,126.9120262,0,simulation
35.1408221,126.9180939,0,simulation
35.1414809,126.9137298,0,simulation
35.138587,126.9118203,0,simulation
35.1405701,126.9141914,0,simulation
35.1402071,126.914532,0,simulation
35.1383316,126.9119221,0,simulation
35.1381205,126.9117213,0,simulation
35.1383192,126.9120362,0,simulation
35.1379939,126.9119066,0,simulation
35.1407411,126.9174576,0,synthetic
35.1389345,126.9142746,0,simulation
35.1388802,126.9107118,0,simulation
35.1383814,126.9160013,0,simulation
35.1377654,126.9158061,0,simulation
35.1382921,126.9116648,0,simulation
35.139084,126.9145634,0,simulation
35.1381027,126.9161164,0,simulation
35.1395692,126.9111775,0,simulation
35.1409498,126.9175563,0,simulation
35.1409865,126.9140788,0,simulation
35.1409617,126.9141277,0,simulation
35.1390091,126.9144277,0,synthetic
35.1377477,126.9156238,0,simulation
35.1404508,126.9134797,0,simulation
35.1383936,126.916034,0,simulation
35.1330909,126.8973005,1,simulation
35.1381507,126.9117586,0,simulation
35.138357,126.9158952,0,simulation
35.1419007,126.9112093,0,synthetic
35.1277588,126.9033403,1,simulation
35.1407121,126.9143518,0,simulation
35.138566,126.915776,0,simulation
35.1383397,126.9160476,0,synthetic
35.1561273,126.9094747,1,simulation
35.1417888,126.9139531,0,simulation
35.1379592,126.9121949,0,simulation
35.1385623,126.9114647,0,simulation
35.1377503,126.9115474,0,simulation
35.138066,126.9159817,0,simulation
35.1401668,126.9174265,0,simulation
35.1388902,126.9143416,0,simulation
35.1382303,126.9157334,0,simulation
35.137815,126.9115937,0,simulation
35.1393942,126.9104153,0,simulation
35.129731,126.929099,1,simulation
35.1385714,126.9138719,0,simulation
35.1249312,126.9014273,1,simulation
35.1404544,126.9146789,0,simulation
35.1379418,126.9119189,0,simulation
0.0,0.0,1,synthetic
35.1390054,126.9115008,0,simulation
35.1384735,126.9156336,0,simulation
35.1376273,126.9118445,0,simulation
35.1415496,126.9145507,0,simulation
35.1402602,126.9178135,0,simulation
35.1382903,126.9158709,0,simulation
35.1416178,126.9142183,0,simulation
35.1403378,126.9141274,0,simulation
35.1374571,126.9116633,0,simulation
35.1397151,126.9109859,0,simulation
35.1397142,126.9113324,0,simulation
35.1409135,126.9172882,0,simulation
35.1407715,126.9139163,0,simulation
35.1390328,126.9152377,0,simulation
35.1379981,126.9122503,0,simulation
35.1410798,126.9134855,0,simulation
35.1379364,126.9160827,0,simulation
35.1419164,126.9137961,0,simulation
35.1381875,126.9159811,0,simulation
35.1408152,126.9140405,0,simulation
35.1377439,126.9124493,0,simulation
35.1384165,126.9146537,0,simulation
35.1404529,126.9139792,0,simulation
35.1385174,126.9140675,0,simulation
35.1396368,126.9110029,0,simulation
35.1403917,126.9143112,0,simulation
35.1407027,126.9167511,0,simulation
35.1388027,126.9150351,0,simulation
35.1382317,126.9114809,0,simulation
35.2394986,126.8786794,1,synthetic
35.1377958,126.9154956,0,simulation
35.1378022,126.9152879,0,simulation
35.1384553,126.9144834,0,simulation
35.1417724,126.9145064,0,simulation
35.1382045,126.9162258,0,synthetic
35.1384494,126.9124084,0,simulation
35.1412131,126.9135596,0,simulation
35.1413833,126.9145805,0,simulation
35.1395363,126.9111755,0,simulation
35.1382047,126.9119663,0,simulation
35.1416127,126.9135487,0,simulation
35.1376632,126.9117268,0,simulation
35.13883,126.9119094,0,simulation
35.1413918,126.9142419,0,simulation
35.161834,126.8870625,1,simulation
35.138869,126.9145783,0,simulation
35.1404821,126.9175717,0,simulation
35.1381961,126.9158147,0,simulation
35.1382074,126.9164195,0,simulation
35.1412377,126.9139303,0,simulation
35.1384707,126.9116579,0,simulation
35.1414423,126.913692,0,simulation
35.1405854,126.9142454,0,simulation
35.1404385,126.9171812,0,simulation
35.1392294,126.9111141,0,simulation
35.1378467,126.9114722,0,simulation
35.1378223,126.9113649,0,simulation
35.1385526,126.9146742,0,simulation
35.1382359,126.9161807,0,simulation
35.1381966,126.9121286,0,simulation
35.1384116,126.9151292,0,simulation
35.1382424,126.9120466,0,simulation
35.138761,126.9149652,0,simulation
35.1384236,126.9148964,0,simulation
35.1394229,126.9111777,0,simulation
35.1411985,126.9140524,0,simulation
35.1400792,126.9112533,0,simulation
35.1381872,126.9157726,0,simulation
35.1384736,126.9153797,0,simulation
35.1401797,126.9141795,0,simulation
35.1408929,126.9144233,0,simulation
35.1410318,126.9136564,0,simulation
35.1306976,126.9320887,1,simulation
35.1377303,126.9154517,0,simulation
35.1377627,126.9160722,0,simulation
35.1385307,126.9159534,0,simulation
35.1388292,126.9154107,0,simulation
35.138375,126.9151803,0,simulation
35.1411554,126.9140317,0,simulation
35.1382258,126.9155237,0,simulation
35.1375681,126.9118548,0,simulation
35.1398017,126.9145955,0,simulation
35.1408806,126.9174817,0,simulation
35.1381416,126.9113426,0,simulation
35.1382814,126.9117444,0,simulation
35.1381543,126.9158242,0,simulation
35.1379716,126.9116214,0,simulation
35.13762,126.9119418,0,synthetic
35.1399084,126.911306,0,simulation
35.1383429,126.9122729,0,simulation
35.1440498,126.9136404,1,simulation
35.1384974,126.9154267,0,simulation
35.0917919,126.8495294,1,synthetic
35.1387996,126.9055728,0,synthetic
35.1416742,126.9138563,0,simulation
35.1404496,126.9180499,0,simulation
35.1542318,126.9061151,1,simulation
35.1421389,126.9138122,0,simulation
35.1395781,126.9111883,0,simulation
35.1382524,126.9155606,0,simulation
35.140388,126.9142704,0,simulation
35.1401381,126.9138908,0,simulation
35.1414896,126.9139035,0,simulation
35.1402589,126.9137406,0,simulation
35.1391112,126.9115001,0,simulation
35.1381024,126.9115344,0,simulation
35.1381716,126.9155734,0,simulation
35.1389727,126.9138603,0,simulation
35.1384327,126.9118867,0,simulation
35.1417315,126.9135538,0,simulation
35.1389714,126.9114536,0,simulation
35.2258823,126.8675852,1,synthetic
35.1388387,126.9143717,0,simulation
35.1378451,126.9116345,0,simulation
35.1382034,126.9121455,0,simulation
35.1383537,126.9159947,0,simulation
35.1386835,126.9157846,0,simulation
35.1413497,126.9140023,0,simulation
35.1391911,126.9109285,0,simulation
35.1376731,126.9154241,0,simulation
35.1408912,126.91763,0,simulation
35.1402928,126.9141093,0,simulation
35.1384375,126.9157566,0,simulation
35.1386235,126.9145863,0,simulation
35.1386046,126.9158624,0,synthetic
35.1403664,126.9177434,0,synthetic
35.1402238,126.9141791,0,simulation
35.1383786,126.9161147,0,simulation
35.1391331,126.9143979,0,simulation
35.140752,126.9175675,0,simulation
35.1382242,126.9157758,0,simulation
35.1394002,126.9110241,0,simulation
35.1386406,126.915386,0,simulation
35.1383528,126.9114042,0,simulation
35.1390322,126.9112443,0,simulation
35.1393834,126.9114711,0,simulation
35.1196096,126.9099246,1,simulation
35.140671,126.917816,0,simulation
35.1382985,126.9118276,0,simulation
35.1404477,126.9173178,0,simulation
35.1393512,126.9108655,0,simulation
35.1384978,126.9142805,0,simulation
35.1409421,126.9177376,0,simulation
35.137965,126.9118443,0,synthetic
35.1377338,126.9112564,0,simulation
35.1384119,126.9142157,0,simulation
35.1390798,126.9110865,0,simulation
35.1406255,126.9145883,0,simulation
35.1377388,126.9115117,0,simulation
35.1403752,126.913991,0,simulation
35.1378716,126.9117926,0,simulation
35.1382522,126.9115054,0,simulation
35.1427234,126.9125208,0,synthetic
35.1405434,126.9138129,0,simulation
35.1401583,126.9175179,0,simulation
35.1381841,126.9156558,0,simulation
35.1386095,126.9113306,0,simulation
35.1398492,126.9111854,0,simulation
35.1406287,126.9180644,0,simulation
35.1847337,126.9025009,1,simulation
35.1388821,126.9140873,0,simulation
35.1396835,126.9075548,0,synthetic
35.1400272,126.9178117,0,simulation
35.138064,126.9116687,0,simulation
35.1384702,126.915605,0,simulation
35.1384201,126.9118897,0,simulation
35.1384136,126.9156418,0,simulation
35.1380929,126.9160636,0,synthetic
35.1380965,126.9155023,0,simulation
35.1406026,126.9172455,0,simulation
35.1401177,126.9140422,0,simulation
35.1384516,126.9121467,0,simulation
35.1379621,126.912189,0,simulation
35.1379072,126.9123351,0,simulation
35.1405233,126.9171733,0,simulation
35.1380762,126.9113907,0,simulation
35.1411687,126.946872,1,simulation
35.1392823,126.9109281,0,simulation
35.1381197,126.9119681,0,simulation
35.1387752,126.9117037,0,simulation
35.1380635,126.9158464,0,simulation
35.1379586,126.9124312,0,simulation
35.1415579,126.914089,0,simulation
35.141396,126.9135123,0,simulation
35.140939,126.9139524,0,simulation
35.1386874,126.9156814,0,simulation
35.1393855,126.9111289,0,simulation
35.1412652,126.9138694,0,simulation
35.1385138,126.9148401,0,simulation
35.1404522,126.91775,0,simulation
35.1387055,126.9158603,0,simulation
35.1383061,126.9160845,0,simulation
35.1380482,126.9161716,0,simulation
35.155292,126.8424946,1,synthetic
35.1377201,126.9119297,0,simulation
35.1378496,126.9121915,0,synthetic
35.1380426,126.9154428,0,simulation
35.1381294,126.9119325,0,simulation
35.1424434,126.9132103,0,synthetic
35.1384338,126.9154717,0,simulation
35.1391383,126.9113374,0,simulation
35.1427233,126.9134936,0,synthetic
35.162153,126.9211373,1,simulation
35.1012557,126.9200294,1,simulation
35.1385264,126.9155976,0,simulation
35.1407884,126.9135359,0,simulation
35.1403713,126.914496,0,simulation
35.13774,126.9113991,0,simulation
35.1389611,126.9145928,0,simulation
35.1378658,126.9117378,0,simulation
35.1440894,126.9063313,1,simulation
35.1391099,126.9142373,0,simulation
35.1376675,126.9117678,0,simulation
35.1411449,126.9143428,0,simulation
35.141244,126.9139595,0,simulation
35.1376769,126.9115395,0,simulation
35.1378403,126.915738,0,simulation
35.139895,126.9115083,0,simulation
35.1404787,126.9176673,0,simulation
35.1387308,126.9141378,0,simulation
35.1384757,126.9162219,0,simulation
35.140345,126.917065,0,simulation
35.1385625,126.9114927,0,simulation
35.1383035,126.9148618,0,simulation
35.1398972,126.914111,0,simulation
35.1389227,126.9147085,0,simulation
35.1388258,126.9146443,0,simulation
35.1397871,126.9102593,0,synthetic
35.1384702,126.914439,0,simulation
35.1387023,126.9142983,0,synthetic
35.1390973,126.9142371,0,simulation
35.1381911,126.9157477,0,simulation
35.1404311,126.9362124,1,simulation
35.1388701,126.9140436,0,simulation
35.1381863,126.9125021,0,simulation
35.1378075,126.9162811,0,simulation
35.1385612,126.9121383,0,simulation
35.1395841,126.9109384,0,simulation
35.1393419,126.9111084,0,simulation
35.0617437,126.9072747,1,synthetic
35.1412189,126.9140767,0,simulation
35.1380051,126.9119194,0,simulation
35.1386204,126.9120792,0,simulation
35.1388082,126.9142291,0,simulation
35.1378417,126.915884,0,simulation
35.1378024,126.911575,0,simulation
35.138181,126.9157849,0,simulation
35.1388737,126.9135069,0,synthetic
35.1389266,126.9143699,0,simulation
35.1417586,126.9118525,0,synthetic
35.1388558,126.9144883,0,simulation
35.1374194,126.9123832,0,simulation
35.1382247,126.9117446,0,simulation
35.1039423,126.9121457,1,simulation
35.1387684,126.9115587,0,simulation
35.1379267,126.9165374,0,simulation
35.1388753,126.9142877,0,simulation
35.1206503,126.9348931,1,simulation
35.1393249,126.910855,0,simulation
35.1381962,126.9165259,0,simulation
35.1399341,126.9141281,0,simulation
35.1410151,126.9178978,0,simulation
35.1257736,126.9468799,1,synthetic
35.1378088,126.9151981,0,simulation
35.1405305,126.9180115,0,simulation
35.141843,126.9139753,0,simulation
35.1389484,126.9161453,0,simulation
35.1409772,126.9145081,0,simulation
35.1390354,126.9148016,0,simulation
35.1384964,126.9115735,0,simulation
35.1393659,126.9439614,1,simulation
35.1416514,126.9142603,0,simulation
35.1383347,126.9140983,0,simulation
35.1394778,126.9109352,0,simulation
35.1366984,126.9189131,1,simulation
35.1405504,126.9141981,0,simulation
35.1382705,126.9158826,0,simulation
35.1380906,126.9117884,0,simulation
35.1412352,126.9135063,0,simulation
35.1387356,126.9145224,0,synthetic
35.1403954,126.9173894,0,simulation
35.137827,126.9120498,0,simulation
35.1378543,126.9120741,0,simulation
35.13984,126.9171502,0,simulation
35.1379894,126.9115056,0,simulation
35.1376593,126.9157894,0,simulation
35.1386436,126.911455,0,simulation
35.1416059,126.9141118,0,simulation
35.1387657,126.9121324,0,simulation
35.1408125,126.9173155,0,synthetic
35.1381371,126.9154895,0,simulation
35.1379575,126.9118902,0,simulation
35.1380776,126.9118277,0,simulation
35.1380225,126.9156761,0,simulation
35.1384229,126.9117425,0,simulation
35.137789,126.9125711,0,simulation
35.1387279,126.9145075,0,simulation
35.138901,126.9145913,0,simulation
35.1385985,126.9143763,0,simulation
35.1383269,126.9142382,0,simulation
35.1405066,126.9177634,0,synthetic
35.1394567,126.9108332,0,simulation
35.1382235,126.9152794,0,simulation
35.1402021,126.9175307,0,simulation
35.1389786,126.9146313,0,simulation
35.1399359,126.9178225,0,simulation
35.1374847,126.9123022,0,simulation
35.1385158,126.9151002,0,simulation
35.1382686,126.9120453,0,simulation
35.1408741,126.9171592,0,simulation
35.1372649,126.9120614,0,simulation
35.1384003,126.9155103,0,simulation
35.138584,126.9123822,0,simulation
35.1391675,126.914542,0,simulation
35.1385224,126.911999,0,simulation
35.1382755,126.9119289,0,simulation
35.1381326,126.915959,0,synthetic
35.1401849,126.9141446,0,simulation
35.1417116,126.913792,0,simulation
35.1379778,126.9160086,0,simulation
35.1376482,126.9154434,0,simulation
35.1379654,126.9120142,0,simulation
35.1382105,126.915231,0,simulation
35.1406616,126.9144463,0,simulation
35.1378413,126.912093,0,simulation
35.1378412,126.9118759,0,simulation
35.1413263,126.9140474,0,simulation
35.1452608,126.9148726,0,synthetic
35.1395055,126.911295,0,simulation
35.1419395,126.9142499,0,simulation
35.1379062,126.9152394,0,simulation
35.1383084,126.9118712,0,simulation
35.1393644,126.91421,0,simulation
35.1385515,126.9159669,0,simulation
35.1411703,126.914655,0,simulation
35.1391271,126.9091728,0,synthetic
35.1380137,126.9113206,0,simulation
35.1404021,126.9144512,0,simulation
35.1375148,126.9119828,0,simulation
35.138598,126.9117496,0,simulation
35.1390687,126.9108748,0,simulation
35.14045,126.9179938,0,simulation
35.1382658,126.9159249,0,simulation
35.1381538,126.9120639,0,simulation
35.1375411,126.9159941,0,simulation
35.1386447,126.9141722,0,simulation
35.1376112,126.9112295,0,simulation
35.1377588,126.9119285,0,simulation
35.1392318,126.9106969,0,simulation
35.139712,126.9110573,0,simulation
35.1380351,126.9161937,0,simulation
35.1389246,126.9109189,0,simulation
35.1405577,126.9149166,0,simulation
35.1395082,126.9104639,0,simulation
35.1410115,126.914641,0,simulation
35.1380025,126.9119043,0,simulation
35.138532,126.9157823,0,simulation
35.1416519,126.9139576,0,simulation
35.1402546,126.914824,0,simulation
35.1407088,126.9175906,0,simulation
35.1405904,126.9139653,0,simulation
35.1403256,126.9154863,0,synthetic
35.1391729,126.9108795,0,simulation
35.1383984,126.9156356,0,simulation
35.1409496,126.9169801,0,simulation
35.137585,126.9117703,0,simulation
35.1380536,126.911955,0,simulation
35.1409104,126.9143308,0,simulation
35.1378726,126.9118014,0,simulation
35.1381255,126.9157561,0,simulation
35.0786015,126.8482563,1,synthetic
35.1409817,126.9184044,0,simulation
35.1384684,126.9154715,0,simulation
35.1384003,126.9152388,0,simulation
35.1381061,126.9119536,0,simulation
35.1407419,126.9141672,0,simulation
35.1379231,126.9154241,0,simulation
35.1386932,126.9136511,0,simulation
35.1408276,126.9177,0,simulation
35.140125,126.9175061,0,simulation
35.1404378,126.9149984,0,simulation
35.1400494,126.9143898,0,synthetic
35.1379332,126.9162268,0,simulation
35.1384803,126.916083,0,simulation
35.1387213,126.9116941,0,simulation
35.139123,126.9158306,0,simulation
35.1178047,126.9759444,1,synthetic
35.13944,126.9109823,0,simulation
35.1519998,126.9131881,1,simulation
35.1403635,126.9178405,0,simulation
35.1382398,126.9121338,0,simulation
35.1396722,126.9108796,0,simulation
35.1402628,126.9138941,0,simulation
35.1387504,126.9115316,0,simulation
35.1402994,126.9143129,0,simulation
35.1378638,126.9119818,0,simulation
35.1389713,126.910783,0,simulation
35.1404974,126.9178025,0,simulation
35.138439,126.9148991,0,simulation
35.1381308,126.9158779,0,simulation
35.1384548,126.91468,0,simulation
35.1513374,126.9037563,1,simulation
35.1381729,126.9119543,0,simulation
35.1149802,126.9232749,1,simulation
35.1384427,126.9118678,0,simulation
35.1400354,126.9172336,0,simulation
35.1408083,126.9178879,0,synthetic
35.1414787,126.9136483,0,simulation
35.1382363,126.9083193,0,synthetic
35.13932,126.911679,0,simulation
35.138657,126.9149797,0,synthetic
35.1400865,126.9142858,0,simulation
35.137784,126.9163838,0,simulation
35.137932,126.9152615,0,simulation
35.1382634,126.9118208,0,simulation
35.1396337,126.9140422,0,simulation
35.1379356,126.9158085,0,simulation
35.1405032,126.9170983,0,synthetic
35.1395319,126.9110746,0,simulation
35.139656,126.9108397,0,simulation
35.1378244,126.9152871,0,simulation
35.1393075,126.9151489,0,synthetic
35.1384057,126.9157034,0,simulation
35.1413469,126.9141624,0,simulation
35.1405445,126.9178063,0,simulation
0.0,0.0,1,synthetic
35.1401961,126.9141337,0,simulation
35.141626,126.9140723,0,simulation
35.1408584,126.9178228,0,simulation
35.1385521,126.9156855,0,simulation
35.1406378,126.9175976,0,simulation
35.1412981,126.9139935,0,simulation
35.1403546,126.9179867,0,simulation
35.1384246,126.9146097,0,simulation
35.1609492,126.9045645,1,simulation
35.1384212,126.9117229,0,simulation
35.1406967,126.9139361,0,simulation
35.1384509,126.9155816,0,simulation
35.1382348,126.9152856,0,simulation
35.140571,126.9172891,0,simulation
35.1390946,126.9110265,0,simulation
35.1424318,126.9107146,0,synthetic
35.1376894,126.9155788,0,simulation
35.138082,126.9122515,0,simulation
35.1393517,126.9108778,0,simulation
35.1377964,126.9117844,0,simulation
35.1403952,126.9173984,0,simulation
35.1377851,126.9117371,0,synthetic
35.1409614,126.9140947,0,simulation
35.140374,126.914032,0,simulation
35.1381691,126.9118586,0,simulation
35.1409708,126.9141248,0,simulation
35.1383716,126.9096727,0,synthetic
35.1402807,126.9170554,0,simulation
35.1379233,126.9155698,0,synthetic
35.1324355,126.9172723,1,simulation
35.1406905,126.9138993,0,simulation
35.1395597,126.9140835,0,simulation
35.1406267,126.9180954,0,simulation
35.1387025,126.916086,0,simulation
35.1403064,126.9144239,0,simulation
35.1405696,126.9177136,0,simulation
35.1387733,126.9151593,0,simulation
35.1403156,126.9139304,0,simulation
35.13854,126.9162284,0,simulation
35.1402087,126.9145393,0,simulation
35.1403128,126.914223,0,synthetic
35.1409193,126.9173405,0,simulation
35.1217595,126.9120202,1,simulation
35.1404398,126.9136777,0,simulation
35.137302,126.9148137,0,synthetic
35.1381629,126.9156128,0,simulation
35.1386504,126.9143752,0,simulation
35.1388002,126.9144278,0,simulation
35.138163,126.9157172,0,simulation
35.1387344,126.915558,0,simulation
35.1389026,126.9144072,0,simulation
35.1699129,126.9084664,1,simulation
35.138262,126.911474,0,simulation
35.1381778,126.9122629,0,simulation
35.1383048,126.9150671,0,simulation
35.1393406,126.911565,0,synthetic
35.1381704,126.9114286,0,simulation
35.1408008,126.9174858,0,simulation
35.1383471,126.912198,0,simulation
35.1406434,126.9175809,0,simulation
35.1385582,126.9121163,0,simulation
35.1397569,126.9147392,0,simulation
35.139513,126.9109233,0,simulation
35.1390205,126.9107524,0,simulation
35.1386558,126.9119267,0,synthetic
35.1551628,126.9745112,1,simulation
35.1384623,126.9113917,0,simulation
35.115858,126.8999713,1,simulation
35.137982,126.9117226,0,simulation
35.1412262,126.9137676,0,simulation
35.1405435,126.9172753,0,simulation
35.1388296,126.9158779,0,simulation
35.1377264,126.911815,0,simulation
35.1404618,126.9169676,0,simulation
35.1409232,126.9140927,0,simulation
35.1411772,126.9175328,0,simulation
35.1409291,126.9138555,0,simulation
35.1384076,126.9159604,0,synthetic
35.1400706,126.9171638,0,simulation
35.1406148,126.9177,0,simulation
35.1409156,126.9140202,0,simulation
35.1624018,126.8316409,1,synthetic
35.1378619,126.9158051,0,simulation
35.1406474,126.91732,0,simulation
35.1397585,126.91109,0,simulation
35.1384439,126.9143221,0,simulation
35.1408424,126.9140847,0,simulation
35.1405112,126.9143857,0,simulation
35.1377164,126.9119775,0,simulation
35.1383648,126.9157543,0,simulation
35.1386582,126.9143554,0,simulation
35.1381427,126.9156549,0,simulation
35.1387457,126.9158661,0,simulation
35.1380832,126.9145945,0,simulation
35.1388797,126.9144143,0,simulation
35.1413598,126.9135523,0,simulation
35.1390733,126.91166,0,simulation
35.1385624,126.9157854,0,simulation
35.1409758,126.9139783,0,simulation
35.1368041,126.909417,0,synthetic
35.1404174,126.9178805,0,simulation
35.1385752,126.9147418,0,simulation
35.1382647,126.9155486,0,simulation
35.138585,126.91219,0,simulation
35.1392118,126.9146858,0,simulation
35.1595828,126.9128124,1,simulation
35.1384111,126.915717,0,simulation
35.1377077,126.9157304,0,simulation
35.1393998,126.9108169,0,synthetic
35.1377051,126.912192,0,simulation
35.138344,126.9158266,0,simulation
35.1395158,126.911503,0,simulation
35.1407068,126.9138689,0,simulation
35.1410396,126.9145685,0,simulation
35.1379101,126.9121206,0,simulation
35.1386838,126.9119926,0,simulation
35.138836,126.9145323,0,simulation
35.137402,126.9120529,0,simulation
35.1378311,126.9155284,1,simulation
35.1406275,126.9143443,0,simulation
35.1417802,126.9138476,0,simulation
35.1388882,126.914372,0,simulation
35.1409857,126.9142431,0,simulation
35.1378542,126.91559,0,simulation
35.1379115,126.9118849,0,simulation
35.1409311,126.914432,0,simulation
35.1379016,126.9160379,0,simulation
35.1408076,126.9175297,0,simulation
35.1383234,126.9157937,0,simulation
35.1392789,126.9108248,0,simulation
35.1383073,126.9139149,0,simulation
35.1382144,126.9156046,0,simulation
35.1394106,126.9114508,0,simulation
35.1384679,126.911992,0,synthetic
35.1407218,126.9139247,0,simulation
35.2029513,127.0110681,1,synthetic
35.1635491,126.817285,1,synthetic
35.1379699,126.9120398,0,simulation
35.1382983,126.9161556,0,simulation
35.1380982,126.9123329,0,simulation
35.1382416,126.9146131,0,simulation
35.1382588,126.9120745,0,simulation
35.137909,126.9160235,0,simulation
35.1379176,126.9115083,0,simulation
35.138915,126.9144054,0,simulation
35.1391472,126.9111341,0,simulation
35.1382311,126.9154154,0,simulation
35.1387778,126.9147049,0,simulation
35.1382641,126.9159454,0,simulation
35.1415596,126.9137488,0,simulation
35.1376157,126.9119355,0,simulation
35.1414398,126.9103242,0,synthetic
35.1379161,126.9159887,0,simulation
35.138351,126.9147706,0,simulation
35.1384064,126.911929,0,simulation
35.1383489,126.9160099,0,simulation
35.1379086,126.915744,0,simulation
35.140487,126.9176358,0,simulation
35.1381314,126.9121385,0,synthetic
35.1382582,126.9157182,0,simulation
35.1407856,126.917716,0,simulation
35.1408003,126.9176313,0,simulation
35.1396887,126.9144878,0,simulation
35.1379884,126.9158359,0,simulation
35.1381055,126.911416,0,simulation
35.1409428,126.9145984,0,simulation
35.1388883,126.9161138,0,simulation
35.1383843,126.9118608,0,simulation
35.138939,126.9144002,0,simulation
35.1384145,126.9113931,0,simulation
35.1405735,126.9176509,0,simulation
35.1387842,126.9137704,0,simulation
35.1387259,126.9112193,0,synthetic
35.1402283,126.9176606,0,simulation
35.1385126,126.9148499,0,simulation
35.1384471,126.9116289,0,simulation
35.138803,126.9143771,0,simulation
35.1383225,126.9152523,0,simulation
35.1387939,126.914252,0,simulation
35.1386018,126.9116451,0,simulation
35.140495,126.9175794,0,simulation
35.1381701,126.9157349,0,simulation
35.1380733,126.916045,0,simulation
35.1402565,126.9170231,0,simulation
35.1408028,126.9174731,0,synthetic
35.1408038,126.958785,1,simulation
35.13853,126.9120888,0,simulation
35.1379317,126.9116336,0,simulation
35.1381386,126.9159765,0,simulation
35.1554229,126.9223625,1,simulation
35.138,126.9160981,0,simulation
35.1404481,126.9142733,0,simulation
35.137967,126.915523,0,simulation
35.1388057,126.9118128,0,simulation
35.1383445,126.916259,0,simulation
35.1403765,126.914197,0,simulation
35.1384653,126.9163124,0,simulation
35.1392886,126.9144344,0,simulation
35.1390768,126.9144357,0,simulation
35.1396914,126.911357,0,simulation
35.1384389,126.9158677,0,simulation
35.1403978,126.9144208,0,simulation
35.1381093,126.9158923,0,simulation
35.1383862,126.9120004,0,simulation
35.1379564,126.9160918,0,simulation
35.1390901,126.9142091,0,simulation
35.1409199,126.91795,0,simulation
35.1380467,126.9161508,0,simulation
35.1013444,127.0424429,1,synthetic
35.1387078,126.9139771,0,simulation
35.1409272,126.91732,0,simulation
35.1381641,126.9117335,0,simulation
35.1416588,126.91415,0,simulation
35.1374811,126.9123478,0,simulation
35.1412016,126.9142,0,simulation
35.1378457,126.9158495,0,simulation
35.1401459,126.9144948,0,simulation
35.1392171,126.9112073,0,simulation
35.1385446,126.914842,0,simulation
35.1378224,126.9118213,0,simulation
35.1402445,126.9172001,0,simulation
35.1395229,126.9112189,0,simulation
0.0,0.0,1,synthetic
35.1384255,126.911512,0,simulation
35.1395235,126.911027,0,simulation
35.1382205,126.9116908,0,simulation
35.1381444,126.9158073,0,simulation
35.1408743,126.9140931,0,simulation
35.1394175,126.9047792,1,simulation
35.1401964,126.9077113,0,synthetic
35.1394425,126.9111119,0,simulation
35.1379317,126.915609,0,simulation
35.1412153,126.9139472,0,simulation
35.1402098,126.9177292,0,simulation
35.1375055,126.9119147,0,simulation
35.1382423,126.9155413,0,simulation
35.1413229,126.9143709,0,simulation
35.1404095,126.9173307,0,simulation
35.1406492,126.9142593,0,simulation
35.1405593,126.917212,0,simulation
35.1401165,126.914277,0,simulation
35.1414245,126.9138163,0,simulation
35.1391066,126.9113782,0,simulation
35.1386275,126.9160043,0,simulation
35.1385621,126.9117098,0,simulation
35.1379017,126.916082,0,simulation
35.1386628,126.9144827,0,simulation
35.1397643,126.9115859,0,simulation
35.1375923,126.911514,0,simulation
35.1383364,126.9119217,0,simulation
35.1387065,126.9117543,0,simulation
35.1384465,126.9158121,0,simulation
35.1403013,126.9146366,0,simulation
35.1388222,126.9107936,0,simulation
35.1389588,126.9107351,0,simulation
35.1408025,126.9178926,0,simulation
35.1383826,126.9122768,0,simulation
35.1407191,126.9140998,0,simulation
35.1381077,126.9156615,0,simulation
35.1383763,126.912154,0,simulation
35.1385962,126.9118261,0,simulation
35.1380762,126.91618,0,simulation
35.1386821,126.915769,0,simulation
35.1385645,126.9145323,0,simulation
35.1379822,126.9118967,0,simulation
35.1380581,126.9115614,0,simulation
35.1386796,126.9115157,0,simulation
35.1394384,126.9114749,0,synthetic
35.1407833,126.9144097,0,simulation
35.1405269,126.9174928,0,simulation
35.1378503,126.9120745,0,simulation
35.139008,126.9110206,0,simulation
35.1379592,126.9151747,0,simulation
35.1382804,126.9149497,0,simulation
35.1375935,126.9118633,0,simulation
35.1383126,126.9160075,0,simulation
35.1379743,126.9153884,0,synthetic
35.1385418,126.9142609,0,simulation
35.1404364,126.9140386,0,simulation
35.1381723,126.9118139,0,simulation
35.1408301,126.9135625,0,simulation
35.1381347,126.9159096,0,simulation
35.1405987,126.9172427,0,simulation
35.1381529,126.9114779,0,simulation
35.1401386,126.9170378,0,synthetic
35.1377212,126.916109,0,simulation
35.139813,126.9141992,0,simulation
35.1415123,126.9138434,0,simulation
35.140092,126.9141401,0,simulation
35.13836,126.9141508,0,simulation
35.1380524,126.9156413,0,simulation
35.1380927,126.9118343,0,simulation
35.1409059,126.9178766,0,simulation
35.1396246,126.9117492,0,simulation
35.1406471,126.9142219,0,simulation
35.1386033,126.9118097,0,simulation
35.1245325,126.8867624,1,simulation
35.1392079,126.9111107,0,simulation
35.1377412,126.9118093,0,simulation
35.1376777,126.9123721,0,simulation
35.1396578,126.9111849,0,simulation
35.1406605,126.9143146,0,simulation
35.1406832,126.91747,0,simulation
35.1379094,126.9160504,0,simulation
35.1389973,126.9141762,0,simulation
35.1383113,126.9114558,0,simulation
35.1377861,126.9119979,0,simulation
35.1407695,126.9148163,0,simulation
35.1374724,126.9121313,0,simulation
35.141339,126.9139295,0,simulation
35.1377202,126.9158261,0,simulation
35.139032,126.9108094,0,simulation
35.1246767,127.0360359,1,synthetic
35.1385519,126.9153793,0,simulation
35.1407204,126.914752,0,simulation
35.1379358,126.911832,0,simulation
35.1371424,126.9190698,1,simulation
35.1413849,126.9140951,0,simulation
35.1404298,126.9180172,0,simulation
35.1385874,126.9142042,0,synthetic
35.1401119,126.9139928,0,synthetic
35.1386842,126.9118391,0,simulation
35.1405613,126.9171228,0,simulation
35.1392056,126.9112642,0,simulation
35.1386277,126.9157485,0,simulation
35.1415843,126.913969,0,simulation
35.141166,126.9139006,0,simulation
35.1381705,126.9119815,0,synthetic
35.1412113,126.9139716,0,simulation
35.1388367,126.9149614,0,simulation
35.1385085,126.9153816,0,simulation
35.1401461,126.9173019,0,simulation
35.1383052,126.9154092,0,simulation
35.1386437,126.9144454,0,simulation
35.1390929,126.9111991,0,simulation
35.1388473,126.9146033,0,simulation
35.1383821,126.9114987,0,simulation
35.1385377,126.9117963,0,simulation
35.1392668,126.9112243,0,simulation
35.1385733,126.9156624,0,simulation
35.1404976,126.913883,0,simulation
35.1407246,126.9138688,0,simulation
35.137789,126.9113497,0,simulation
35.2397748,126.9891258,1,synthetic
35.1716138,126.8824737,1,simulation
35.1407195,126.9171325,0,simulation
35.14068,126.9179879,0,simulation
35.1409707,126.9172198,0,simulation
35.1412782,126.9137874,0,simulation
35.140698,126.9174658,0,simulation
35.1401754,126.9137584,0,simulation
35.1379042,126.9121499,0,simulation
35.1378143,126.9154929,0,simulation
35.1382766,126.9154447,0,simulation
35.1404849,126.9142359,0,simulation
35.1410581,126.9141435,0,simulation
35.1394356,126.9112595,0,simulation
35.1395327,126.9112587,0,simulation
35.1377232,126.9116213,0,simulation
35.141128,126.9143573,0,simulation
35.1398976,126.9144727,0,simulation
35.1413518,126.9139319,0,simulation
35.1380889,126.915648,0,simulation
35.13915,126.9114789,0,simulation
35.1405925,126.9174345,0,simulation
35.1390905,126.9137591,0,simulation
35.140451,126.914268,0,simulation
35.1397412,126.9145608,0,simulation
35.1412891,126.9133052,0,simulation
35.1377066,126.9117088,0,simulation
35.1379269,126.9152102,0,simulation
35.1413857,126.914181,0,simulation
35.1383829,126.9117041,0,simulation
35.14057,126.9172521,0,simulation
35.1377474,126.915797,0,simulation
35.1383904,126.9155734,0,simulation
35.1388456,126.9156509,0,simulation
35.138747,126.9145263,0,simulation
35.1403997,126.9172442,0,simulation
35.1380259,126.9159382,0,simulation
35.1380806,126.9118551,0,simulation
35.139752,126.9171723,0,simulation
35.1378425,126.9118806,0,simulation
35.1377289,126.9119947,0,simulation
35.1393611,126.9113134,0,simulation
35.1405671,126.9142725,0,simulation
35.1408312,126.9152955,0,synthetic
35.1403595,126.9181435,0,simulation
35.1373081,126.9122535,0,simulation
35.1402734,126.9140047,0,simulation
35.1430249,126.907624,0,synthetic
35.1402572,126.9142654,0,simulation
35.1394324,126.9113325,0,synthetic
35.1394861,126.9116332,0,simulation
35.1387804,126.9153713,0,simulation
35.1410667,126.9141781,0,simulation
35.1379706,126.9155046,0,simulation
35.1405962,126.9145589,0,simulation
35.1382878,126.9122807,0,simulation
0.0,0.0,1,synthetic
35.1382772,126.9125204,0,simulation
35.1393648,126.9113922,0,simulation
35.140739,126.9182237,0,simulation
35.138852,126.9140203,0,simulation
35.1409079,126.9179906,0,simulation
35.1390097,126.914051,0,simulation
35.1397089,126.9117718,0,synthetic
35.1381338,126.9159371,0,simulation
35.1386091,126.9147113,0,simulation
35.1385474,126.9159055,0,simulation
35.1994222,126.832688,1,synthetic
35.1382026,126.911648,0,simulation
35.1378172,126.9156363,0,simulation
35.1377147,126.9119022,0,simulation
35.1389075,126.9160853,0,synthetic
35.1404177,126.9140346,0,simulation
35.1401573,126.9174323,0,simulation
35.1378113,126.9113693,0,simulation
35.1400658,126.9103626,0,simulation
35.1380831,126.9155828,0,simulation
35.138321,126.9160036,0,simulation
35.1406221,126.9144593,0,simulation
35.1407258,126.9176554,0,simulation
35.138249,126.9118094,0,simulation
35.1376846,126.9116195,0,simulation
35.1387322,126.9157686,0,simulation
35.1405388,126.9176827,0,simulation
35.1391765,126.9138799,0,simulation
35.1383103,126.9158359,0,simulation
35.1414497,126.913515,0,simulation
35.1379879,126.9154706,0,simulation
35.1380606,126.9122663,0,simulation
35.1424689,126.9109328,0,synthetic
35.1382216,126.9157624,0,simulation
35.1376936,126.9118748,0,simulation
35.1384221,126.9158543,0,simulation
35.1407615,126.9173724,0,simulation
35.1383477,126.9155954,0,simulation
35.1389642,126.9148083,0,simulation
35.1383887,126.915659,0,simulation
35.1399029,126.9144338,0,simulation
35.1404734,126.9140081,0,simulation
35.1407721,126.9147974,0,simulation
35.1388146,126.9149753,0,simulation
35.1399206,126.911409,0,simulation
35.140269,126.9143174,0,simulation
35.143,126.9142864,0,synthetic
35.1382426,126.9115872,0,simulation
35.1377805,126.9118746,0,synthetic
35.1412913,126.9142684,0,simulation
35.1386959,126.9158483,0,simulation
35.140593,126.9144601,0,simulation
35.1387281,126.9157939,0,simulation
35.1381568,126.9119034,0,simulation
35.1389188,126.9111549,0,simulation
35.1383875,126.9143171,0,simulation
35.1388299,126.9155439,0,simulation
35.1376433,126.9157832,0,simulation
35.1380127,126.9122751,0,simulation
35.1389478,126.9143502,0,simulation
35.1413331,126.9144731,0,simulation
35.1406873,126.9139887,0,simulation
35.1413417,126.9135189,0,simulation
35.1415467,126.9140224,0,simulation
35.1383545,126.9153646,0,simulation
35.1394403,126.9113464,0,simulation
35.1376419,126.9120246,0,simulation
35.1415828,126.9141503,0,simulation
35.1380353,126.9157309,0,simulation
35.1419077,126.9138268,0,simulation
35.1559819,126.9306288,1,simulation
35.1388248,126.9145061,0,simulation
35.1403073,126.9136535,0,simulation
35.1385884,126.9159579,0,simulation
35.1416476,126.914643,0,simulation
35.1378591,126.9160124,0,simulation
35.1408354,126.9181371,0,simulation
35.1406055,126.9054239,0,synthetic
35.1379539,126.9124617,0,simulation
35.1386233,126.9115412,0,simulation
35.1390851,126.9145468,0,simulation
35.140394,126.914337,0,simulation
35.1377958,126.9120137,0,simulation
35.140345,126.9143352,0,simulation
35.1395012,126.9107432,0,simulation
35.1378168,126.9121877,0,simulation
35.1380578,126.9117418,0,simulation
35.1413705,126.9142707,0,simulation
35.1395623,126.9110517,0,simulation
35.137896,126.9153041,0,synthetic
35.1385609,126.9140229,0,simulation
35.1384971,126.9119334,0,simulation
35.1381114,126.9152031,0,simulation
35.1395565,126.9110631,0,simulation
35.1410264,126.9136262,0,simulation
35.0855825,126.9532774,1,synthetic
35.1402632,126.9137565,0,simulation
35.1383876,126.9117602,0,simulation
35.1397979,126.911144,0,simulation
35.1380884,126.9124089,0,simulation
35.1407165,126.9139889,0,simulation
35.1158106,126.9244983,1,simulation
35.1402418,126.9138391,0,simulation
35.141093,126.9096525,0,synthetic
35.1379624,126.9153846,0,simulation
35.1409311,126.9181241,0,simulation
35.1403597,126.9141752,0,synthetic
35.1346263,126.9438075,1,simulation
35.1385295,126.9144828,0,simulation
35.1386956,126.9091849,0,synthetic
35.1410009,126.9133257,0,simulation
35.1403575,126.9175728,0,simulation
35.1444942,126.93001,1,simulation
35.1381847,126.916016,0,simulation
35.1389882,126.914765,0,simulation
35.1383026,126.9119574,0,simulation
35.1375675,126.9152535,0,simulation
35.1382775,126.9160722,0,simulation
35.1388273,126.9162904,0,simulation
35.1380085,126.9119096,0,simulation
35.1382144,126.9161455,0,simulation
35.140537,126.9138406,0,simulation
35.138458,126.9123987,0,simulation
35.1381074,126.9156561,0,simulation
35.1378085,126.9114716,0,simulation
35.138423,126.9156127,0,simulation
35.1378795,126.9119637,0,simulation
35.139819,126.9146702,0,simulation
35.1388733,126.9142544,0,simulation
35.1382138,126.9160324,0,simulation
35.1379057,126.9115947,0,simulation
35.1388793,126.9106752,0,simulation
35.1384157,126.9152712,0,simulation
35.1413439,126.9139827,0,simulation
35.1382149,126.9152479,0,simulation
35.1404178,126.9174447,0,simulation
35.1379749,126.91174,0,simulation
35.1403578,126.9144602,0,simulation
35.1380366,126.9159229,0,simulation
35.1415972,126.9136082,0,simulation
35.1384823,126.915947,0,simulation
35.1379177,126.9125889,0,simulation
35.1404285,126.9172297,0,simulation
35.1383306,126.9116299,0,simulation
35.1389824,126.9108757,0,simulation
35.1382439,126.9147545,0,simulation
35.1411824,126.9173768,0,simulation
35.1380513,126.9117588,0,synthetic
35.1392316,126.9113883,0,simulation
35.1378537,126.9160145,0,simulation
35.1385746,126.9159111,0,simulation
35.1382715,126.9153234,0,simulation
35.139368,126.909088,0,synthetic
35.157492,126.8972004,1,simulation
35.1410073,126.9143719,0,simulation
35.1383882,126.9154242,0,simulation
35.1391305,126.9109267,0,simulation
35.1381948,126.9120306,0,simulation
35.1381351,126.9161689,0,simulation
35.1381518,126.9120722,0,simulation
35.1405699,126.9176409,0,simulation
35.1389254,126.9113839,0,simulation
35.1384852,126.9120203,0,simulation
35.1378118,126.9114557,0,simulation
35.1379608,126.9159774,0,simulation
35.1406855,126.9167553,0,simulation
35.1381382,126.9158738,0,simulation
35.140576,126.9138586,0,simulation
35.1378685,126.9124436,0,simulation
35.1406183,126.9175945,0,simulation
35.138858,126.9157488,0,simulation
35.1402558,126.9174485,0,simulation
35.141248,126.9135088,0,simulation
35.1383796,126.9157207,0,simulation
35.1411543,126.9139206,0,simulation
35.1402407,126.9144439,0,simulation
35.1391181,126.9114486,0,simulation
35.1382399,126.9152849,0,simulation
35.1407594,126.9141616,0,simulation
35.1375143,126.9118688,0,simulation
35.1382856,126.9162499,0,simulation
35.1414349,126.9138202,0,simulation
35.1383931,126.9154047,0,simulation
35.1385814,126.9163473,0,simulation
35.1384292,126.9122279,0,simulation
35.1381395,126.9115551,0,simulation
35.1406087,126.9141748,0,simulation
35.1379385,126.9154367,0,simulation
35.141979,126.9141246,0,simulation
35.1555513,126.9121301,1,simulation
35.1383173,126.915883,0,simulation
35.1385098,126.9158233,0,simulation
35.1415048,126.914191,0,simulation
35.1389838,126.911378,0,simulation
35.1377479,126.9153991,0,simulation
35.1405406,126.9174996,0,simulation
35.1384566,126.9118478,0,simulation
35.1241912,126.9297039,1,simulation
35.1382152,126.9153027,0,simulation
35.1383391,126.9154567,0,simulation
35.1381475,126.9158318,0,simulation
35.1377091,126.9119771,0,simulation
35.1406413,126.9143944,0,simulation
35.1401825,126.9146546,0,simulation
35.1379021,126.9157694,0,simulation
35.1390253,126.9145927,0,simulation
35.1410121,126.9175474,0,simulation
35.1416938,126.9142295,0,simulation
35.1404943,126.9172779,0,simulation
35.1382182,126.9120458,0,simulation
35.1390032,126.9106942,0,simulation
35.1399195,126.9106885,0,simulation
35.1399878,126.9145188,0,simulation
35.1384185,126.9151365,0,simulation
35.1384131,126.9156273,0,simulation
35.1381701,126.915533,0,simulation
35.1393328,126.9144559,0,simulation
35.1374541,126.9120234,0,simulation
35.1408595,126.9177245,0,simulation
35.138703,126.9154761,0,simulation
35.1376618,126.9123229,0,simulation
35.1396553,126.9109761,0,simulation
35.1378594,126.9116552,0,simulation
35.0695767,126.868981,1,synthetic
35.1378089,126.91167,0,simulation
35.1412641,126.9075842,0,synthetic
35.1383942,126.9158441,0,simulation
35.1382493,126.9118087,0,synthetic
35.138195,126.9117905,0,simulation
35.1384216,126.9116204,0,simulation
35.1441964,126.9091972,0,synthetic
35.1411005,126.9141737,0,simulation
35.1406798,126.9177744,0,simulation
35.1383863,126.9157862,0,simulation
35.131315,126.9407497,1,simulation
35.1413403,126.9142397,0,simulation
35.1388591,126.91416,0,simulation
35.1383287,126.9163401,0,simulation
35.1392122,126.914222,0,simulation
35.1383023,126.9158255,0,simulation
35.13829,126.9116666,0,simulation
35.1403277,126.9141017,0,simulation
35.1404275,126.9172865,0,simulation
35.1393785,126.9110209,0,simulation
35.1405972,126.9141133,0,simulation
35.1381428,126.9153298,0,simulation
35.1404646,126.9138795,0,simulation
35.1389672,126.9146222,0,simulation
35.1381904,126.9157205,0,simulation
35.1385033,126.915314,0,simulation
35.1383285,126.9142649,0,simulation
35.1385665,126.9157935,0,simulation
35.1382419,126.9116755,0,simulation
35.1402582,126.9141431,0,simulation
35.1411853,126.91424,0,simulation
35.1379489,126.9164031,0,simulation
35.1388049,126.9142577,0,simulation
35.1383805,126.9158476,0,simulation
35.1401029,126.9144167,0,simulation
35.1381366,126.9115521,0,simulation
35.1414085,126.9136949,0,simulation
35.1395224,126.9111341,0,simulation
35.1409026,126.9142858,0,simulation
35.1387741,126.9109572,0,simulation
35.140815,126.9137675,0,simulation
35.14025,126.9144283,0,simulation
35.2040181,126.8233177,1,synthetic
35.1390163,126.914212,0,simulation
35.1380727,126.9158628,0,simulation
35.1408844,126.9170645,0,simulation
35.1402515,126.9143673,0,simulation
35.1390345,126.9111661,0,synthetic
35.1407376,126.9171717,0,simulation
35.1409333,126.9173013,0,simulation
35.1400285,126.9145239,0,simulation
35.1389255,126.9143758,0,simulation
35.1132202,126.9293496,1,simulation
35.1401164,126.9141938,0,simulation
35.1382751,126.9144456,0,simulation
35.1385281,126.915533,0,simulation
35.140634,126.9177584,0,simulation
35.1413865,126.9137296,0,simulation
35.1276578,126.9203816,1,simulation
35.1386023,126.9107753,0,simulation
35.1412204,126.9173945,0,simulation
35.1386295,126.9114531,0,simulation
35.1386468,126.914727,0,simulation
35.1377808,126.9160313,0,simulation
35.1383686,126.915936,0,simulation
35.1500022,126.9129774,1,simulation
35.14042,126.9146359,0,simulation
35.1380635,126.9118523,0,simulation
35.1403326,126.9139797,0,synthetic
35.1121887,126.9370274,1,simulation
35.1407956,126.9182404,0,simulation
35.1384608,126.914502,0,simulation
35.1394763,126.9143575,0,simulation
35.1384223,126.9155546,0,simulation
35.1405854,126.9140876,0,simulation
35.1405673,126.9140489,0,simulation
35.1406815,126.9175661,0,simulation
35.1381546,126.9119156,0,simulation
35.1419119,126.9139023,0,simulation
35.1384953,126.9157438,0,simulation
35.1398581,126.9108116,0,simulation
35.1406231,126.9138444,0,simulation
35.1389574,126.9146862,0,simulation
35.1412294,126.9172153,0,simulation
35.140651,126.9142476,0,simulation
35.1382755,126.9155278,0,simulation
35.1402813,126.9176308,0,simulation
35.1566863,126.932035,1,simulation
35.1378831,126.9119549,0,simulation
35.141379,126.914211,0,simulation
35.138033,126.9150041,0,simulation
35.1383467,126.9116096,0,simulation
35.1402112,126.9137308,0,simulation
35.1384119,126.9164336,0,simulation
35.1411058,126.9123612,0,synthetic
0.0,0.0,1,synthetic
35.1376359,126.916061,0,simulation
35.1382116,126.9114054,0,simulation
35.140442,126.9169526,0,simulation
35.1391287,126.9110692,0,simulation
35.1385148,126.9164448,0,simulation
35.1400384,126.9139936,0,simulation
35.1384436,126.9119489,0,simulation
35.1389354,126.911065,0,simulation
35.1386205,126.9154342,0,simulation
35.1408746,126.9145321,0,simulation
35.1410382,126.9141383,0,simulation
35.1386954,126.9144462,0,simulation
35.1411411,126.9176647,0,synthetic
35.138306,126.9153453,0,simulation
35.1383089,126.9121677,0,simulation
35.1378471,126.9157775,0,simulation
35.1392333,126.9114483,0,simulation
35.0577503,126.9634326,1,synthetic
35.1384755,126.9160221,0,simulation
35.1387117,126.9160295,0,simulation
35.1386527,126.9163963,0,simulation
35.1379554,126.9154984,0,synthetic
35.1389263,126.9138934,0,simulation
35.1383969,126.9119489,0,synthetic
35.1385047,126.911863,0,simulation
35.1516567,126.8881456,1,simulation
35.1383385,126.91621,0,simulation
35.1236688,126.9342932,1,synthetic
35.1381507,126.91611,0,simulation
35.1379759,126.9161947,0,simulation
35.1414223,126.9137001,0,synthetic
35.1405584,126.9148004,0,simulation
35.1378252,126.9118409,0,simulation
35.1415576,126.9138832,0,simulation
35.1382411,126.91549,0,simulation
35.1407664,126.9174319,0,simulation
35.1382245,126.9152567,0,simulation
35.1393846,126.9109817,0,simulation
35.1412838,126.9139256,0,simulation
35.1385698,126.9142207,0,simulation
35.1381856,126.9155725,0,simulation
35.1388114,126.9120523,0,simulation
35.1406044,126.9142565,0,simulation
35.1149387,126.9188751,1,simulation
35.138762,126.9142688,0,simulation
35.1383605,126.9153333,0,simulation
35.141121,126.9141902,0,simulation
35.1291475,126.8794813,1,simulation
35.1410048,126.917135,0,simulation
35.1378008,126.9154618,0,simulation
35.1384795,126.9116159,0,simulation
35.1242894,126.919419,1,simulation
35.1418793,126.9133458,0,simulation
35.1406919,126.9143606,0,simulation
35.1391008,126.913901,0,simulation
35.1577954,126.926104,1,simulation
35.1383282,126.912112,0,simulation
35.1384124,126.9165224,0,simulation
35.1379158,126.9116002,0,simulation
35.1414875,126.9136955,0,simulation
35.1382421,126.9121739,0,simulation
35.138219,126.9156077,0,simulation
35.141122,126.9134529,0,simulation
35.1383236,126.9118042,0,simulation
35.1411946,126.914246,0,simulation
35.1400369,126.9139004,0,simulation
35.1406452,126.9178419,0,simulation
35.1402185,126.9056188,0,synthetic
35.1388257,126.9142437,0,simulation
35.1406969,126.9142565,0,simulation
35.1382505,126.9144706,0,simulation
35.1399552,126.9144561,0,simulation
35.1407665,126.9169592,0,simulation
35.1410328,126.9141383,0,simulation
35.137538,126.9121048,0,simulation
35.1401145,126.9141042,0,simulation
35.1377049,126.9113863,0,simulation
35.1403027,126.9140391,0,simulation
35.1387649,126.9138899,0,simulation
35.1204517,126.9555236,1,simulation
35.1405254,126.9174255,0,simulation
35.1383571,126.9120194,0,simulation
35.1410818,126.9140224,0,simulation
35.1177077,126.9487387,1,simulation
35.1404149,126.9173323,0,simulation
35.1406706,126.914753,0,simulation
35.1383688,126.9161858,0,simulation
35.1377642,126.9114195,0,simulation
35.1378408,126.9121361,0,simulation
35.138155,126.9159238,0,simulation
35.1376803,126.9114834,0,simulation
35.1392152,126.9105953,0,simulation
35.1374672,126.9116252,0,simulation
35.1407975,126.913823,0,simulation
35.1385142,126.9147573,0,simulation
35.1407618,126.9139007,0,simulation
35.1406517,126.9147272,0,simulation
35.1415048,126.9257673,1,simulation
35.1393125,126.9108474,0,simulation
35.1417198,126.9146106,0,simulation
35.1386552,126.9142754,0,simulation
35.1391908,126.9156366,0,synthetic
35.1381219,126.9154975,0,simulation
35.1385085,126.9116764,0,simulation
35.1388088,126.9144223,0,simulation
35.1383462,126.9121515,0,simulation
35.1389255,126.9108378,0,simulation
35.1065697,126.9170774,1,simulation
35.1389334,126.9154153,0,simulation
35.1379482,126.9112766,0,simulation
35.138183,126.9158302,0,simulation
35.1376391,126.9123029,0,simulation
35.138376,126.9146919,0,simulation
35.137869,126.9155859,0,simulation
35.1414514,126.9137136,0,simulation
35.1382299,126.9157665,0,simulation
35.1406133,126.9141588,0,simulation
35.1407318,126.9142234,0,simulation
35.1378135,126.9115801,0,simulation
35.1378188,126.9118383,0,simulation
35.1376591,126.9119917,0,simulation
35.1382864,126.9116568,0,simulation
35.1381924,126.9123551,0,simulation
35.1406786,126.9107187,0,synthetic
35.1388206,126.915324,0,simulation
35.141638,126.9139318,0,simulation
35.1404404,126.9144911,0,simulation
35.1797454,126.9119798,1,simulation
35.1377465,126.9156196,0,simulation
35.1389025,126.9147593,0,simulation
35.1388722,126.911281,0,simulation
35.1381446,126.9115978,0,simulation
35.1379744,126.9154935,0,simulation
35.1383306,126.9117924,0,simulation
35.1396424,126.9109963,0,simulation
35.1388677,126.9141544,0,simulation
35.1383488,126.915669,0,simulation
35.1399125,126.91444,0,simulation
35.1389996,126.91095,0,simulation
35.1377539,126.9115826,0,simulation
35.1402207,126.9135663,0,simulation
35.1380766,126.9116548,0,simulation
35.1379258,126.9119983,0,simulation
35.1387585,126.9141194,0,simulation
35.1385146,126.9117479,0,simulation
35.1376296,126.909779,1,simulation
35.1376231,126.9119291,0,simulation
35.1408595,126.9169589,0,simulation
35.1380099,126.9119936,0,simulation
35.1412333,126.9139399,0,simulation
35.1390087,126.9140652,0,simulation
35.1379454,126.9157326,0,simulation
35.139445,126.9110388,0,simulation
35.1383929,126.9150176,0,simulation
35.1384874,126.9146857,0,simulation
35.1381002,126.915947,0,simulation
35.1383836,126.9156468,0,simulation
35.138349,126.9116169,0,simulation
35.1412474,126.9180575,0,simulation
35.1406145,126.9173477,0,synthetic
35.0699213,126.9169911,1,simulation
35.1405981,126.9138124,0,simulation
35.2045012,127.0006762,1,synthetic
35.1399244,126.9145654,0,simulation
35.1386198,126.9114382,0,simulation
35.1384646,126.9116299,0,simulation
35.1379768,126.911495,0,simulation
35.1390126,126.9147101,0,simulation
35.1380965,126.9114469,0,simulation
35.1383964,126.912045,0,simulation
35.1377912,126.9126499,0,simulation
35.1398434,126.9114479,0,simulation
35.1385189,126.9147082,0,simulation
35.1382681,126.9120279,0,simulation
35.1365217,126.9125604,0,synthetic
35.1379463,126.9155893,0,simulation
35.1638358,126.9119756,1,simulation
35.1382599,126.9147466,0,simulation
35.1116919,127.0323106,1,synthetic
35.1390115,126.9110278,0,simulation
35.1383491,126.9120847,0,simulation
35.1403955,126.9173114,0,simulation
35.1392582,126.9114884,0,synthetic
35.1385353,126.9118791,0,simulation
35.1403656,126.9139626,0,simulation
35.1404433,126.913958,0,simulation
35.1387738,126.9160863,0,simulation
35.0772941,126.8800402,1,synthetic
35.138322,126.915419,0,simulation
35.1415185,126.9084646,0,synthetic
35.1381729,126.9116759,0,simulation
35.1395587,126.9112304,0,simulation
35.1380821,126.9159496,0,simulation
35.1389667,126.9145389,0,simulation
35.1386287,126.9146007,0,simulation
35.1393194,126.9109252,0,simulation
35.1379211,126.9156425,0,simulation
35.1379531,126.9117533,0,simulation
35.1413509,126.9139298,0,synthetic
35.1404503,126.9175065,0,simulation
35.1378736,126.9118806,0,simulation
35.1381314,126.9118917,0,simulation
35.1201263,126.9325432,1,simulation
35.1403226,126.9174817,0,simulation
35.1416107,126.9139166,0,simulation
35.1386957,126.911936,0,simulation
35.1389256,126.9143684,0,simulation
35.1375662,126.9113374,0,simulation
35.1384271,126.9115078,0,synthetic
35.1393508,126.9111025,0,simulation
35.1390366,126.9159821,0,simulation
35.1394641,126.9065964,0,synthetic
35.138353,126.9158857,0,simulation
35.1408505,126.9176905,0,simulation
35.1384505,126.9118806,0,simulation
35.1382562,126.9117695,0,simulation
35.1380207,126.9118984,0,simulation
35.1393369,126.9143616,0,simulation
35.1380627,126.9157597,0,simulation
35.139886,126.9145032,0,simulation
35.1293742,126.9188583,1,simulation
35.1377581,126.9116505,0,simulation
35.1404528,126.9143245,0,simulation
35.1376583,126.9157836,0,simulation
35.1393366,126.9107982,0,simulation
35.1382459,126.9158793,0,simulation
35.1376094,126.9156059,0,simulation
35.1404275,126.9140348,0,simulation
35.1404228,126.9145058,0,simulation
35.137875,126.9155439,0,simulation
35.1378853,126.9114839,0,synthetic
35.1380956,126.9122068,0,simulation
35.1376236,126.9156605,0,simulation
35.139207,126.9115687,0,simulation
35.1381644,126.9154328,0,simulation
35.1381322,126.9158557,0,simulation
35.1393965,126.9110243,0,simulation
35.1388918,126.9143507,0,simulation
35.1382952,126.9156791,0,simulation
35.1375666,126.9120848,0,simulation
35.137738,126.9159237,0,simulation
35.1390406,126.9111894,0,simulation
35.1380983,126.9117819,0,simulation
35.1382799,126.9122089,0,simulation
35.1412274,126.913613,0,simulation
35.1408798,126.9172352,0,simulation
35.1403825,126.9172982,0,simulation
35.1381709,126.9156976,0,synthetic
35.1384206,126.9122068,0,simulation
35.1377078,126.9119475,0,simulation
35.137895,126.9158146,0,simulation
35.1375883,126.9115377,0,simulation
35.1382284,126.916556,0,simulation
35.1412519,126.9139946,0,synthetic
35.1405178,126.9141421,0,simulation
35.138422,126.9117407,0,simulation
35.1384627,126.9148227,0,simulation
35.1403626,126.9141108,0,simulation
35.1384666,126.9121209,0,simulation
35.139178,126.9145675,0,simulation
35.1381628,126.9160152,0,simulation
35.1386111,126.9107031,0,synthetic
35.1390682,126.9109085,0,simulation
35.1406773,126.9144222,0,simulation
35.1385195,126.9155734,0,simulation
35.1382162,126.9119017,0,simulation
35.141208,126.9140937,0,simulation
35.1411636,126.913907,0,simulation
35.1145183,126.9287733,1,simulation
35.1377149,126.9158793,0,simulation
35.1435649,126.9133909,0,synthetic
35.1388899,126.9108806,0,simulation
35.1689343,126.909625,1,simulation
35.1402677,126.917538,0,simulation
35.1407176,126.9170309,0,simulation
35.1314833,126.9094553,1,simulation
35.1414045,126.9138449,0,simulation
35.1405883,126.9177165,0,simulation
35.1384679,126.9161301,0,simulation
35.1411438,126.9143594,0,simulation
35.1043661,126.9311818,1,simulation
35.137841,126.9153075,0,simulation
35.1471212,126.9240519,1,simulation
35.1382816,126.9144353,0,simulation
35.1402512,126.9175491,0,simulation
35.1386449,126.914088,0,simulation
35.1401905,126.9176542,0,synthetic
35.1439406,126.9231319,1,simulation
35.140638,126.9172875,0,simulation
35.138046,126.9160899,0,simulation
35.0996754,126.9098323,1,simulation
35.1398783,126.9138759,0,simulation
35.1400685,126.9141108,0,simulation
35.1407546,126.9141171,0,simulation
35.1379092,126.9120844,0,simulation
35.1388596,126.9143077,0,simulation
35.1388645,126.9119302,0,simulation
35.1403732,126.9174425,0,simulation
35.1380217,126.9122416,0,simulation
35.1396967,126.9113013,0,simulation
35.1377993,126.915613,0,simulation
35.1404724,126.913935,0,simulation
35.1391743,126.9114388,0,simulation
35.1441897,126.913866,0,synthetic
35.1375703,126.9116764,0,simulation
35.1393607,126.9112824,0,simulation
35.1379854,126.9119273,0,simulation
35.1412573,126.9138141,0,simulation
35.1404245,126.9174929,0,simulation
35.1382126,126.9122915,0,simulation
35.1401142,126.9088228,0,synthetic
35.1402057,126.9176361,0,simulation
35.1403506,126.9174126,0,simulation
35.1384069,126.9118296,0,simulation
35.1374037,126.9161006,0,simulation
35.1381888,126.915439,0,simulation
35.1381262,126.9156871,0,simulation
35.1391814,126.914424,0,simulation
35.1382402,126.9156886,0,simulation
35.1405551,126.9142855,0,simulation
35.1411496,126.916871,0,simulation
35.1384273,126.9143525,0,simulation
35.1382564,126.9156413,0,simulation
35.1406286,126.9141337,0,simulation
35.1395512,126.9113642,0,simulation
35.1380632,126.9162224,0,simulation
35.1396763,126.9115315,0,simulation
35.1387131,126.9145333,0,simulation
35.1407595,126.9177557,0,simulation
35.1387727,126.9162294,0,simulation
35.1379357,126.9159234,0,simulation
35.1386907,126.9148958,0,simulation
35.1379506,126.9116434,0,simulation
35.141337,126.9131556,0,synthetic
35.1385234,126.9162407,0,simulation
35.1405957,126.91733,0,simulation
35.1386399,126.9144285,0,simulation
35.1375708,126.9120532,0,simulation
35.1386015,126.9121507,0,simulation
35.1383996,126.9149116,0,simulation
35.1384738,126.9141393,0,simulation
35.140314,126.9174665,0,synthetic
35.137934,126.9120687,0,synthetic
35.1395261,126.9114168,0,simulation
35.1406638,126.9142994,0,simulation
35.1408195,126.9141398,0,simulation
35.1398925,126.9142499,0,simulation
35.1385753,126.9144854,0,simulation
35.1381501,126.9147419,0,simulation
35.1383704,126.9129,0,simulation
35.1391372,126.9115668,0,simulation
35.1402128,126.9137837,0,simulation
35.1379297,126.9115043,0,simulation
35.1378782,126.9117065,0,simulation
35.1385213,126.9116589,0,simulation
35.137801,126.9157503,0,simulation
35.1376236,126.9114693,0,simulation
35.1378717,126.9119916,0,simulation
35.1401244,126.9114172,0,simulation
35.1585787,126.9414437,1,simulation
35.1410016,126.9173633,0,simulation
35.14043,126.9181212,0,simulation
35.1390914,126.9147802,0,simulation
35.1401641,126.9144862,0,simulation
35.1407729,126.917268,0,simulation
35.1381713,126.9156712,0,simulation
35.1384581,126.9117095,0,simulation
35.1382623,126.9161136,0,simulation
35.1450431,126.9101097,0,synthetic
35.1395961,126.9108699,0,simulation
35.1183077,126.8407141,1,synthetic
35.1381818,126.9114617,0,simulation
35.1408636,126.9135974,0,simulation
35.1380522,126.9120585,0,simulation
35.1404491,126.9139557,0,simulation
35.1391619,126.8967461,1,simulation
35.141234,126.9141028,0,simulation
35.1384274,126.9158442,0,simulation
35.138193,126.9158984,0,simulation
35.1382573,126.9136834,0,synthetic
35.1403581,126.9143021,0,simulation
35.137937,126.9118155,0,simulation
35.1381157,126.9160925,0,simulation
35.1382487,126.9114885,0,simulation
35.1385945,126.9158128,0,simulation
35.1396801,126.9107076,0,simulation
35.1419197,126.9142881,0,simulation
35.1384155,126.916114,0,simulation
35.1377707,126.9118523,0,simulation
35.1394161,126.914131,0,simulation
35.1384192,126.9160126,0,synthetic
35.1387929,126.9157754,0,simulation
35.138483,126.9162075,0,simulation
35.1381178,126.915118,0,simulation
35.1390326,126.9111868,0,simulation
35.1406429,126.9181871,0,simulation
35.140855,126.9176215,0,simulation
35.138697,126.914155,0,simulation
35.1387376,126.9124442,0,simulation
35.1387119,126.915476,0,synthetic
35.1384383,126.9147631,0,simulation
35.1377864,126.9122434,0,simulation
35.1405328,126.9146954,0,simulation
35.1414774,126.9139472,0,simulation
35.1374788,126.9111462,0,simulation
35.1389287,126.9139641,0,simulation
35.1382264,126.9164679,0,simulation
35.1406825,126.9183413,0,simulation
35.1381609,126.9121673,0,simulation
35.1417687,126.9137382,0,simulation
35.138306,126.9149118,0,simulation
35.1390307,126.9114976,0,simulation
35.1399941,126.9137479,0,simulation
35.1402593,126.9173399,0,simulation
35.1429103,126.8961898,1,simulation
35.1381297,126.915559,0,simulation
35.1385908,126.9145734,0,simulation
35.1392301,126.9116261,0,simulation
35.13844,126.9116302,0,simulation
35.1374927,126.9159189,0,simulation
35.1383713,126.9164168,0,simulation
35.1383927,126.9142508,0,simulation
35.1384319,126.9118285,0,simulation
35.1375954,126.9126001,0,simulation
35.1410317,126.9139966,0,simulation
35.1382289,126.9154905,0,simulation
35.1403103,126.9145046,0,simulation
35.1385003,126.9121142,0,simulation
35.1388139,126.9141287,0,simulation
35.1400576,126.9143281,0,simulation
35.1162988,126.9081061,1,simulation
35.1408916,126.9139144,0,simulation
35.1377675,126.9118992,0,simulation
35.1385763,126.9145867,0,simulation
35.1404025,126.9172886,0,synthetic
35.1380037,126.9115468,0,simulation
35.1396141,126.9111986,0,simulation
35.1411204,126.9144113,0,simulation
35.1406839,126.9143746,0,simulation
35.1385421,126.9158447,0,simulation
35.1409662,126.9179729,0,simulation
35.1380751,126.9159487,0,simulation
35.138264,126.9121952,0,simulation
35.1384073,126.9118869,0,simulation
35.140401,126.9133861,0,simulation
35.1375565,126.911807,0,simulation
35.1609279,126.9745267,1,simulation
35.1386502,126.9147217,0,simulation
35.1375235,126.8974647,1,simulation
35.1383299,126.9151463,0,simulation
35.14058,126.9142987,0,simulation
35.1384254,126.91446,0,simulation
35.1404932,126.9142662,0,simulation
35.1404139,126.9139684,0,simulation
35.1404875,126.9143171,0,simulation
35.1385379,126.914293,0,simulation
35.1378214,126.9115623,0,simulation
35.1406703,126.9144316,0,simulation
35.1379835,126.9114887,0,simulation
0.0,0.0,1,synthetic
35.1382059,126.9160278,0,simulation
35.1417402,126.9140022,0,simulation
35.1405579,126.9179399,0,simulation
35.1384854,126.9157367,0,simulation
35.1383159,126.9121926,0,simulation
35.1404066,126.9171424,0,simulation
35.1380873,126.9161147,0,simulation
35.1383317,126.9118278,0,simulation
35.140787,126.9178863,0,simulation
35.1390562,126.910523,0,simulation
35.1400992,126.9175795,0,simulation
35.1384258,126.9113311,0,simulation
35.1385009,126.9150386,0,simulation
35.1379243,126.9152371,0,simulation
35.140633,126.917062,0,simulation
35.1395689,126.9114413,0,simulation
35.1411302,126.914466,0,simulation
35.1378872,126.9118921,0,simulation
35.1390434,126.9103289,0,simulation
35.137724,126.9121346,0,synthetic
35.1405401,126.9172142,0,simulation
35.2220692,126.9620994,1,synthetic
35.1379553,126.9167644,0,simulation
35.1384179,126.9162909,0,simulation
35.1374187,126.9119541,0,simulation
35.140422,126.9170054,0,simulation
35.1407261,126.9143465,0,simulation
35.138398,126.915103,0,simulation
35.1373239,126.9119524,0,simulation
35.1383884,126.9163888,0,simulation
35.1380076,126.9153073,0,simulation
35.1395792,126.9112468,0,simulation
35.1375878,126.9119211,0,simulation
35.1381021,126.9150537,0,simulation
35.1409774,126.9177304,0,simulation
35.1383538,126.9156338,0,simulation
35.1385154,126.9158235,0,simulation
35.14392,126.9120574,0,synthetic
35.1400663,126.9172194,0,simulation
35.1381424,126.9116511,0,simulation
35.1406126,126.917835,0,simulation
35.1390718,126.9112697,0,simulation
35.1386893,126.9139986,0,simulation
35.1381597,126.9159893,0,simulation
35.1387773,126.915988,0,simulation
35.1388121,126.9139293,0,simulation
35.1398155,126.9144098,0,simulation
35.1381021,126.9156777,0,simulation
35.1393572,126.9108764,0,simulation
35.1377335,126.9116105,0,simulation
0.0,0.0,1,synthetic
35.1376094,126.9114911,0,simulation
35.139364,126.9108365,0,simulation
35.1410742,126.9138136,0,simulation
35.1417844,126.911977,0,synthetic
35.1385404,126.914421,0,simulation
35.1407193,126.9177432,0,simulation
35.1382099,126.9160854,0,synthetic
35.1388641,126.9129736,0,simulation
35.1390436,126.9146554,0,simulation
35.1384154,126.9117139,0,simulation
35.1394551,126.9112397,0,simulation
35.1416807,126.9178444,0,simulation
35.1392495,126.9106498,0,simulation
35.1388974,126.9141284,0,synthetic
35.1379593,126.915705,0,simulation
35.1404837,126.9175683,0,simulation
35.1402747,126.9177979,0,simulation
35.1382789,126.9119819,0,simulation
35.1383925,126.9159832,0,simulation
35.140769,126.9144564,0,simulation
35.1403899,126.9143378,0,simulation
35.13891,126.9144583,0,simulation
35.1378175,126.9160251,0,simulation
35.1389367,126.9163163,0,simulation
35.1385308,126.911985,0,simulation
35.1587295,126.9351746,1,simulation
35.138128,126.912254,0,simulation
35.1414352,126.9142516,0,simulation
35.1390308,126.911167,0,simulation
35.1405035,126.9143165,0,simulation
35.1380344,126.9153423,0,simulation
35.140276,126.9140144,0,simulation
35.1384229,126.9116476,0,simulation
35.1388761,126.9119228,0,simulation
35.1382194,126.9153052,0,simulation
35.1383926,126.9155983,0,simulation
35.1411684,126.9140295,0,simulation
35.1408219,126.9177143,0,simulation
35.1388943,126.9109219,0,simulation
35.1380342,126.9154274,0,simulation
35.1392619,126.9112084,0,synthetic
35.1408276,126.9141087,0,simulation
35.1399215,126.9141916,0,simulation
35.1381188,126.9161802,0,simulation
35.1402982,126.9178334,0,simulation
35.1388729,126.9146838,0,simulation
35.138293,126.9152911,0,simulation
35.1382831,126.9118292,0,simulation
35.1415432,126.9136769,0,simulation
35.1379551,126.9149505,0,simulation
35.1406099,126.9140221,0,simulation
35.1391187,126.9146571,0,simulation
35.1218409,126.8027337,1,synthetic
35.1383817,126.9160551,0,simulation
35.1388538,126.9143064,0,simulation
35.138576,126.9122311,0,simulation
35.1391695,126.9115925,0,simulation
35.1379858,126.9157301,0,simulation
35.1387071,126.9149685,0,simulation
35.138144,126.9117582,0,simulation
35.1380521,126.9117707,0,simulation
35.1382745,126.9154418,0,simulation
35.1404705,126.9138513,0,synthetic
35.1377518,126.9120981,0,simulation
35.1371822,126.9031454,1,simulation
35.1404749,126.9141411,0,simulation
35.1381645,126.9118038,0,simulation
35.1799145,126.912648,1,simulation
35.1416852,126.913983,0,simulation
35.1386315,126.9159062,0,simulation
35.1382009,126.9164887,0,simulation
35.1381004,126.9118186,0,simulation
35.138163,126.9156139,0,simulation
35.1389242,126.9145033,0,simulation
35.1375509,126.9117248,0,simulation
35.139368,126.9109651,0,simulation
35.1400322,126.9110054,0,simulation
35.1410819,126.9144099,0,simulation
35.1379177,126.9116791,0,simulation
35.1268924,126.9242895,1,simulation
35.1402993,126.9140645,0,simulation
35.1411871,126.9139991,0,simulation
35.1406713,126.9144267,0,simulation
35.1382989,126.9121425,0,simulation
35.1383992,126.9163509,0,simulation
35.1383373,126.9118098,0,simulation
35.1413025,126.9147125,0,simulation
35.1381159,126.911968,0,simulation
35.1380588,126.9122345,0,simulation
35.1388076,126.9154656,0,simulation
35.1407775,126.9170638,0,simulation
35.1374857,126.9155529,0,simulation
35.1390557,126.9112463,0,simulation
35.1389465,126.9144613,0,simulation
35.1383576,126.9161358,0,simulation
35.1403095,126.9140695,0,simulation
35.1388591,126.9140992,0,simulation
35.1404254,126.9170413,0,simulation
35.1377647,126.9116842,0,simulation
35.1414899,126.9140552,0,simulation
35.1393922,126.9117047,0,simulation
35.1381369,126.915351,0,simulation
35.1387264,126.9140758,0,simulation
35.1383936,126.9117718,0,simulation
35.1382329,126.9155964,0,simulation
35.1412788,126.9172674,0,simulation
35.1388754,126.9140692,0,simulation
35.1397099,126.9107162,0,simulation
35.1417008,126.9142646,0,simulation
35.1213953,126.94795,1,simulation
35.1408257,126.9148523,0,synthetic
35.1392322,126.9119853,0,simulation
35.1391761,126.9149134,0,simulation
35.1384845,126.9155264,0,simulation
35.1384398,126.9157613,0,simulation
35.1414846,126.9134452,0,simulation
35.138573,126.9160374,0,simulation
35.1384975,126.915858,0,simulation
35.13796,126.9158305,0,simulation
35.1389,126.9143095,0,simulation
35.1446246,126.9419525,1,simulation
35.1405986,126.9175974,0,simulation
35.0594501,126.9905628,1,synthetic
35.1378031,126.9157818,0,simulation
35.1326816,127.0059781,1,synthetic
35.1381027,126.9114398,0,simulation
35.1393154,126.910949,0,synthetic
35.1221601,126.9277757,1,simulation
35.1387246,126.9143973,0,simulation
35.1387242,126.9109428,0,simulation
35.1387118,126.9120279,0,simulation
35.1387896,126.914199,0,simulation
35.1381246,126.9119319,0,simulation
35.1376659,126.9117197,0,simulation
35.1404624,126.9177892,0,simulation
35.1383759,126.9118964,0,simulation
35.1383677,126.914319,0,simulation
35.1249914,126.9147202,1,simulation
35.1408232,126.9139755,0,simulation
35.1910545,126.8167889,1,synthetic
35.1378055,126.9161592,0,simulation
35.1379615,126.9114465,0,simulation
35.1385777,126.9157484,0,simulation
35.13873,126.9119576,0,simulation
35.1380481,126.9118443,0,simulation
35.140692,126.9142633,0,simulation
35.1410041,126.9143672,0,simulation
35.1406409,126.9172774,0,simulation
35.1381428,126.9116011,0,simulation
35.1404382,126.9175981,0,simulation
35.1385949,126.9160982,0,simulation
35.1404224,126.9176007,0,simulation
35.1415619,126.9137566,0,simulation
35.1384691,126.9155811,0,simulation
35.1412447,126.9144013,0,simulation
35.1397287,126.9111034,0,simulation
35.1397041,126.9139419,0,simulation
35.1390267,126.9145119,0,simulation
35.1413568,126.9140143,0,simulation
35.1390889,126.911599,0,simulation
35.1379046,126.9121891,0,simulation
35.1388252,126.9139905,0,simulation
35.1410112,126.9138011,0,simulation
35.1414402,126.9140798,0,synthetic
35.1383202,126.9156326,0,simulation
35.1408222,126.9179456,0,simulation
35.1406324,126.9175084,0,simulation
35.1404283,126.9143815,0,simulation
35.1405081,126.9140506,0,simulation
35.1332536,126.9376307,1,simulation
35.1415214,126.9137393,0,simulation
35.1402425,126.9140221,0,simulation
35.1384921,126.9157896,0,simulation
35.1382978,126.9121266,0,simulation
35.138476,126.915776,0,simulation
35.1376594,126.9115806,0,simulation
35.1412517,126.9210023,1,simulation
35.138142,126.9154651,0,simulation
35.1402476,126.9141035,0,simulation
35.137657,126.9155781,0,simulation
35.1416893,126.9134735,0,simulation
35.1391354,126.9147617,0,simulation
35.1384343,126.9145976,0,simulation
35.1419608,126.9144045,0,simulation
35.140315,126.9140763,0,simulation
35.1383402,126.9117173,0,simulation
35.1402673,126.9139549,0,simulation
35.1391717,126.9109595,0,synthetic
35.1372878,126.9117691,0,simulation
35.1278092,126.9261691,1,simulation
35.138983,126.9113185,0,simulation
35.138469,126.9158223,0,simulation
35.1406948,126.9175999,0,simulation
35.0688683,127.0485673,1,synthetic
35.1411766,126.9139519,0,simulation
35.1409431,126.9176345,0,simulation
35.1403776,126.9175486,0,simulation
35.1383488,126.9157983,0,simulation
35.1384403,126.9162537,0,simulation
35.1379285,126.9114539,0,simulation
35.1407851,126.9140429,0,simulation
35.1375911,126.9113156,0,simulation
35.1385342,126.9159829,0,simulation
35.1412647,126.9137865,0,simulation
35.1379034,126.9118373,0,synthetic
35.1403631,126.9138965,0,simulation
35.1378541,126.9115929,0,simulation
35.1380791,126.9154684,0,simulation
35.1384819,126.9145095,0,simulation
35.1276308,126.8863458,1,synthetic
35.1406605,126.9143531,0,simulation
35.1382366,126.9117699,0,simulation
35.1394462,126.9110759,0,simulation
35.1411109,126.9141508,0,simulation
35.1412066,126.9138969,0,simulation
35.0677857,126.8059391,1,synthetic
35.1385547,126.9137948,0,simulation
35.1405467,126.914341,0,simulation
35.1391885,126.9113473,0,simulation
35.1413877,126.9134554,0,simulation
35.1389053,126.9147203,0,simulation
35.1411469,126.914026,0,simulation
35.1401376,126.9178465,0,simulation
35.1376527,126.9115275,0,simulation
35.1380118,126.911928,0,simulation
35.1401494,126.9177877,0,simulation
35.1409675,126.9142982,0,simulation
35.1544574,126.9183347,1,simulation
35.1402941,126.9139346,0,simulation
35.1381866,126.9119238,0,simulation
35.1396056,126.9108143,0,simulation
35.1408027,126.9448045,1,simulation
35.1386121,126.9157027,0,simulation
35.1396722,126.9108258,0,simulation
35.1401908,126.9144671,0,simulation
35.1382157,126.9119264,0,simulation
35.1388489,126.9156151,0,simulation
35.1379453,126.9157695,0,simulation
35.1406925,126.9172002,0,simulation
35.1385539,126.9144388,0,simulation
35.1385156,126.9156377,0,simulation
35.1401616,126.9139261,0,simulation
35.1385536,126.9118133,0,synthetic
35.1417081,126.9140895,0,simulation
35.1390519,126.9120922,0,simulation
35.1401898,126.9145652,0,simulation
35.1388457,126.9141808,0,simulation
35.1386451,126.9123755,0,simulation
35.1391569,126.9107601,0,simulation
35.1403697,126.917372,0,simulation
35.1377224,126.911669,0,simulation
35.1420291,126.9140071,0,simulation
35.1389811,126.9137814,0,simulation
35.1379337,126.9156312,0,simulation
35.1378629,126.9155735,0,simulation
35.138042,126.9122154,0,simulation
35.1380097,126.9152922,0,simulation
35.1395548,126.9111459,0,simulation
35.1399493,126.9105666,0,simulation
35.139535,126.9115711,0,simulation
35.1387552,126.9158278,0,simulation
35.1571308,126.8996156,1,simulation
35.1413317,126.9140656,0,simulation
35.140956,126.9176939,0,simulation
35.1403549,126.9136527,0,simulation
35.1378983,126.9155157,0,simulation
35.1405224,126.917828,0,simulation
35.138585,126.9116658,0,simulation
35.1393147,126.9110756,0,simulation
35.1404506,126.9174673,0,simulation
35.1484275,126.9271227,1,simulation
35.1376108,126.9152098,0,synthetic
35.1402929,126.9144182,0,synthetic
35.1159571,127.0329861,1,synthetic
35.137756,126.9115876,0,simulation
35.1375741,126.9120791,0,simulation
35.1386636,126.9156735,0,simulation
35.138379,126.9155465,0,simulation
35.1382941,126.9159925,0,simulation
35.1381873,126.9120661,0,simulation
35.1387698,126.9148923,0,simulation
35.1379571,126.916518,0,simulation
35.1418576,126.9136851,0,simulation
35.1396613,126.9108112,0,simulation
35.1382441,126.9161538,0,simulation
35.2154882,126.9483641,1,synthetic
35.1384294,126.911312,0,simulation
35.1381927,126.9136841,0,simulation
35.1408861,126.9172712,0,simulation
35.1412256,126.9143055,0,simulation
35.1387105,126.9117397,0,simulation
35.137361,126.9123333,0,simulation
35.1403042,126.9142815,0,simulation
35.1376799,126.9116997,0,simulation
35.1403189,126.9143291,0,simulation
35.1404934,126.9148647,0,simulation
35.13842,126.9156538,0,simulation
35.1377677,126.9116498,0,simulation
35.1390804,126.9113291,0,simulation
35.1389467,126.9112441,0,simulation
35.1383836,126.915647,0,simulation
35.1414265,126.914118,0,simulation
35.1382638,126.9116293,0,simulation
35.1403004,126.9175318,0,simulation
35.1384902,126.9155482,0,simulation
35.1393477,126.9109385,0,simulation
35.1384341,126.9121919,0,simulation
35.1381895,126.9124951,0,simulation
35.1379848,126.9160201,0,simulation
35.1392073,126.9140723,0,simulation
35.1385871,126.9116472,0,simulation
35.1431096,126.905309,1,simulation
35.1388132,126.9145513,0,simulation
35.1380558,126.9162609,0,simulation
35.1382066,126.9159528,0,simulation
35.1411612,126.9117459,0,synthetic
35.1401563,126.9176774,0,simulation
35.1382889,126.912008,0,simulation
35.1409277,126.914277,0,simulation
35.2291009,126.9085873,1,synthetic
35.1379998,126.9139719,0,synthetic
35.1381739,126.9155152,0,simulation
35.1386326,126.9116904,0,simulation
35.1415816,126.9136113,0,simulation
35.1402124,126.9179009,0,simulation
35.1401695,126.9137183,0,simulation
35.1387713,126.9146272,0,simulation
35.1379336,126.9156907,0,simulation
35.1378674,126.9115644,0,simulation
35.1381571,126.9149395,0,simulation
35.1383135,126.9119218,0,simulation
35.1405461,126.9146044,0,simulation
35.1404332,126.9142653,0,simulation
35.1387354,126.9119242,0,simulation
35.1381902,126.911939,0,synthetic
35.1286131,126.9139119,1,simulation
35.1404267,126.914093,0,simulation
35.1380595,126.9160433,0,simulation
35.1395225,126.9114927,0,simulation
35.140343,126.9139032,0,simulation
35.1402122,126.91717,0,simulation
35.1384654,126.9145749,0,simulation
35.1389514,126.9144906,0,simulation
35.1402057,126.9142593,0,synthetic
35.140513,126.9178547,0,simulation
35.137781,126.9115884,0,simulation
35.138223,126.9158821,0,simulation
35.1417678,126.9132023,0,simulation
35.1403015,126.917835,0,simulation
35.1120007,126.8912846,1,simulation
35.1396985,126.9175193,0,simulation
35.1382688,126.9141732,0,simulation
35.0943476,126.9835041,1,synthetic
35.1386046,126.9162367,0,simulation
35.14083,126.9141386,0,simulation
35.1380624,126.9157147,0,simulation
35.140424,126.917628,0,simulation
35.1386586,126.9159212,0,simulation
35.1390527,126.9113547,0,simulation
35.1402349,126.9142187,0,simulation
35.1425586,126.9143801,0,synthetic
35.1405176,126.9174382,0,simulation
35.1416066,126.9144595,0,simulation
35.1433739,126.9091403,0,synthetic
35.1403296,126.9116438,0,synthetic
35.1409354,126.8703257,1,simulation
35.1391813,126.9141351,0,simulation
35.1401613,126.914149,0,simulation
35.1378144,126.9122892,0,simulation
35.1379933,126.9160139,0,simulation
35.1385022,126.9149463,0,simulation
35.1392362,126.9141913,0,simulation
35.1377083,126.9155625,0,simulation
35.1403411,126.9176636,0,synthetic
35.1406005,126.9179649,0,simulation
35.1382521,126.9120856,0,simulation
35.1412567,126.9142667,0,simulation
35.1418303,126.9137074,0,simulation
35.1396325,126.9108938,0,simulation
35.1385996,126.911654,0,simulation
35.1385746,126.9116389,0,simulation
35.1390151,126.9118306,0,simulation
35.1402821,126.9139759,0,simulation
35.1384714,126.9114849,0,simulation
35.1382015,126.9155568,0,synthetic
35.1025459,127.0465074,1,synthetic
35.1415614,126.9140086,0,simulation
35.139038,126.9113981,0,simulation
35.1391155,126.911099,0,simulation
35.1386353,126.9159555,0,simulation
35.1390096,126.91117,0,simulation
35.1411984,126.9145001,0,synthetic
35.1378595,126.9121773,0,simulation
35.1358718,126.9126825,0,synthetic
35.1404129,126.9140942,0,simulation
35.1377668,126.9122694,0,simulation
35.1388396,126.9121346,0,simulation
35.1390012,126.9141659,0,simulation
35.1378398,126.9119005,0,simulation
35.1381067,126.9155882,0,simulation
35.1399707,126.9175924,0,simulation
35.1405822,126.9174533,0,simulation
35.1398029,126.9145747,0,simulation
35.1382357,126.9117483,0,simulation
35.13861,126.9141096,0,simulation
35.1387059,126.9156332,0,simulation
35.140375,126.9170979,0,simulation
35.1381144,126.9120249,0,simulation
35.138055,126.9118074,0,simulation
35.1407152,126.9141554,0,simulation
35.140585,126.9173208,0,simulation
35.1388373,126.9159859,0,simulation
35.1379263,126.9169491,0,synthetic
35.1386387,126.9146309,0,simulation
35.1379131,126.9155141,0,simulation
35.1389944,126.9116222,0,simulation
35.1384046,126.9165256,0,simulation
35.140347,126.9139855,0,simulation
35.1403358,126.9180507,0,simulation
35.1407939,126.9136849,0,simulation
35.1408044,126.9173658,0,simulation
35.1390424,126.9144007,0,simulation
35.141462,126.9148766,0,simulation
35.1383551,126.9156033,0,simulation
35.1414893,126.9140276,0,simulation
35.1404934,126.9143074,0,simulation
35.1402988,126.9148957,0,simulation
35.1379253,126.9121359,0,simulation
35.1381617,126.9158643,0,simulation
35.1405589,126.9173466,0,simulation
35.1403591,126.9177074,0,simulation
35.1379135,126.9118477,0,synthetic
35.1471145,126.8990307,1,simulation
35.1414097,126.9141318,0,simulation
35.1387264,126.9121257,0,simulation
35.1400287,126.9176911,0,simulation
35.1403818,126.9137107,0,simulation
35.1385441,126.9160282,0,simulation
35.1385953,126.9136899,0,simulation
35.1406616,126.9172024,0,simulation
35.1398154,126.9113556,0,simulation
35.1384417,126.9148147,0,simulation
35.1306385,126.9178087,1,simulation
35.1384614,126.9117796,0,simulation
35.1383227,126.914233,0,simulation
35.1379204,126.9119068,0,simulation
35.1407681,126.9174047,0,synthetic
35.1411632,126.9138062,0,simulation
35.1377437,126.9119257,0,simulation
35.1413085,126.9138713,0,simulation
35.1407053,126.9096657,0,synthetic
35.1381593,126.9156626,0,simulation
35.1381141,126.9119018,0,simulation
35.1391669,126.9112821,0,simulation
35.1388043,126.9143002,0,simulation
35.1395037,126.9144163,0,synthetic
35.1381285,126.9114773,0,simulation
35.1395131,126.9111211,0,simulation
35.1394687,126.9113783,0,simulation
35.1383122,126.9162511,0,simulation
35.1403474,126.9144229,0,simulation
35.1384234,126.9161228,0,simulation
35.1404734,126.914366,0,simulation
35.1382334,126.9151092,0,simulation
35.1409815,126.9145546,0,simulation
35.1391831,126.9120163,0,simulation
35.1381264,126.9159911,0,simulation
35.1402149,126.918129,0,simulation
35.1416287,126.9136296,0,simulation
35.1404852,126.9143034,0,simulation
35.1654252,126.9237286,1,simulation
35.137859,126.9163033,0,simulation
35.1361062,126.9123763,0,synthetic
35.1385346,126.9146718,0,simulation
35.1387744,126.9147934,0,simulation
35.1404003,126.9140503,0,simulation
35.1403253,126.914512,0,simulation
35.139333,126.9111431,0,simulation
35.1410045,126.9172123,0,simulation
35.1391508,126.9110192,0,synthetic
35.1381813,126.9119941,0,simulation
35.1377126,126.9115569,0,simulation
35.1410383,126.913809,0,simulation
35.1377716,126.9163049,0,simulation
35.1385112,126.9156232,0,simulation
35.1592362,126.9209504,1,simulation
35.1396923,126.9107411,0,simulation
35.140762,126.9173136,0,simulation
35.1384862,126.9155622,0,simulation
35.1387522,126.9141403,0,simulation
35.1380074,126.9159735,0,simulation
35.140216,126.9108175,0,simulation
35.1383473,126.9120228,0,simulation
35.143224,126.914277,0,synthetic
35.1382702,126.9154525,0,simulation
35.1389104,126.9143537,0,simulation
35.1385747,126.9153464,0,simulation
35.1385997,126.9116269,0,simulation
35.1388468,126.91161,0,simulation
35.1249326,126.9233775,1,simulation
35.1377043,126.9119166,0,simulation
35.1368122,126.9105149,0,synthetic
35.1416495,126.9144214,0,simulation
35.1387755,126.9160848,0,simulation
35.138255,126.9154984,0,simulation
35.140715,126.9141187,0,simulation
35.1373328,126.9121424,0,simulation
35.1408655,126.9142854,0,simulation
35.1403989,126.9141933,0,simulation
35.1381085,126.9153977,0,simulation
35.1224476,126.9185243,1,simulation
35.1407903,126.9093264,0,synthetic
35.1379556,126.915704,0,simulation
35.1396757,126.9140714,0,simulation
35.138167,126.9159957,0,simulation
35.1378236,126.9123211,0,simulation
35.1415115,126.9139697,0,simulation
35.1382591,126.9122702,0,simulation
35.1380932,126.9155718,0,simulation
35.1382164,126.9117732,0,simulation
35.1372753,126.9114736,0,synthetic
35.1400304,126.9110915,0,simulation
35.1402214,126.9141813,0,simulation
35.2136455,126.9460405,1,synthetic
35.1379282,126.9152375,0,simulation
35.1387933,126.9118879,0,simulation
35.1399125,126.9143087,0,simulation
35.1404513,126.9145628,0,simulation
35.1415155,126.9139152,0,simulation
35.1380808,126.9152206,0,simulation
35.1409016,126.9140917,0,simulation
35.1390458,126.9147521,0,simulation
35.1375222,126.9116316,0,simulation
35.1381866,126.9155397,0,simulation
35.1059568,126.9151178,1,simulation
35.1380379,126.9159218,0,simulation
35.1402656,126.9144265,0,simulation
35.1393416,126.9109777,0,simulation
35.1411724,126.9325237,1,simulation
35.1382533,126.9122805,0,simulation
35.1375509,126.9120228,0,simulation
35.138238,126.9118875,0,simulation
35.1383425,126.9162405,0,simulation
35.0904229,126.9891624,1,synthetic
35.1380521,126.9113608,0,simulation
35.1394301,126.9137137,0,simulation
35.1418303,126.9139939,0,synthetic
35.1400651,126.9146719,0,simulation
35.1405307,126.9169151,0,simulation
35.1380786,126.9154744,0,simulation
35.1387888,126.9148942,0,simulation
35.1388676,126.9119157,0,simulation
35.137926,126.9155907,0,simulation
35.0747876,126.8596166,1,synthetic
35.1390365,126.9144994,0,simulation
35.1380114,126.9123044,0,simulation
35.1386668,126.915362,0,simulation
35.1401471,126.9176698,0,simulation
35.1396922,126.911218,0,simulation
35.1388875,126.9143492,0,simulation
35.1402695,126.9145778,0,synthetic
35.140579,126.9138255,0,simulation
35.1416146,126.9135736,0,simulation
35.1379201,126.911806,0,simulation
35.1371504,126.9057292,1,simulation
35.1382141,126.9148043,0,simulation
35.1384789,126.9140794,0,simulation
35.1371726,126.9115443,0,simulation
35.1380278,126.915598,0,simulation
35.1388274,126.9143876,0,simulation
35.1388434,126.9156055,0,simulation
35.1404676,126.9176371,0,simulation
35.1379915,126.9122496,0,simulation
35.1390574,126.9147034,0,simulation
0.0,0.0,1,synthetic
35.138794,126.9119707,0,synthetic
35.1408897,126.917572,0,simulation
35.1391127,126.9109417,0,synthetic
35.1409377,126.9143558,0,simulation
35.1402346,126.9139569,0,synthetic
35.1410695,126.9175096,0,simulation
35.1374275,126.911795,0,simulation
35.1421251,126.907338,0,synthetic
35.1376799,126.9117689,0,simulation
35.1390227,126.914426,0,simulation
35.1377005,126.911769,0,synthetic
35.1410175,126.9141474,0,simulation
35.1381354,126.9153794,0,simulation
35.140848,126.9121342,0,synthetic
35.1402549,126.9174289,0,simulation
35.1406353,126.9180707,0,simulation
35.1390122,126.9146458,0,simulation
35.1380519,126.9118949,0,simulation
35.1379743,126.9155781,0,simulation
35.1377711,126.915179,0,simulation
35.1416038,126.9138416,0,simulation
35.1402867,126.9175855,0,simulation
35.1379267,126.9120116,0,simulation
35.1391938,126.9139133,0,simulation
35.1387755,126.9163218,0,simulation
35.1399785,126.9176942,0,simulation
35.1407475,126.9140694,0,simulation
35.1385233,126.9147679,0,simulation
35.1402954,126.9141984,0,simulation
35.140224,126.9178337,0,simulation
35.1376566,126.9160474,0,simulation
35.1385816,126.9154888,0,simulation
35.1391994,126.9113733,0,simulation
35.1385714,126.9143864,0,simulation
35.1650402,126.8855118,1,simulation
35.1380006,126.9161829,0,simulation
35.1411111,126.9141282,0,simulation
35.1383999,126.9119153,0,simulation
35.1379719,126.9156975,0,simulation
35.1384939,126.9156695,0,simulation
35.1384117,126.9153177,0,simulation
35.1403605,126.9171189,0,simulation
35.1384458,126.9161299,0,simulation
35.1377909,126.9121388,0,simulation
35.1382609,126.9161025,0,simulation
35.1421998,126.9136545,0,simulation
35.1410185,126.9138833,0,synthetic
35.1382371,126.9144858,0,simulation
35.1417728,126.9144614,0,simulation
35.1378131,126.9117266,0,simulation
35.1407129,126.9149085,0,simulation
35.1407338,126.9138148,0,simulation
35.2474373,126.8112201,1,synthetic
35.1390444,126.9147406,0,simulation
35.1379341,126.9117097,0,simulation
35.1391686,126.9146115,0,simulation
35.1390759,126.9109814,0,simulation
35.1381,126.9117872,0,simulation
35.1385489,126.912054,0,simulation
35.1378564,126.9119809,0,simulation
35.1424465,126.9136893,0,simulation
35.1400906,126.9176651,0,simulation
35.1381211,126.915881,0,simulation
35.1396178,126.9110607,0,simulation
35.1396253,126.911209,0,simulation
35.1394921,126.9114152,0,simulation
35.1408792,126.9180643,0,simulation
35.1376965,126.912136,0,simulation
35.1394627,126.9109358,0,simulation
35.1374647,126.9114236,0,simulation
35.1385414,126.9163884,0,simulation
35.1385779,126.9137327,0,simulation
35.1385017,126.9121926,0,simulation
35.1593842,126.8836603,1,simulation
35.1379652,126.9120163,0,simulation
35.1409093,126.9143053,0,simulation
35.1391276,126.9116775,0,simulation
35.1379838,126.9118652,0,simulation
35.1154036,126.9406101,1,simulation
35.1383943,126.9161615,0,simulation
35.1380921,126.9114657,0,simulation
35.1406608,126.9139407,0,simulation
35.1410541,126.9131158,0,synthetic
35.1376879,126.9119862,0,synthetic
35.1401601,126.9177457,0,simulation
35.1379952,126.9120771,0,simulation
35.1391156,126.91499,0,simulation
35.1382019,126.915445,0,synthetic
35.1408419,126.9142917,0,simulation
35.1412372,126.9142329,0,simulation
35.138701,126.9148866,0,simulation
35.1405933,126.9140472,0,simulation
35.1795594,126.8769969,1,simulation
35.1382951,126.9118917,0,simulation
35.1399912,126.91201,0,simulation
35.1384168,126.9158791,0,simulation
35.1395541,126.911311,0,simulation
35.1401783,126.9175037,0,simulation
35.1379268,126.9149858,0,simulation
35.1401588,126.9146213,0,simulation
35.1411758,126.9139883,0,simulation
35.1394976,126.9108455,0,simulation
35.1265648,126.9095744,1,simulation
35.1385791,126.9156094,0,simulation
35.1383012,126.9143365,0,simulation
35.138287,126.9121874,0,simulation
35.1377095,126.9159375,0,simulation
35.1382593,126.9161646,0,simulation
35.1382526,126.9125911,0,simulation
35.1383912,126.9156613,0,synthetic
35.1380466,126.9118736,0,simulation
35.1406367,126.9177065,0,simulation
35.120386,126.9414476,1,synthetic
35.1392719,126.9128198,0,synthetic
35.1379799,126.9161721,0,simulation
35.1392872,126.9113298,0,simulation
35.1378857,126.9158453,0,simulation
35.1392444,126.9113498,0,simulation
35.1384931,126.9157628,0,simulation
35.1376436,126.9116961,0,simulation
35.1380618,126.9116043,0,simulation
35.1407622,126.9176985,0,simulation
35.1392416,126.9141412,0,simulation
35.1382359,126.912131,0,simulation
35.1405901,126.9143343,0,simulation
35.1384218,126.911301,0,simulation
35.1402721,126.9177291,0,simulation
35.1381289,126.915793,0,simulation
35.1382634,126.9117451,0,simulation
35.140611,126.9137973,0,simulation
35.1384841,126.9147248,0,simulation
35.1416831,126.9139102,0,simulation
35.1373531,126.912081,0,simulation
35.1380509,126.915776,0,simulation
35.138714,126.9142335,0,synthetic
35.139382,126.9108374,0,simulation
35.1405755,126.9140367,0,simulation
35.1398382,126.9140932,0,simulation
35.138003,126.9160875,0,simulation
35.1389149,126.9139535,0,simulation
35.1401655,126.9169726,0,synthetic
35.1379013,126.9160901,0,simulation
35.1401278,126.9146614,0,simulation
35.1408051,126.9173446,0,synthetic
35.0849074,126.991019,1,synthetic
35.1412547,126.9135815,0,simulation
35.1393311,126.9104556,0,simulation
35.1407511,126.9144483,0,simulation
35.1384104,126.9156641,0,simulation
35.1381115,126.9162246,0,simulation
35.1381834,126.9117047,0,simulation
35.1402168,126.9144272,0,simulation
35.138597,126.9141754,0,simulation
35.1384843,126.912008,0,simulation
35.1392579,126.9115197,0,simulation
35.1376811,126.9120187,0,simulation
35.138052,126.9163134,0,simulation
35.1390158,126.9112234,0,simulation
35.1382029,126.9120881,0,simulation
35.1312407,126.9069477,1,simulation
35.1378056,126.9118384,0,simulation
35.1389775,126.9145759,0,simulation
35.1400617,126.9144495,0,simulation
35.161834,126.9062331,1,simulation
35.1403797,126.9142385,0,simulation
35.138005,126.9154815,0,simulation
35.1416244,126.9143388,0,simulation
35.138339,126.9158179,0,simulation
35.1392956,126.9112375,0,simulation
35.1381282,126.911702,0,simulation
35.1379154,126.9120391,0,simulation
35.1390091,126.9106395,0,simulation
35.1379131,126.9116018,0,simulation
35.129807,126.925737,1,simulation
35.1412901,126.914071,0,simulation
35.140749,126.917453,0,simulation
35.138402,126.9119332,0,simulation
35.1409472,126.9179667,0,simulation
35.1376021,126.9119411,0,simulation
35.1382741,126.9159305,0,simulation
35.1412542,126.9139509,0,simulation
35.1404414,126.9179269,0,simulation
35.1415518,126.914206,0,simulation
35.139032,126.9113308,0,simulation
35.1379959,126.9156848,0,simulation
35.1379834,126.9119858,0,simulation
35.1376627,126.9115952,0,simulation
35.1395613,126.9114385,0,simulation
35.1407383,126.9173693,0,simulation
35.1385963,126.9119665,0,simulation
35.1395569,126.9112627,0,simulation
35.1379723,126.9157904,0,simulation
35.1384566,126.9118585,0,simulation
35.141099,126.9138153,0,simulation
35.1408822,126.913973,0,simulation
35.1383716,126.915523,0,simulation
35.1378678,126.9156159,0,simulation
35.1405625,126.917708,0,simulation
35.1518419,126.921072,1,simulation
35.1386127,126.9156862,0,simulation
35.1388112,126.9112226,0,simulation
35.1415521,126.9143594,0,simulation
35.1401913,126.9134936,0,synthetic
35.1404129,126.9144277,0,simulation
35.1393169,126.914299,0,simulation
35.1403543,126.9142459,0,simulation
35.1398089,126.9145673,0,simulation
35.1380655,126.915624,0,simulation
35.1146532,126.9469087,1,synthetic
35.1393293,126.9113285,0,simulation
35.139326,126.9110363,0,simulation
35.1260921,126.8783227,1,simulation
35.138988,126.9146197,0,simulation
35.1404052,126.917729,0,simulation
35.1379886,126.9157508,0,simulation
35.1382941,126.9158534,0,simulation
35.1407722,126.9144272,0,simulation
35.1328667,126.927223,1,simulation
35.1382571,126.9150835,0,simulation
35.1408109,126.9170936,0,simulation
35.1404762,126.917639,0,simulation
35.1382993,126.9115802,0,simulation
35.13903,126.9140994,0,simulation
35.1382205,126.9151357,0,simulation
35.1405105,126.918122,0,simulation
35.1387616,126.9161209,0,simulation
35.1405969,126.9176349,0,simulation
35.1382284,126.9151336,0,simulation
35.1400333,126.9141699,0,simulation
35.1386998,126.9159103,0,simulation
35.1410146,126.9140101,0,simulation
35.1378024,126.9119224,0,simulation
35.1378883,126.9121962,0,synthetic
35.1380598,126.9155755,0,simulation
35.1406925,126.917218,0,simulation
35.1381344,126.9152776,0,simulation
35.1374112,126.9116521,0,simulation
35.1376763,126.9121012,0,simulation
35.1378463,126.9117872,0,simulation
35.1384731,126.916186,0,simulation
35.1379169,126.9116659,0,simulation
35.1412832,126.9138459,0,simulation
35.1381502,126.9153812,0,simulation
35.1405471,126.9178359,0,simulation
35.1380192,126.9159168,0,simulation
35.1405757,126.9174867,0,simulation
35.1383718,126.9152334,0,simulation
35.1415466,126.9137525,0,simulation
35.1385343,126.914451,0,simulation
35.1382395,126.9139167,0,simulation
35.1379605,126.9156952,0,simulation
35.138256,126.9153118,0,simulation
35.1393227,126.9116349,0,simulation
35.1373759,126.9154474,0,simulation
35.1381272,126.9163691,0,simulation
35.1387577,126.914254,0,simulation
35.138279,126.9120865,0,simulation
35.1425741,126.9557882,1,simulation
35.138386,126.916007,0,simulation
35.1383591,126.911742,0,simulation
35.1371203,126.9117506,0,simulation
35.1403622,126.9140458,0,simulation
35.1397469,126.9113226,0,simulation
35.1394638,126.9118121,0,simulation
35.1378827,126.9162976,0,simulation
35.1392403,126.9108166,0,synthetic
35.1380361,126.9157961,0,simulation
35.1412298,126.9139495,0,simulation
35.1395615,126.9109078,0,simulation
35.1391921,126.9115471,0,simulation
35.1384584,126.9120903,0,simulation
35.1387278,126.9119034,0,simulation
35.1383479,126.9153497,0,simulation
35.1383584,126.911275,0,simulation
35.1408378,126.9141559,0,simulation
35.1391956,126.9111186,0,simulation
35.1389523,126.9143102,0,simulation
35.2033751,127.0015997,1,synthetic
35.1383081,126.9155527,0,simulation
35.1381729,126.9158647,0,simulation
35.1382581,126.9155624,0,simulation
35.1381178,126.9117483,0,simulation
35.1412864,126.9140837,0,simulation
35.1406636,126.9175886,0,simulation
35.1406961,126.9177108,0,simulation
35.0999122,126.9317521,1,simulation
35.1381848,126.9148108,0,simulation
35.138539,126.914641,0,simulation
35.1403997,126.9141691,0,simulation
35.138413,126.9117485,0,simulation
35.1384695,126.9115026,0,simulation
35.1404438,126.9144282,0,simulation
35.1391263,126.9144963,0,simulation
35.138382,126.9118067,0,simulation
35.1405442,126.9142351,0,simulation
35.1380898,126.9118702,0,simulation
35.1378904,126.9162759,0,simulation
35.1402887,126.91003,0,synthetic
35.1413361,126.9139572,0,simulation
35.1414662,126.9132001,0,simulation
35.1380602,126.9150009,0,simulation
35.1401694,126.9137938,0,simulation
35.1380415,126.9155868,0,simulation
35.1396658,126.9112855,0,simulation
35.1413695,126.9140253,0,simulation
35.2131461,126.8958357,1,synthetic
35.1481719,126.9088722,1,simulation
35.1380125,126.915754,0,simulation
35.1379971,126.9116781,0,simulation
35.1386644,126.9119714,0,simulation
35.1379977,126.9161309,0,simulation
35.1382967,126.9154826,0,simulation
35.1380085,126.9120988,0,simulation
35.1406555,126.91464,0,simulation
35.1381579,126.9155466,0,simulation
35.1324352,126.9546456,1,simulation
35.1421882,126.9122844,0,synthetic
35.1375009,126.9119731,0,simulation
35.1375639,126.9115742,0,simulation
35.1382606,126.9146409,0,simulation
35.0565185,126.8167445,1,synthetic
35.1404327,126.9140425,0,simulation
35.1393802,126.9107299,0,simulation
35.1398863,126.9108011,0,synthetic
35.1385403,126.9124414,0,simulation
35.1376688,126.9118328,0,simulation
35.1407122,126.9142535,0,simulation
35.1384697,126.9159978,0,simulation
35.1381422,126.9118241,0,synthetic
35.1384688,126.9158804,0,simulation
35.1402218,126.9142288,0,simulation
35.1379619,126.9117373,0,simulation
35.1377751,126.9158189,0,simulation
35.136618,126.9086128,0,synthetic
35.1410762,126.913692,0,synthetic
35.1391345,126.9110395,0,synthetic
35.1380354,126.9116408,0,simulation
35.1381248,126.9148473,0,simulation
35.140856,126.9141957,0,simulation
35.1377288,126.9154753,0,simulation
35.1378322,126.9116941,0,simulation
35.1390367,126.9113838,0,simulation
35.1385127,126.9155968,0,simulation
35.1406392,126.9144974,0,simulation
35.1377508,126.9162169,0,simulation
35.1403839,126.9145681,0,simulation
35.1406243,126.914371,0,simulation
35.1409435,126.9144881,0,simulation
35.1378574,126.9155688,0,simulation
35.1384606,126.9160196,0,simulation
35.1393337,126.9113095,0,simulation
35.1385704,126.9139399,0,simulation
35.1412889,126.9140845,0,simulation
35.1383739,126.9121165,0,simulation
35.1390749,126.9144697,0,synthetic
35.1388861,126.9155717,0,simulation
35.1394585,126.9113569,0,simulation
35.1384836,126.9135222,0,simulation
35.1377854,126.9122677,0,simulation
35.138451,126.9120403,0,simulation
35.1396562,126.9110784,0,simulation
35.1401944,126.9176103,0,simulation
35.1400916,126.9132801,0,simulation
35.1381829,126.911831,0,simulation
35.1378891,126.9158439,0,simulation
35.138655,126.9140471,0,simulation
35.1390106,126.9148515,0,simulation
35.1387188,126.9141356,0,simulation
35.1398052,126.9138571,0,simulation
35.1379087,126.9120602,0,simulation
35.1405075,126.9174957,0,simulation
35.1405082,126.9737396,1,simulation
35.1407907,126.9173817,0,simulation
35.1396196,126.9116704,0,simulation
35.1407031,126.9173839,0,synthetic
35.1378821,126.9156422,0,simulation
35.139314,126.9422947,1,simulation
35.1384373,126.9116717,0,simulation
35.1379487,126.9120388,0,simulation
35.1403886,126.914068,0,simulation
35.1611669,126.9270209,1,simulation
35.1404308,126.9178177,0,simulation
35.1386732,126.9160832,0,simulation
35.1385588,126.9099951,0,synthetic
35.140472,126.9140868,0,simulation
35.1396659,126.9110213,0,simulation
35.1399862,126.914472,0,simulation
35.1404604,126.9140617,0,simulation
35.1382554,126.9116085,0,simulation
35.1382147,126.9152358,0,simulation
35.1393829,126.9106476,0,simulation
35.1378737,126.9119884,0,simulation
35.140663,126.9144929,0,simulation
35.1407442,126.9173339,0,simulation
35.1406828,126.9174372,0,simulation
35.1398736,126.9111857,0,simulation
35.1396203,126.9110119,0,simulation
35.1390798,126.9115822,0,synthetic
35.1409065,126.9142612,0,simulation
35.1391152,126.914351,0,simulation
35.1413079,126.9139444,0,simulation
35.138357,126.9157923,0,simulation
35.1401433,126.9140101,0,simulation
35.1394642,126.9116118,0,simulation
35.1403158,126.9140653,0,simulation
35.140393,126.9176856,0,simulation
35.1412245,126.9138023,0,simulation
35.138767,126.9143322,0,simulation
35.1392945,126.9110564,0,synthetic
35.138695,126.9158798,0,simulation
35.1408307,126.9144438,0,simulation
35.1407257,126.9146246,0,simulation
35.1392304,126.9110619,0,simulation
35.1378175,126.9119978,0,simulation
35.1382179,126.9164799,0,simulation
35.1378383,126.9162475,0,simulation
35.1391753,126.9143461,0,simulation
35.1406105,126.9177692,0,simulation
35.138533,126.915719,0,simulation
35.1389375,126.9161032,0,simulation
35.1413026,126.9120928,0,synthetic
35.1386454,126.9117089,0,simulation
35.1388621,126.9118229,0,simulation
35.1385277,126.9158644,0,simulation
35.1381498,126.9152855,0,simulation
35.137275,126.9121252,0,simulation
35.1385997,126.9109797,0,simulation
35.1407945,126.9174929,0,simulation
35.1703398,126.9049516,1,simulation
35.1418877,126.9142803,0,simulation
35.1384685,126.9147398,0,simulation
35.138532,126.916215,0,simulation
35.1380181,126.9155264,0,simulation
35.1401306,126.9181853,0,simulation
35.138682,126.9120299,0,simulation
35.1382269,126.91611,0,simulation
35.1385122,126.9158525,0,simulation
35.1416869,126.9139984,0,simulation
35.1378206,126.9152079,0,simulation
35.1375441,126.9117292,0,simulation
35.1382427,126.9118388,0,simulation
35.1380088,126.9142323,0,simulation
35.1408685,126.9172266,0,simulation
35.1383832,126.9117502,0,simulation
35.140864,126.9143555,0,simulation
35.1378631,126.9154113,0,simulation
35.1386768,126.9157095,0,simulation
35.1385951,126.9146702,0,simulation
35.1379849,126.9157881,0,simulation
35.137621,126.9120949,0,simulation
35.1381824,126.9117252,0,simulation
35.1404743,126.9139019,0,simulation
35.1402126,126.9172599,0,simulation
35.1394889,126.9112367,0,simulation
35.1404431,126.9179719,0,simulation
35.1405291,126.9176319,0,simulation
35.1714256,126.9410969,1,simulation
35.1380262,126.9112085,0,simulation
35.138597,126.9114637,0,simulation
35.1381065,126.9119232,0,simulation
35.138481,126.9159638,0,simulation
35.1386042,126.9143328,0,simulation
35.1378456,126.9118025,0,simulation
35.1379035,126.9161096,0,simulation
35.1400615,126.914486,0,simulation
35.1403603,126.9144743,0,simulation
35.1405111,126.9172958,0,simulation
35.1379159,126.9117506,0,simulation
35.1417656,126.9141152,0,simulation
35.1394712,126.9113866,0,simulation
35.1381544,126.915821,0,simulation
35.1379898,126.9121296,0,simulation
35.1383168,126.9153631,0,simulation
35.1373846,126.915701,0,simulation
35.1383358,126.914053,0,simulation
35.13674,126.915768,0,synthetic
35.138599,126.914548,0,simulation
35.1388664,126.9122581,0,simulation
35.1400549,126.9139487,0,simulation
35.1927173,127.048202,1,synthetic
35.1393276,126.9108328,0,simulation
35.1388565,126.9145747,0,simulation
35.1416459,126.9137521,0,simulation
35.1408138,126.9172826,0,simulation
35.1402327,126.9143511,0,simulation
35.1386697,126.9153521,0,simulation
35.1388464,126.9145377,0,simulation
35.1414834,126.9147929,0,simulation
35.1401216,126.9144476,0,simulation
35.1405184,126.9173804,0,simulation
35.1379599,126.9157261,0,simulation
35.1380049,126.9120505,0,simulation
35.1394615,126.9110759,0,simulation
35.1389059,126.9145037,0,simulation
35.1383165,126.911992,0,simulation
35.1390603,126.9142429,0,simulation
35.1399196,126.9179957,0,simulation
35.1411329,126.9177682,0,simulation
35.1383571,126.9156278,0,simulation
35.1393986,126.9113929,0,simulation
35.1404295,126.9141728,0,simulation
35.1387073,126.9143925,0,synthetic
35.0635055,126.9280607,1,synthetic
35.138585,126.9157942,0,simulation
35.138081,126.9154159,0,simulation
35.1410511,126.9173165,0,simulation
35.1387507,126.9126775,0,simulation
35.1395852,126.9109772,0,simulation
35.1380945,126.9153066,0,simulation
35.1386395,126.9146516,0,simulation
35.1381392,126.9164843,0,simulation
35.140358,126.914169,0,simulation
35.138485,126.9163984,0,simulation
